qa_status,acceptable,rejection_reason,reviewer_notes,question_id,skill_id,band,level,phase,target_word,question_type,sentence_with_blank,full_sentence,correct_answer,answer_choices,image_path,image_preview_path,image_role,image_policy,replacement_needed,kimi_prompt
no_image_required,,,,HFWQ-0001,hfw_1_25,HFW 1-25,1,1,the,multiple_choice,___ dog slept under my chair.,The dog slept under my chair.,the,is | for | said | the,,,,no_image,N,"Create one clean child-friendly LiteracyPath cartoon scene matching this exact sentence: ""The dog slept under my chair."". No embedded text, labels, signs, watermarks, logos, photorealism, rainbow/babyish style, AI slop, extra hands/fingers/limbs, or distorted faces."
no_image_required,,,,HFWQ-0002,hfw_1_25,HFW 1-25,1,2,the,multiple_choice,___ moon shone above our house.,The moon shone above our house.,the,look | for | said | the,,,,no_image,N,"Create one clean child-friendly LiteracyPath cartoon scene matching this exact sentence: ""The moon shone above our house."". No embedded text, labels, signs, watermarks, logos, photorealism, rainbow/babyish style, AI slop, extra hands/fingers/limbs, or distorted faces."
no_image_required,,,,HFWQ-0003,hfw_1_25,HFW 1-25,1,2,the,multiple_choice,___ red ball rolled away.,The red ball rolled away.,the,look | come | the | said,,,,no_image,N,"Create one clean child-friendly LiteracyPath cartoon scene matching this exact sentence: ""The red ball rolled away."". No embedded text, labels, signs, watermarks, logos, photorealism, rainbow/babyish style, AI slop, extra hands/fingers/limbs, or distorted faces."
no_image_required,,,,HFWQ-0004,hfw_1_25,HFW 1-25,2,1,the,hfw_sentence_spell,___ small bird sat quietly.,The small bird sat quietly.,the,,,,,no_image,N,"Create one clean child-friendly LiteracyPath cartoon scene matching this exact sentence: ""The small bird sat quietly."". No embedded text, labels, signs, watermarks, logos, photorealism, rainbow/babyish style, AI slop, extra hands/fingers/limbs, or distorted faces."
no_image_required,,,,HFWQ-0005,hfw_1_25,HFW 1-25,2,2,the,hfw_sentence_spell,___ bus stopped beside us.,The bus stopped beside us.,the,,,,,no_image,N,"Create one clean child-friendly LiteracyPath cartoon scene matching this exact sentence: ""The bus stopped beside us."". No embedded text, labels, signs, watermarks, logos, photorealism, rainbow/babyish style, AI slop, extra hands/fingers/limbs, or distorted faces."
no_image_required,,,,HFWQ-0006,hfw_1_25,HFW 1-25,2,2,the,hfw_sentence_spell,___ kitten jumped onto my lap.,The kitten jumped onto my lap.,the,,,,,no_image,N,"Create one clean child-friendly LiteracyPath cartoon scene matching this exact sentence: ""The kitten jumped onto my lap."". No embedded text, labels, signs, watermarks, logos, photorealism, rainbow/babyish style, AI slop, extra hands/fingers/limbs, or distorted faces."
no_image_required,,,,HFWQ-0007,hfw_1_25,HFW 1-25,1,1,of,multiple_choice,A cup ___ milk sat on the table.,A cup of milk sat on the table.,of,number | people | of | you,,,,no_image,N,"Create one clean child-friendly LiteracyPath cartoon scene matching this exact sentence: ""A cup of milk sat on the table."". No embedded text, labels, signs, watermarks, logos, photorealism, rainbow/babyish style, AI slop, extra hands/fingers/limbs, or distorted faces."
no_image_required,,,,HFWQ-0008,hfw_1_25,HFW 1-25,1,2,of,multiple_choice,The top ___ the box was open.,The top of the box was open.,of,people | of | water | number,,,,no_image,N,"Create one clean child-friendly LiteracyPath cartoon scene matching this exact sentence: ""The top of the box was open."". No embedded text, labels, signs, watermarks, logos, photorealism, rainbow/babyish style, AI slop, extra hands/fingers/limbs, or distorted faces."
no_image_required,,,,HFWQ-0009,hfw_1_25,HFW 1-25,1,2,of,multiple_choice,A group ___ birds flew away.,A group of birds flew away.,of,look | of | people | water,,,,no_image,N,"Create one clean child-friendly LiteracyPath cartoon scene matching this exact sentence: ""A group of birds flew away."". No embedded text, labels, signs, watermarks, logos, photorealism, rainbow/babyish style, AI slop, extra hands/fingers/limbs, or distorted faces."
no_image_required,,,,HFWQ-0010,hfw_1_25,HFW 1-25,2,1,of,hfw_sentence_spell,The sound ___ rain filled the room.,The sound of rain filled the room.,of,,,,,no_image,N,"Create one clean child-friendly LiteracyPath cartoon scene matching this exact sentence: ""The sound of rain filled the room."". No embedded text, labels, signs, watermarks, logos, photorealism, rainbow/babyish style, AI slop, extra hands/fingers/limbs, or distorted faces."
no_image_required,,,,HFWQ-0011,hfw_1_25,HFW 1-25,2,2,of,hfw_sentence_spell,A slice ___ cake was on the plate.,A slice of cake was on the plate.,of,,,,,no_image,N,"Create one clean child-friendly LiteracyPath cartoon scene matching this exact sentence: ""A slice of cake was on the plate."". No embedded text, labels, signs, watermarks, logos, photorealism, rainbow/babyish style, AI slop, extra hands/fingers/limbs, or distorted faces."
no_image_required,,,,HFWQ-0012,hfw_1_25,HFW 1-25,2,2,of,hfw_sentence_spell,The front ___ the bus was yellow.,The front of the bus was yellow.,of,,,,,no_image,N,"Create one clean child-friendly LiteracyPath cartoon scene matching this exact sentence: ""The front of the bus was yellow."". No embedded text, labels, signs, watermarks, logos, photorealism, rainbow/babyish style, AI slop, extra hands/fingers/limbs, or distorted faces."
no_image_required,,,,HFWQ-0013,hfw_1_25,HFW 1-25,1,1,and,multiple_choice,Mom ___ Dad waved goodbye.,Mom and Dad waved goodbye.,and,and | people | you | number,,,,no_image,N,"Create one clean child-friendly LiteracyPath cartoon scene matching this exact sentence: ""Mom and Dad waved goodbye."". No embedded text, labels, signs, watermarks, logos, photorealism, rainbow/babyish style, AI slop, extra hands/fingers/limbs, or distorted faces."
no_image_required,,,,HFWQ-0014,hfw_1_25,HFW 1-25,1,2,and,multiple_choice,The cat ___ dog slept together.,The cat and dog slept together.,and,number | water | people | and,,,,no_image,N,"Create one clean child-friendly LiteracyPath cartoon scene matching this exact sentence: ""The cat and dog slept together."". No embedded text, labels, signs, watermarks, logos, photorealism, rainbow/babyish style, AI slop, extra hands/fingers/limbs, or distorted faces."
no_image_required,,,,HFWQ-0015,hfw_1_25,HFW 1-25,1,2,and,multiple_choice,I picked up my bag ___ coat.,I picked up my bag and coat.,and,water | and | look | people,,,,no_image,N,"Create one clean child-friendly LiteracyPath cartoon scene matching this exact sentence: ""I picked up my bag and coat."". No embedded text, labels, signs, watermarks, logos, photorealism, rainbow/babyish style, AI slop, extra hands/fingers/limbs, or distorted faces."
no_image_required,,,,HFWQ-0016,hfw_1_25,HFW 1-25,2,1,and,hfw_sentence_spell,Sam ran ___ jumped over the log.,Sam ran and jumped over the log.,and,,,,,no_image,N,"Create one clean child-friendly LiteracyPath cartoon scene matching this exact sentence: ""Sam ran and jumped over the log."". No embedded text, labels, signs, watermarks, logos, photorealism, rainbow/babyish style, AI slop, extra hands/fingers/limbs, or distorted faces."
no_image_required,,,,HFWQ-0017,hfw_1_25,HFW 1-25,2,2,and,hfw_sentence_spell,The sun rose ___ the birds sang.,The sun rose and the birds sang.,and,,,,,no_image,N,"Create one clean child-friendly LiteracyPath cartoon scene matching this exact sentence: ""The sun rose and the birds sang."". No embedded text, labels, signs, watermarks, logos, photorealism, rainbow/babyish style, AI slop, extra hands/fingers/limbs, or distorted faces."
no_image_required,,,,HFWQ-0018,hfw_1_25,HFW 1-25,2,2,and,hfw_sentence_spell,We ate soup ___ bread for lunch.,We ate soup and bread for lunch.,and,,,,,no_image,N,"Create one clean child-friendly LiteracyPath cartoon scene matching this exact sentence: ""We ate soup and bread for lunch."". No embedded text, labels, signs, watermarks, logos, photorealism, rainbow/babyish style, AI slop, extra hands/fingers/limbs, or distorted faces."
no_image_required,,,,HFWQ-0019,hfw_1_25,HFW 1-25,1,1,a,multiple_choice,I saw ___ bird on the fence.,I saw a bird on the fence.,a,said | is | for | a,,,,no_image,N,"Create one clean child-friendly LiteracyPath cartoon scene matching this exact sentence: ""I saw a bird on the fence."". No embedded text, labels, signs, watermarks, logos, photorealism, rainbow/babyish style, AI slop, extra hands/fingers/limbs, or distorted faces."
no_image_required,,,,HFWQ-0020,hfw_1_25,HFW 1-25,1,2,a,multiple_choice,She has ___ blue cup.,She has a blue cup.,a,for | said | a | look,,,,no_image,N,"Create one clean child-friendly LiteracyPath cartoon scene matching this exact sentence: ""She has a blue cup."". No embedded text, labels, signs, watermarks, logos, photorealism, rainbow/babyish style, AI slop, extra hands/fingers/limbs, or distorted faces."
no_image_required,,,,HFWQ-0021,hfw_1_25,HFW 1-25,1,2,a,multiple_choice,___ frog jumped into the pond.,A frog jumped into the pond.,a,look | said | come | a,,,,no_image,N,"Create one clean child-friendly LiteracyPath cartoon scene matching this exact sentence: ""A frog jumped into the pond."". No embedded text, labels, signs, watermarks, logos, photorealism, rainbow/babyish style, AI slop, extra hands/fingers/limbs, or distorted faces."
no_image_required,,,,HFWQ-0022,hfw_1_25,HFW 1-25,2,1,a,hfw_sentence_spell,Dad found ___ lost key.,Dad found a lost key.,a,,,,,no_image,N,"Create one clean child-friendly LiteracyPath cartoon scene matching this exact sentence: ""Dad found a lost key."". No embedded text, labels, signs, watermarks, logos, photorealism, rainbow/babyish style, AI slop, extra hands/fingers/limbs, or distorted faces."
no_image_required,,,,HFWQ-0023,hfw_1_25,HFW 1-25,2,2,a,hfw_sentence_spell,We made ___ tent with blankets.,We made a tent with blankets.,a,,,,,no_image,N,"Create one clean child-friendly LiteracyPath cartoon scene matching this exact sentence: ""We made a tent with blankets."". No embedded text, labels, signs, watermarks, logos, photorealism, rainbow/babyish style, AI slop, extra hands/fingers/limbs, or distorted faces."
no_image_required,,,,HFWQ-0024,hfw_1_25,HFW 1-25,2,2,a,hfw_sentence_spell,___ small dog ran past me.,A small dog ran past me.,a,,,,,no_image,N,"Create one clean child-friendly LiteracyPath cartoon scene matching this exact sentence: ""A small dog ran past me."". No embedded text, labels, signs, watermarks, logos, photorealism, rainbow/babyish style, AI slop, extra hands/fingers/limbs, or distorted faces."
no_image_required,,,,HFWQ-0025,hfw_1_25,HFW 1-25,1,1,to,multiple_choice,We walked ___ the park.,We walked to the park.,to,number | to | you | people,,,,no_image,N,"Create one clean child-friendly LiteracyPath cartoon scene matching this exact sentence: ""We walked to the park."". No embedded text, labels, signs, watermarks, logos, photorealism, rainbow/babyish style, AI slop, extra hands/fingers/limbs, or distorted faces."
no_image_required,,,,HFWQ-0026,hfw_1_25,HFW 1-25,1,2,to,multiple_choice,I gave the ball ___ Mia.,I gave the ball to Mia.,to,water | to | people | number,,,,no_image,N,"Create one clean child-friendly LiteracyPath cartoon scene matching this exact sentence: ""I gave the ball to Mia."". No embedded text, labels, signs, watermarks, logos, photorealism, rainbow/babyish style, AI slop, extra hands/fingers/limbs, or distorted faces."
no_image_required,,,,HFWQ-0027,hfw_1_25,HFW 1-25,1,2,to,multiple_choice,The cat ran ___ the door.,The cat ran to the door.,to,to | people | water | look,,,,no_image,N,"Create one clean child-friendly LiteracyPath cartoon scene matching this exact sentence: ""The cat ran to the door."". No embedded text, labels, signs, watermarks, logos, photorealism, rainbow/babyish style, AI slop, extra hands/fingers/limbs, or distorted faces."
no_image_required,,,,HFWQ-0028,hfw_1_25,HFW 1-25,2,1,to,hfw_sentence_spell,She went ___ the library.,She went to the library.,to,,,,,no_image,N,"Create one clean child-friendly LiteracyPath cartoon scene matching this exact sentence: ""She went to the library."". No embedded text, labels, signs, watermarks, logos, photorealism, rainbow/babyish style, AI slop, extra hands/fingers/limbs, or distorted faces."
no_image_required,,,,HFWQ-0029,hfw_1_25,HFW 1-25,2,2,to,hfw_sentence_spell,Dad drove ___ the store.,Dad drove to the store.,to,,,,,no_image,N,"Create one clean child-friendly LiteracyPath cartoon scene matching this exact sentence: ""Dad drove to the store."". No embedded text, labels, signs, watermarks, logos, photorealism, rainbow/babyish style, AI slop, extra hands/fingers/limbs, or distorted faces."
no_image_required,,,,HFWQ-0030,hfw_1_25,HFW 1-25,2,2,to,hfw_sentence_spell,He listened ___ the song.,He listened to the song.,to,,,,,no_image,N,"Create one clean child-friendly LiteracyPath cartoon scene matching this exact sentence: ""He listened to the song."". No embedded text, labels, signs, watermarks, logos, photorealism, rainbow/babyish style, AI slop, extra hands/fingers/limbs, or distorted faces."
no_image_required,,,,HFWQ-0031,hfw_1_25,HFW 1-25,1,1,in,multiple_choice,The fish swam ___ the bowl.,The fish swam in the bowl.,in,number | in | people | you,,,,no_image,N,"Create one clean child-friendly LiteracyPath cartoon scene matching this exact sentence: ""The fish swam in the bowl."". No embedded text, labels, signs, watermarks, logos, photorealism, rainbow/babyish style, AI slop, extra hands/fingers/limbs, or distorted faces."
no_image_required,,,,HFWQ-0032,hfw_1_25,HFW 1-25,1,2,in,multiple_choice,My book is ___ the bag.,My book is in the bag.,in,water | number | people | in,,,,no_image,N,"Create one clean child-friendly LiteracyPath cartoon scene matching this exact sentence: ""My book is in the bag."". No embedded text, labels, signs, watermarks, logos, photorealism, rainbow/babyish style, AI slop, extra hands/fingers/limbs, or distorted faces."
no_image_required,,,,HFWQ-0033,hfw_1_25,HFW 1-25,1,2,in,multiple_choice,A frog sat ___ the pond.,A frog sat in the pond.,in,people | in | look | water,,,,no_image,N,"Create one clean child-friendly LiteracyPath cartoon scene matching this exact sentence: ""A frog sat in the pond."". No embedded text, labels, signs, watermarks, logos, photorealism, rainbow/babyish style, AI slop, extra hands/fingers/limbs, or distorted faces."
no_image_required,,,,HFWQ-0034,hfw_1_25,HFW 1-25,2,1,in,hfw_sentence_spell,The spoon is ___ the cup.,The spoon is in the cup.,in,,,,,no_image,N,"Create one clean child-friendly LiteracyPath cartoon scene matching this exact sentence: ""The spoon is in the cup."". No embedded text, labels, signs, watermarks, logos, photorealism, rainbow/babyish style, AI slop, extra hands/fingers/limbs, or distorted faces."
no_image_required,,,,HFWQ-0035,hfw_1_25,HFW 1-25,2,2,in,hfw_sentence_spell,She put blocks ___ the box.,She put blocks in the box.,in,,,,,no_image,N,"Create one clean child-friendly LiteracyPath cartoon scene matching this exact sentence: ""She put blocks in the box."". No embedded text, labels, signs, watermarks, logos, photorealism, rainbow/babyish style, AI slop, extra hands/fingers/limbs, or distorted faces."
no_image_required,,,,HFWQ-0036,hfw_1_25,HFW 1-25,2,2,in,hfw_sentence_spell,The baby slept ___ the crib.,The baby slept in the crib.,in,,,,,no_image,N,"Create one clean child-friendly LiteracyPath cartoon scene matching this exact sentence: ""The baby slept in the crib."". No embedded text, labels, signs, watermarks, logos, photorealism, rainbow/babyish style, AI slop, extra hands/fingers/limbs, or distorted faces."
no_image_required,,,,HFWQ-0037,hfw_1_25,HFW 1-25,1,1,is,multiple_choice,The cat ___ asleep.,The cat is asleep.,is,your | for | is | in,,,,no_image,N,"Create one clean child-friendly LiteracyPath cartoon scene matching this exact sentence: ""The cat is asleep."". No embedded text, labels, signs, watermarks, logos, photorealism, rainbow/babyish style, AI slop, extra hands/fingers/limbs, or distorted faces."
no_image_required,,,,HFWQ-0038,hfw_1_25,HFW 1-25,1,2,is,multiple_choice,My cup ___ blue.,My cup is blue.,is,in | number | for | is,,,,no_image,N,"Create one clean child-friendly LiteracyPath cartoon scene matching this exact sentence: ""My cup is blue."". No embedded text, labels, signs, watermarks, logos, photorealism, rainbow/babyish style, AI slop, extra hands/fingers/limbs, or distorted faces."
no_image_required,,,,HFWQ-0039,hfw_1_25,HFW 1-25,1,2,is,multiple_choice,The sun ___ warm.,The sun is warm.,is,water | is | number | for,,,,no_image,N,"Create one clean child-friendly LiteracyPath cartoon scene matching this exact sentence: ""The sun is warm."". No embedded text, labels, signs, watermarks, logos, photorealism, rainbow/babyish style, AI slop, extra hands/fingers/limbs, or distorted faces."
no_image_required,,,,HFWQ-0040,hfw_1_25,HFW 1-25,2,1,is,hfw_sentence_spell,That dog ___ small.,That dog is small.,is,,,,,no_image,N,"Create one clean child-friendly LiteracyPath cartoon scene matching this exact sentence: ""That dog is small."". No embedded text, labels, signs, watermarks, logos, photorealism, rainbow/babyish style, AI slop, extra hands/fingers/limbs, or distorted faces."
no_image_required,,,,HFWQ-0041,hfw_1_25,HFW 1-25,2,2,is,hfw_sentence_spell,The book ___ on the desk.,The book is on the desk.,is,,,,,no_image,N,"Create one clean child-friendly LiteracyPath cartoon scene matching this exact sentence: ""The book is on the desk."". No embedded text, labels, signs, watermarks, logos, photorealism, rainbow/babyish style, AI slop, extra hands/fingers/limbs, or distorted faces."
no_image_required,,,,HFWQ-0042,hfw_1_25,HFW 1-25,2,2,is,hfw_sentence_spell,Her hat ___ red.,Her hat is red.,is,,,,,no_image,N,"Create one clean child-friendly LiteracyPath cartoon scene matching this exact sentence: ""Her hat is red."". No embedded text, labels, signs, watermarks, logos, photorealism, rainbow/babyish style, AI slop, extra hands/fingers/limbs, or distorted faces."
no_image_required,,,,HFWQ-0043,hfw_1_25,HFW 1-25,1,1,you,multiple_choice,___ can sit here.,You can sit here.,you,in | for | said | you,,,,no_image,N,"Create one clean child-friendly LiteracyPath cartoon scene matching this exact sentence: ""You can sit here."". No embedded text, labels, signs, watermarks, logos, photorealism, rainbow/babyish style, AI slop, extra hands/fingers/limbs, or distorted faces."
no_image_required,,,,HFWQ-0044,hfw_1_25,HFW 1-25,1,2,you,multiple_choice,I can see ___.,I can see you.,you,said | for | can | you,,,,no_image,N,"Create one clean child-friendly LiteracyPath cartoon scene matching this exact sentence: ""I can see you."". No embedded text, labels, signs, watermarks, logos, photorealism, rainbow/babyish style, AI slop, extra hands/fingers/limbs, or distorted faces."
no_image_required,,,,HFWQ-0045,hfw_1_25,HFW 1-25,1,2,you,multiple_choice,___ have a red backpack.,You have a red backpack.,you,said | you | can | number,,,,no_image,N,"Create one clean child-friendly LiteracyPath cartoon scene matching this exact sentence: ""You have a red backpack."". No embedded text, labels, signs, watermarks, logos, photorealism, rainbow/babyish style, AI slop, extra hands/fingers/limbs, or distorted faces."
no_image_required,,,,HFWQ-0046,hfw_1_25,HFW 1-25,2,1,you,hfw_sentence_spell,Can ___ open the box?,Can you open the box?,you,,,,,no_image,N,"Create one clean child-friendly LiteracyPath cartoon scene matching this exact sentence: ""Can you open the box?"". No embedded text, labels, signs, watermarks, logos, photorealism, rainbow/babyish style, AI slop, extra hands/fingers/limbs, or distorted faces."
no_image_required,,,,HFWQ-0047,hfw_1_25,HFW 1-25,2,2,you,hfw_sentence_spell,___ are my friend.,You are my friend.,you,,,,,no_image,N,"Create one clean child-friendly LiteracyPath cartoon scene matching this exact sentence: ""You are my friend."". No embedded text, labels, signs, watermarks, logos, photorealism, rainbow/babyish style, AI slop, extra hands/fingers/limbs, or distorted faces."
no_image_required,,,,HFWQ-0048,hfw_1_25,HFW 1-25,2,2,you,hfw_sentence_spell,I gave ___ a sticker.,I gave you a sticker.,you,,,,,no_image,N,"Create one clean child-friendly LiteracyPath cartoon scene matching this exact sentence: ""I gave you a sticker."". No embedded text, labels, signs, watermarks, logos, photorealism, rainbow/babyish style, AI slop, extra hands/fingers/limbs, or distorted faces."
no_image_required,,,,HFWQ-0049,hfw_1_25,HFW 1-25,1,1,that,multiple_choice,___ dog is friendly.,That dog is friendly.,that,said | for | is | that,,,,no_image,N,"Create one clean child-friendly LiteracyPath cartoon scene matching this exact sentence: ""That dog is friendly."". No embedded text, labels, signs, watermarks, logos, photorealism, rainbow/babyish style, AI slop, extra hands/fingers/limbs, or distorted faces."
no_image_required,,,,HFWQ-0050,hfw_1_25,HFW 1-25,1,2,that,multiple_choice,I want ___ book.,I want that book.,that,that | for | said | look,,,,no_image,N,"Create one clean child-friendly LiteracyPath cartoon scene matching this exact sentence: ""I want that book."". No embedded text, labels, signs, watermarks, logos, photorealism, rainbow/babyish style, AI slop, extra hands/fingers/limbs, or distorted faces."
no_image_required,,,,HFWQ-0051,hfw_1_25,HFW 1-25,1,2,that,multiple_choice,___ is my red cup.,That is my red cup.,that,said | that | look | come,,,,no_image,N,"Create one clean child-friendly LiteracyPath cartoon scene matching this exact sentence: ""That is my red cup."". No embedded text, labels, signs, watermarks, logos, photorealism, rainbow/babyish style, AI slop, extra hands/fingers/limbs, or distorted faces."
no_image_required,,,,HFWQ-0052,hfw_1_25,HFW 1-25,2,1,that,hfw_sentence_spell,Look at ___ big cloud.,Look at that big cloud.,that,,,,,no_image,N,"Create one clean child-friendly LiteracyPath cartoon scene matching this exact sentence: ""Look at that big cloud."". No embedded text, labels, signs, watermarks, logos, photorealism, rainbow/babyish style, AI slop, extra hands/fingers/limbs, or distorted faces."
no_image_required,,,,HFWQ-0053,hfw_1_25,HFW 1-25,2,2,that,hfw_sentence_spell,___ bird can fly fast.,That bird can fly fast.,that,,,,,no_image,N,"Create one clean child-friendly LiteracyPath cartoon scene matching this exact sentence: ""That bird can fly fast."". No embedded text, labels, signs, watermarks, logos, photorealism, rainbow/babyish style, AI slop, extra hands/fingers/limbs, or distorted faces."
no_image_required,,,,HFWQ-0054,hfw_1_25,HFW 1-25,2,2,that,hfw_sentence_spell,She found ___ lost sock.,She found that lost sock.,that,,,,,no_image,N,"Create one clean child-friendly LiteracyPath cartoon scene matching this exact sentence: ""She found that lost sock."". No embedded text, labels, signs, watermarks, logos, photorealism, rainbow/babyish style, AI slop, extra hands/fingers/limbs, or distorted faces."
no_image_required,,,,HFWQ-0055,hfw_1_25,HFW 1-25,1,1,it,multiple_choice,___ is raining outside.,It is raining outside.,it,said | it | for | in,,,,no_image,N,"Create one clean child-friendly LiteracyPath cartoon scene matching this exact sentence: ""It is raining outside."". No embedded text, labels, signs, watermarks, logos, photorealism, rainbow/babyish style, AI slop, extra hands/fingers/limbs, or distorted faces."
no_image_required,,,,HFWQ-0056,hfw_1_25,HFW 1-25,1,2,it,multiple_choice,I found ___ under the bed.,I found it under the bed.,it,for | said | it | can,,,,no_image,N,"Create one clean child-friendly LiteracyPath cartoon scene matching this exact sentence: ""I found it under the bed."". No embedded text, labels, signs, watermarks, logos, photorealism, rainbow/babyish style, AI slop, extra hands/fingers/limbs, or distorted faces."
no_image_required,,,,HFWQ-0057,hfw_1_25,HFW 1-25,1,2,it,multiple_choice,___ can jump very high.,It can jump very high.,it,it | said | can | number,,,,no_image,N,"Create one clean child-friendly LiteracyPath cartoon scene matching this exact sentence: ""It can jump very high."". No embedded text, labels, signs, watermarks, logos, photorealism, rainbow/babyish style, AI slop, extra hands/fingers/limbs, or distorted faces."
no_image_required,,,,HFWQ-0058,hfw_1_25,HFW 1-25,2,1,it,hfw_sentence_spell,Please put ___ on the shelf.,Please put it on the shelf.,it,,,,,no_image,N,"Create one clean child-friendly LiteracyPath cartoon scene matching this exact sentence: ""Please put it on the shelf."". No embedded text, labels, signs, watermarks, logos, photorealism, rainbow/babyish style, AI slop, extra hands/fingers/limbs, or distorted faces."
no_image_required,,,,HFWQ-0059,hfw_1_25,HFW 1-25,2,2,it,hfw_sentence_spell,___ was behind the chair.,It was behind the chair.,it,,,,,no_image,N,"Create one clean child-friendly LiteracyPath cartoon scene matching this exact sentence: ""It was behind the chair."". No embedded text, labels, signs, watermarks, logos, photorealism, rainbow/babyish style, AI slop, extra hands/fingers/limbs, or distorted faces."
no_image_required,,,,HFWQ-0060,hfw_1_25,HFW 1-25,2,2,it,hfw_sentence_spell,I like ___ very much.,I like it very much.,it,,,,,no_image,N,"Create one clean child-friendly LiteracyPath cartoon scene matching this exact sentence: ""I like it very much."". No embedded text, labels, signs, watermarks, logos, photorealism, rainbow/babyish style, AI slop, extra hands/fingers/limbs, or distorted faces."
no_image_required,,,,HFWQ-0061,hfw_1_25,HFW 1-25,1,1,he,multiple_choice,___ ran to the bus.,He ran to the bus.,he,for | in | said | he,,,,no_image,N,"Create one clean child-friendly LiteracyPath cartoon scene matching this exact sentence: ""He ran to the bus."". No embedded text, labels, signs, watermarks, logos, photorealism, rainbow/babyish style, AI slop, extra hands/fingers/limbs, or distorted faces."
no_image_required,,,,HFWQ-0062,hfw_1_25,HFW 1-25,1,2,he,multiple_choice,___ has a green hat.,He has a green hat.,he,can | he | said | for,,,,no_image,N,"Create one clean child-friendly LiteracyPath cartoon scene matching this exact sentence: ""He has a green hat."". No embedded text, labels, signs, watermarks, logos, photorealism, rainbow/babyish style, AI slop, extra hands/fingers/limbs, or distorted faces."
no_image_required,,,,HFWQ-0063,hfw_1_25,HFW 1-25,1,2,he,multiple_choice,___ is my brother.,He is my brother.,he,he | can | said | number,,,,no_image,N,"Create one clean child-friendly LiteracyPath cartoon scene matching this exact sentence: ""He is my brother."". No embedded text, labels, signs, watermarks, logos, photorealism, rainbow/babyish style, AI slop, extra hands/fingers/limbs, or distorted faces."
no_image_required,,,,HFWQ-0064,hfw_1_25,HFW 1-25,2,1,he,hfw_sentence_spell,___ found a shiny rock.,He found a shiny rock.,he,,,,,no_image,N,"Create one clean child-friendly LiteracyPath cartoon scene matching this exact sentence: ""He found a shiny rock."". No embedded text, labels, signs, watermarks, logos, photorealism, rainbow/babyish style, AI slop, extra hands/fingers/limbs, or distorted faces."
no_image_required,,,,HFWQ-0065,hfw_1_25,HFW 1-25,2,2,he,hfw_sentence_spell,___ can jump over the rope.,He can jump over the rope.,he,,,,,no_image,N,"Create one clean child-friendly LiteracyPath cartoon scene matching this exact sentence: ""He can jump over the rope."". No embedded text, labels, signs, watermarks, logos, photorealism, rainbow/babyish style, AI slop, extra hands/fingers/limbs, or distorted faces."
no_image_required,,,,HFWQ-0066,hfw_1_25,HFW 1-25,2,2,he,hfw_sentence_spell,___ helped clean the table.,He helped clean the table.,he,,,,,no_image,N,"Create one clean child-friendly LiteracyPath cartoon scene matching this exact sentence: ""He helped clean the table."". No embedded text, labels, signs, watermarks, logos, photorealism, rainbow/babyish style, AI slop, extra hands/fingers/limbs, or distorted faces."
no_image_required,,,,HFWQ-0067,hfw_1_25,HFW 1-25,1,1,was,multiple_choice,The dog ___ under the table.,The dog was under the table.,was,for | your | in | was,,,,no_image,N,"Create one clean child-friendly LiteracyPath cartoon scene matching this exact sentence: ""The dog was under the table."". No embedded text, labels, signs, watermarks, logos, photorealism, rainbow/babyish style, AI slop, extra hands/fingers/limbs, or distorted faces."
no_image_required,,,,HFWQ-0068,hfw_1_25,HFW 1-25,1,2,was,multiple_choice,It ___ cold this morning.,It was cold this morning.,was,for | in | was | number,,,,no_image,N,"Create one clean child-friendly LiteracyPath cartoon scene matching this exact sentence: ""It was cold this morning."". No embedded text, labels, signs, watermarks, logos, photorealism, rainbow/babyish style, AI slop, extra hands/fingers/limbs, or distorted faces."
no_image_required,,,,HFWQ-0069,hfw_1_25,HFW 1-25,1,2,was,multiple_choice,She ___ happy at school.,She was happy at school.,was,for | was | number | water,,,,no_image,N,"Create one clean child-friendly LiteracyPath cartoon scene matching this exact sentence: ""She was happy at school."". No embedded text, labels, signs, watermarks, logos, photorealism, rainbow/babyish style, AI slop, extra hands/fingers/limbs, or distorted faces."
no_image_required,,,,HFWQ-0070,hfw_1_25,HFW 1-25,2,1,was,hfw_sentence_spell,The cake ___ on the plate.,The cake was on the plate.,was,,,,,no_image,N,"Create one clean child-friendly LiteracyPath cartoon scene matching this exact sentence: ""The cake was on the plate."". No embedded text, labels, signs, watermarks, logos, photorealism, rainbow/babyish style, AI slop, extra hands/fingers/limbs, or distorted faces."
no_image_required,,,,HFWQ-0071,hfw_1_25,HFW 1-25,2,2,was,hfw_sentence_spell,He ___ late for class.,He was late for class.,was,,,,,no_image,N,"Create one clean child-friendly LiteracyPath cartoon scene matching this exact sentence: ""He was late for class."". No embedded text, labels, signs, watermarks, logos, photorealism, rainbow/babyish style, AI slop, extra hands/fingers/limbs, or distorted faces."
no_image_required,,,,HFWQ-0072,hfw_1_25,HFW 1-25,2,2,was,hfw_sentence_spell,The sky ___ gray before rain.,The sky was gray before rain.,was,,,,,no_image,N,"Create one clean child-friendly LiteracyPath cartoon scene matching this exact sentence: ""The sky was gray before rain."". No embedded text, labels, signs, watermarks, logos, photorealism, rainbow/babyish style, AI slop, extra hands/fingers/limbs, or distorted faces."
no_image_required,,,,HFWQ-0073,hfw_1_25,HFW 1-25,1,1,for,multiple_choice,This gift is ___ you.,This gift is for you.,for,people | you | for | number,,,,no_image,N,"Create one clean child-friendly LiteracyPath cartoon scene matching this exact sentence: ""This gift is for you."". No embedded text, labels, signs, watermarks, logos, photorealism, rainbow/babyish style, AI slop, extra hands/fingers/limbs, or distorted faces."
no_image_required,,,,HFWQ-0074,hfw_1_25,HFW 1-25,1,2,for,multiple_choice,I waited ___ the bus.,I waited for the bus.,for,water | people | number | for,,,,no_image,N,"Create one clean child-friendly LiteracyPath cartoon scene matching this exact sentence: ""I waited for the bus."". No embedded text, labels, signs, watermarks, logos, photorealism, rainbow/babyish style, AI slop, extra hands/fingers/limbs, or distorted faces."
no_image_required,,,,HFWQ-0075,hfw_1_25,HFW 1-25,1,2,for,multiple_choice,She made a card ___ Mom.,She made a card for Mom.,for,for | people | look | water,,,,no_image,N,"Create one clean child-friendly LiteracyPath cartoon scene matching this exact sentence: ""She made a card for Mom."". No embedded text, labels, signs, watermarks, logos, photorealism, rainbow/babyish style, AI slop, extra hands/fingers/limbs, or distorted faces."
no_image_required,,,,HFWQ-0076,hfw_1_25,HFW 1-25,2,1,for,hfw_sentence_spell,We looked ___ the missing ball.,We looked for the missing ball.,for,,,,,no_image,N,"Create one clean child-friendly LiteracyPath cartoon scene matching this exact sentence: ""We looked for the missing ball."". No embedded text, labels, signs, watermarks, logos, photorealism, rainbow/babyish style, AI slop, extra hands/fingers/limbs, or distorted faces."
no_image_required,,,,HFWQ-0077,hfw_1_25,HFW 1-25,2,2,for,hfw_sentence_spell,He saved a seat ___ me.,He saved a seat for me.,for,,,,,no_image,N,"Create one clean child-friendly LiteracyPath cartoon scene matching this exact sentence: ""He saved a seat for me."". No embedded text, labels, signs, watermarks, logos, photorealism, rainbow/babyish style, AI slop, extra hands/fingers/limbs, or distorted faces."
no_image_required,,,,HFWQ-0078,hfw_1_25,HFW 1-25,2,2,for,hfw_sentence_spell,The bowl is ___ soup.,The bowl is for soup.,for,,,,,no_image,N,"Create one clean child-friendly LiteracyPath cartoon scene matching this exact sentence: ""The bowl is for soup."". No embedded text, labels, signs, watermarks, logos, photorealism, rainbow/babyish style, AI slop, extra hands/fingers/limbs, or distorted faces."
no_image_required,,,,HFWQ-0079,hfw_1_25,HFW 1-25,1,1,on,multiple_choice,The book is ___ the desk.,The book is on the desk.,on,number | people | on | you,,,,no_image,N,"Create one clean child-friendly LiteracyPath cartoon scene matching this exact sentence: ""The book is on the desk."". No embedded text, labels, signs, watermarks, logos, photorealism, rainbow/babyish style, AI slop, extra hands/fingers/limbs, or distorted faces."
no_image_required,,,,HFWQ-0080,hfw_1_25,HFW 1-25,1,2,on,multiple_choice,A bird sat ___ the roof.,A bird sat on the roof.,on,people | water | number | on,,,,no_image,N,"Create one clean child-friendly LiteracyPath cartoon scene matching this exact sentence: ""A bird sat on the roof."". No embedded text, labels, signs, watermarks, logos, photorealism, rainbow/babyish style, AI slop, extra hands/fingers/limbs, or distorted faces."
no_image_required,,,,HFWQ-0081,hfw_1_25,HFW 1-25,1,2,on,multiple_choice,She put paint ___ the paper.,She put paint on the paper.,on,look | water | on | people,,,,no_image,N,"Create one clean child-friendly LiteracyPath cartoon scene matching this exact sentence: ""She put paint on the paper."". No embedded text, labels, signs, watermarks, logos, photorealism, rainbow/babyish style, AI slop, extra hands/fingers/limbs, or distorted faces."
no_image_required,,,,HFWQ-0082,hfw_1_25,HFW 1-25,2,1,on,hfw_sentence_spell,The cat slept ___ the mat.,The cat slept on the mat.,on,,,,,no_image,N,"Create one clean child-friendly LiteracyPath cartoon scene matching this exact sentence: ""The cat slept on the mat."". No embedded text, labels, signs, watermarks, logos, photorealism, rainbow/babyish style, AI slop, extra hands/fingers/limbs, or distorted faces."
no_image_required,,,,HFWQ-0083,hfw_1_25,HFW 1-25,2,2,on,hfw_sentence_spell,He wore a hat ___ his head.,He wore a hat on his head.,on,,,,,no_image,N,"Create one clean child-friendly LiteracyPath cartoon scene matching this exact sentence: ""He wore a hat on his head."". No embedded text, labels, signs, watermarks, logos, photorealism, rainbow/babyish style, AI slop, extra hands/fingers/limbs, or distorted faces."
no_image_required,,,,HFWQ-0084,hfw_1_25,HFW 1-25,2,2,on,hfw_sentence_spell,The cup is ___ the table.,The cup is on the table.,on,,,,,no_image,N,"Create one clean child-friendly LiteracyPath cartoon scene matching this exact sentence: ""The cup is on the table."". No embedded text, labels, signs, watermarks, logos, photorealism, rainbow/babyish style, AI slop, extra hands/fingers/limbs, or distorted faces."
no_image_required,,,,HFWQ-0085,hfw_1_25,HFW 1-25,1,1,are,multiple_choice,The apples ___ red.,The apples are red.,are,for | your | in | are,,,,no_image,N,"Create one clean child-friendly LiteracyPath cartoon scene matching this exact sentence: ""The apples are red."". No embedded text, labels, signs, watermarks, logos, photorealism, rainbow/babyish style, AI slop, extra hands/fingers/limbs, or distorted faces."
no_image_required,,,,HFWQ-0086,hfw_1_25,HFW 1-25,1,2,are,multiple_choice,We ___ ready to go.,We are ready to go.,are,for | in | number | are,,,,no_image,N,"Create one clean child-friendly LiteracyPath cartoon scene matching this exact sentence: ""We are ready to go."". No embedded text, labels, signs, watermarks, logos, photorealism, rainbow/babyish style, AI slop, extra hands/fingers/limbs, or distorted faces."
no_image_required,,,,HFWQ-0087,hfw_1_25,HFW 1-25,1,2,are,multiple_choice,The dogs ___ barking.,The dogs are barking.,are,number | for | water | are,,,,no_image,N,"Create one clean child-friendly LiteracyPath cartoon scene matching this exact sentence: ""The dogs are barking."". No embedded text, labels, signs, watermarks, logos, photorealism, rainbow/babyish style, AI slop, extra hands/fingers/limbs, or distorted faces."
no_image_required,,,,HFWQ-0088,hfw_1_25,HFW 1-25,2,1,are,hfw_sentence_spell,My shoes ___ by the door.,My shoes are by the door.,are,,,,,no_image,N,"Create one clean child-friendly LiteracyPath cartoon scene matching this exact sentence: ""My shoes are by the door."". No embedded text, labels, signs, watermarks, logos, photorealism, rainbow/babyish style, AI slop, extra hands/fingers/limbs, or distorted faces."
no_image_required,,,,HFWQ-0089,hfw_1_25,HFW 1-25,2,2,are,hfw_sentence_spell,The birds ___ in the tree.,The birds are in the tree.,are,,,,,no_image,N,"Create one clean child-friendly LiteracyPath cartoon scene matching this exact sentence: ""The birds are in the tree."". No embedded text, labels, signs, watermarks, logos, photorealism, rainbow/babyish style, AI slop, extra hands/fingers/limbs, or distorted faces."
no_image_required,,,,HFWQ-0090,hfw_1_25,HFW 1-25,2,2,are,hfw_sentence_spell,The cookies ___ on the tray.,The cookies are on the tray.,are,,,,,no_image,N,"Create one clean child-friendly LiteracyPath cartoon scene matching this exact sentence: ""The cookies are on the tray."". No embedded text, labels, signs, watermarks, logos, photorealism, rainbow/babyish style, AI slop, extra hands/fingers/limbs, or distorted faces."
no_image_required,,,,HFWQ-0091,hfw_1_25,HFW 1-25,1,1,as,multiple_choice,I worked ___ a helper today.,I worked as a helper today.,as,people | you | as | number,,,,no_image,N,"Create one clean child-friendly LiteracyPath cartoon scene matching this exact sentence: ""I worked as a helper today."". No embedded text, labels, signs, watermarks, logos, photorealism, rainbow/babyish style, AI slop, extra hands/fingers/limbs, or distorted faces."
no_image_required,,,,HFWQ-0092,hfw_1_25,HFW 1-25,1,2,as,multiple_choice,The puppy slept ___ the rain fell.,The puppy slept as the rain fell.,as,as | people | water | number,,,,no_image,N,"Create one clean child-friendly LiteracyPath cartoon scene matching this exact sentence: ""The puppy slept as the rain fell."". No embedded text, labels, signs, watermarks, logos, photorealism, rainbow/babyish style, AI slop, extra hands/fingers/limbs, or distorted faces."
no_image_required,,,,HFWQ-0093,hfw_1_25,HFW 1-25,1,2,as,multiple_choice,She smiled ___ she opened the box.,She smiled as she opened the box.,as,as | water | look | people,,,,no_image,N,"Create one clean child-friendly LiteracyPath cartoon scene matching this exact sentence: ""She smiled as she opened the box."". No embedded text, labels, signs, watermarks, logos, photorealism, rainbow/babyish style, AI slop, extra hands/fingers/limbs, or distorted faces."
no_image_required,,,,HFWQ-0094,hfw_1_25,HFW 1-25,2,1,as,hfw_sentence_spell,He waved ___ the bus left.,He waved as the bus left.,as,,,,,no_image,N,"Create one clean child-friendly LiteracyPath cartoon scene matching this exact sentence: ""He waved as the bus left."". No embedded text, labels, signs, watermarks, logos, photorealism, rainbow/babyish style, AI slop, extra hands/fingers/limbs, or distorted faces."
no_image_required,,,,HFWQ-0095,hfw_1_25,HFW 1-25,2,2,as,hfw_sentence_spell,We listened ___ the teacher read.,We listened as the teacher read.,as,,,,,no_image,N,"Create one clean child-friendly LiteracyPath cartoon scene matching this exact sentence: ""We listened as the teacher read."". No embedded text, labels, signs, watermarks, logos, photorealism, rainbow/babyish style, AI slop, extra hands/fingers/limbs, or distorted faces."
no_image_required,,,,HFWQ-0096,hfw_1_25,HFW 1-25,2,2,as,hfw_sentence_spell,The frog jumped ___ I watched.,The frog jumped as I watched.,as,,,,,no_image,N,"Create one clean child-friendly LiteracyPath cartoon scene matching this exact sentence: ""The frog jumped as I watched."". No embedded text, labels, signs, watermarks, logos, photorealism, rainbow/babyish style, AI slop, extra hands/fingers/limbs, or distorted faces."
no_image_required,,,,HFWQ-0097,hfw_1_25,HFW 1-25,1,1,with,multiple_choice,I played ___ my friend.,I played with my friend.,with,you | people | number | with,,,,no_image,N,"Create one clean child-friendly LiteracyPath cartoon scene matching this exact sentence: ""I played with my friend."". No embedded text, labels, signs, watermarks, logos, photorealism, rainbow/babyish style, AI slop, extra hands/fingers/limbs, or distorted faces."
no_image_required,,,,HFWQ-0098,hfw_1_25,HFW 1-25,1,2,with,multiple_choice,She cut paper ___ scissors.,She cut paper with scissors.,with,water | number | people | with,,,,no_image,N,"Create one clean child-friendly LiteracyPath cartoon scene matching this exact sentence: ""She cut paper with scissors."". No embedded text, labels, signs, watermarks, logos, photorealism, rainbow/babyish style, AI slop, extra hands/fingers/limbs, or distorted faces."
no_image_required,,,,HFWQ-0099,hfw_1_25,HFW 1-25,1,2,with,multiple_choice,The dog ran ___ the boy.,The dog ran with the boy.,with,with | water | look | people,,,,no_image,N,"Create one clean child-friendly LiteracyPath cartoon scene matching this exact sentence: ""The dog ran with the boy."". No embedded text, labels, signs, watermarks, logos, photorealism, rainbow/babyish style, AI slop, extra hands/fingers/limbs, or distorted faces."
no_image_required,,,,HFWQ-0100,hfw_1_25,HFW 1-25,2,1,with,hfw_sentence_spell,He ate soup ___ a spoon.,He ate soup with a spoon.,with,,,,,no_image,N,"Create one clean child-friendly LiteracyPath cartoon scene matching this exact sentence: ""He ate soup with a spoon."". No embedded text, labels, signs, watermarks, logos, photorealism, rainbow/babyish style, AI slop, extra hands/fingers/limbs, or distorted faces."
no_image_required,,,,HFWQ-0101,hfw_1_25,HFW 1-25,2,2,with,hfw_sentence_spell,We built a tower ___ blocks.,We built a tower with blocks.,with,,,,,no_image,N,"Create one clean child-friendly LiteracyPath cartoon scene matching this exact sentence: ""We built a tower with blocks."". No embedded text, labels, signs, watermarks, logos, photorealism, rainbow/babyish style, AI slop, extra hands/fingers/limbs, or distorted faces."
no_image_required,,,,HFWQ-0102,hfw_1_25,HFW 1-25,2,2,with,hfw_sentence_spell,Mom cooked rice ___ peas.,Mom cooked rice with peas.,with,,,,,no_image,N,"Create one clean child-friendly LiteracyPath cartoon scene matching this exact sentence: ""Mom cooked rice with peas."". No embedded text, labels, signs, watermarks, logos, photorealism, rainbow/babyish style, AI slop, extra hands/fingers/limbs, or distorted faces."
no_image_required,,,,HFWQ-0103,hfw_1_25,HFW 1-25,1,1,his,multiple_choice,___ hat is blue.,His hat is blue.,his,for | his | said | is,,,,no_image,N,"Create one clean child-friendly LiteracyPath cartoon scene matching this exact sentence: ""His hat is blue."". No embedded text, labels, signs, watermarks, logos, photorealism, rainbow/babyish style, AI slop, extra hands/fingers/limbs, or distorted faces."
no_image_required,,,,HFWQ-0104,hfw_1_25,HFW 1-25,1,2,his,multiple_choice,He lost ___ pencil.,He lost his pencil.,his,for | said | look | his,,,,no_image,N,"Create one clean child-friendly LiteracyPath cartoon scene matching this exact sentence: ""He lost his pencil."". No embedded text, labels, signs, watermarks, logos, photorealism, rainbow/babyish style, AI slop, extra hands/fingers/limbs, or distorted faces."
no_image_required,,,,HFWQ-0105,hfw_1_25,HFW 1-25,1,2,his,multiple_choice,___ dog likes to run.,His dog likes to run.,his,look | his | come | said,,,,no_image,N,"Create one clean child-friendly LiteracyPath cartoon scene matching this exact sentence: ""His dog likes to run."". No embedded text, labels, signs, watermarks, logos, photorealism, rainbow/babyish style, AI slop, extra hands/fingers/limbs, or distorted faces."
no_image_required,,,,HFWQ-0106,hfw_1_25,HFW 1-25,2,1,his,hfw_sentence_spell,The boy packed ___ lunch.,The boy packed his lunch.,his,,,,,no_image,N,"Create one clean child-friendly LiteracyPath cartoon scene matching this exact sentence: ""The boy packed his lunch."". No embedded text, labels, signs, watermarks, logos, photorealism, rainbow/babyish style, AI slop, extra hands/fingers/limbs, or distorted faces."
no_image_required,,,,HFWQ-0107,hfw_1_25,HFW 1-25,2,2,his,hfw_sentence_spell,___ shoes were muddy.,His shoes were muddy.,his,,,,,no_image,N,"Create one clean child-friendly LiteracyPath cartoon scene matching this exact sentence: ""His shoes were muddy."". No embedded text, labels, signs, watermarks, logos, photorealism, rainbow/babyish style, AI slop, extra hands/fingers/limbs, or distorted faces."
no_image_required,,,,HFWQ-0108,hfw_1_25,HFW 1-25,2,2,his,hfw_sentence_spell,He raised ___ hand.,He raised his hand.,his,,,,,no_image,N,"Create one clean child-friendly LiteracyPath cartoon scene matching this exact sentence: ""He raised his hand."". No embedded text, labels, signs, watermarks, logos, photorealism, rainbow/babyish style, AI slop, extra hands/fingers/limbs, or distorted faces."
no_image_required,,,,HFWQ-0109,hfw_1_25,HFW 1-25,1,1,they,multiple_choice,___ ran across the field.,They ran across the field.,they,in | said | for | they,,,,no_image,N,"Create one clean child-friendly LiteracyPath cartoon scene matching this exact sentence: ""They ran across the field."". No embedded text, labels, signs, watermarks, logos, photorealism, rainbow/babyish style, AI slop, extra hands/fingers/limbs, or distorted faces."
no_image_required,,,,HFWQ-0110,hfw_1_25,HFW 1-25,1,2,they,multiple_choice,___ are playing a game.,They are playing a game.,they,for | they | can | said,,,,no_image,N,"Create one clean child-friendly LiteracyPath cartoon scene matching this exact sentence: ""They are playing a game."". No embedded text, labels, signs, watermarks, logos, photorealism, rainbow/babyish style, AI slop, extra hands/fingers/limbs, or distorted faces."
no_image_required,,,,HFWQ-0111,hfw_1_25,HFW 1-25,1,2,they,multiple_choice,___ found a frog by the pond.,They found a frog by the pond.,they,number | can | they | said,,,,no_image,N,"Create one clean child-friendly LiteracyPath cartoon scene matching this exact sentence: ""They found a frog by the pond."". No embedded text, labels, signs, watermarks, logos, photorealism, rainbow/babyish style, AI slop, extra hands/fingers/limbs, or distorted faces."
no_image_required,,,,HFWQ-0112,hfw_1_25,HFW 1-25,2,1,they,hfw_sentence_spell,___ ate lunch together.,They ate lunch together.,they,,,,,no_image,N,"Create one clean child-friendly LiteracyPath cartoon scene matching this exact sentence: ""They ate lunch together."". No embedded text, labels, signs, watermarks, logos, photorealism, rainbow/babyish style, AI slop, extra hands/fingers/limbs, or distorted faces."
no_image_required,,,,HFWQ-0113,hfw_1_25,HFW 1-25,2,2,they,hfw_sentence_spell,___ built a tall tower.,They built a tall tower.,they,,,,,no_image,N,"Create one clean child-friendly LiteracyPath cartoon scene matching this exact sentence: ""They built a tall tower."". No embedded text, labels, signs, watermarks, logos, photorealism, rainbow/babyish style, AI slop, extra hands/fingers/limbs, or distorted faces."
no_image_required,,,,HFWQ-0114,hfw_1_25,HFW 1-25,2,2,they,hfw_sentence_spell,___ walked to the library.,They walked to the library.,they,,,,,no_image,N,"Create one clean child-friendly LiteracyPath cartoon scene matching this exact sentence: ""They walked to the library."". No embedded text, labels, signs, watermarks, logos, photorealism, rainbow/babyish style, AI slop, extra hands/fingers/limbs, or distorted faces."
no_image_required,,,,HFWQ-0115,hfw_1_25,HFW 1-25,1,1,i,multiple_choice,___ see a red bird.,I see a red bird.,i,in | for | i | said,,,,no_image,N,"Create one clean child-friendly LiteracyPath cartoon scene matching this exact sentence: ""I see a red bird."". No embedded text, labels, signs, watermarks, logos, photorealism, rainbow/babyish style, AI slop, extra hands/fingers/limbs, or distorted faces."
no_image_required,,,,HFWQ-0116,hfw_1_25,HFW 1-25,1,2,i,multiple_choice,___ like my blue shoes.,I like my blue shoes.,i,for | can | said | i,,,,no_image,N,"Create one clean child-friendly LiteracyPath cartoon scene matching this exact sentence: ""I like my blue shoes."". No embedded text, labels, signs, watermarks, logos, photorealism, rainbow/babyish style, AI slop, extra hands/fingers/limbs, or distorted faces."
no_image_required,,,,HFWQ-0117,hfw_1_25,HFW 1-25,1,2,i,multiple_choice,___ can jump high.,I can jump high.,i,said | i | number | can,,,,no_image,N,"Create one clean child-friendly LiteracyPath cartoon scene matching this exact sentence: ""I can jump high."". No embedded text, labels, signs, watermarks, logos, photorealism, rainbow/babyish style, AI slop, extra hands/fingers/limbs, or distorted faces."
no_image_required,,,,HFWQ-0118,hfw_1_25,HFW 1-25,2,1,i,hfw_sentence_spell,___ found a shell.,I found a shell.,i,,,,,no_image,N,"Create one clean child-friendly LiteracyPath cartoon scene matching this exact sentence: ""I found a shell."". No embedded text, labels, signs, watermarks, logos, photorealism, rainbow/babyish style, AI slop, extra hands/fingers/limbs, or distorted faces."
no_image_required,,,,HFWQ-0119,hfw_1_25,HFW 1-25,2,2,i,hfw_sentence_spell,___ need a pencil.,I need a pencil.,i,,,,,no_image,N,"Create one clean child-friendly LiteracyPath cartoon scene matching this exact sentence: ""I need a pencil."". No embedded text, labels, signs, watermarks, logos, photorealism, rainbow/babyish style, AI slop, extra hands/fingers/limbs, or distorted faces."
no_image_required,,,,HFWQ-0120,hfw_1_25,HFW 1-25,2,2,i,hfw_sentence_spell,___ am ready for lunch.,I am ready for lunch.,i,,,,,no_image,N,"Create one clean child-friendly LiteracyPath cartoon scene matching this exact sentence: ""I am ready for lunch."". No embedded text, labels, signs, watermarks, logos, photorealism, rainbow/babyish style, AI slop, extra hands/fingers/limbs, or distorted faces."
no_image_required,,,,HFWQ-0121,hfw_1_25,HFW 1-25,1,1,at,multiple_choice,Look ___ the bird.,Look at the bird.,at,at | you | in | is,,,,no_image,N,"Create one clean child-friendly LiteracyPath cartoon scene matching this exact sentence: ""Look at the bird."". No embedded text, labels, signs, watermarks, logos, photorealism, rainbow/babyish style, AI slop, extra hands/fingers/limbs, or distorted faces."
no_image_required,,,,HFWQ-0122,hfw_1_25,HFW 1-25,1,2,at,multiple_choice,She sat ___ the table.,She sat at the table.,at,for | is | at | in,,,,no_image,N,"Create one clean child-friendly LiteracyPath cartoon scene matching this exact sentence: ""She sat at the table."". No embedded text, labels, signs, watermarks, logos, photorealism, rainbow/babyish style, AI slop, extra hands/fingers/limbs, or distorted faces."
no_image_required,,,,HFWQ-0123,hfw_1_25,HFW 1-25,1,2,at,multiple_choice,We met ___ the park.,We met at the park.,at,is | for | at | go,,,,no_image,N,"Create one clean child-friendly LiteracyPath cartoon scene matching this exact sentence: ""We met at the park."". No embedded text, labels, signs, watermarks, logos, photorealism, rainbow/babyish style, AI slop, extra hands/fingers/limbs, or distorted faces."
no_image_required,,,,HFWQ-0124,hfw_1_25,HFW 1-25,2,1,at,hfw_sentence_spell,He smiled ___ me.,He smiled at me.,at,,,,,no_image,N,"Create one clean child-friendly LiteracyPath cartoon scene matching this exact sentence: ""He smiled at me."". No embedded text, labels, signs, watermarks, logos, photorealism, rainbow/babyish style, AI slop, extra hands/fingers/limbs, or distorted faces."
no_image_required,,,,HFWQ-0125,hfw_1_25,HFW 1-25,2,2,at,hfw_sentence_spell,The dog barked ___ the cat.,The dog barked at the cat.,at,,,,,no_image,N,"Create one clean child-friendly LiteracyPath cartoon scene matching this exact sentence: ""The dog barked at the cat."". No embedded text, labels, signs, watermarks, logos, photorealism, rainbow/babyish style, AI slop, extra hands/fingers/limbs, or distorted faces."
no_image_required,,,,HFWQ-0126,hfw_1_25,HFW 1-25,2,2,at,hfw_sentence_spell,I am good ___ drawing.,I am good at drawing.,at,,,,,no_image,N,"Create one clean child-friendly LiteracyPath cartoon scene matching this exact sentence: ""I am good at drawing."". No embedded text, labels, signs, watermarks, logos, photorealism, rainbow/babyish style, AI slop, extra hands/fingers/limbs, or distorted faces."
no_image_required,,,,HFWQ-0127,hfw_1_25,HFW 1-25,1,1,be,multiple_choice,Please ___ kind.,Please be kind.,be,your | in | be | for,,,,no_image,N,"Create one clean child-friendly LiteracyPath cartoon scene matching this exact sentence: ""Please be kind."". No embedded text, labels, signs, watermarks, logos, photorealism, rainbow/babyish style, AI slop, extra hands/fingers/limbs, or distorted faces."
no_image_required,,,,HFWQ-0128,hfw_1_25,HFW 1-25,1,2,be,multiple_choice,I want to ___ first.,I want to be first.,be,be | in | number | for,,,,no_image,N,"Create one clean child-friendly LiteracyPath cartoon scene matching this exact sentence: ""I want to be first."". No embedded text, labels, signs, watermarks, logos, photorealism, rainbow/babyish style, AI slop, extra hands/fingers/limbs, or distorted faces."
no_image_required,,,,HFWQ-0129,hfw_1_25,HFW 1-25,1,2,be,multiple_choice,The soup will ___ hot.,The soup will be hot.,be,be | for | water | number,,,,no_image,N,"Create one clean child-friendly LiteracyPath cartoon scene matching this exact sentence: ""The soup will be hot."". No embedded text, labels, signs, watermarks, logos, photorealism, rainbow/babyish style, AI slop, extra hands/fingers/limbs, or distorted faces."
no_image_required,,,,HFWQ-0130,hfw_1_25,HFW 1-25,2,1,be,hfw_sentence_spell,You can ___ my helper.,You can be my helper.,be,,,,,no_image,N,"Create one clean child-friendly LiteracyPath cartoon scene matching this exact sentence: ""You can be my helper."". No embedded text, labels, signs, watermarks, logos, photorealism, rainbow/babyish style, AI slop, extra hands/fingers/limbs, or distorted faces."
no_image_required,,,,HFWQ-0131,hfw_1_25,HFW 1-25,2,2,be,hfw_sentence_spell,We should ___ quiet.,We should be quiet.,be,,,,,no_image,N,"Create one clean child-friendly LiteracyPath cartoon scene matching this exact sentence: ""We should be quiet."". No embedded text, labels, signs, watermarks, logos, photorealism, rainbow/babyish style, AI slop, extra hands/fingers/limbs, or distorted faces."
no_image_required,,,,HFWQ-0132,hfw_1_25,HFW 1-25,2,2,be,hfw_sentence_spell,He will ___ ready soon.,He will be ready soon.,be,,,,,no_image,N,"Create one clean child-friendly LiteracyPath cartoon scene matching this exact sentence: ""He will be ready soon."". No embedded text, labels, signs, watermarks, logos, photorealism, rainbow/babyish style, AI slop, extra hands/fingers/limbs, or distorted faces."
no_image_required,,,,HFWQ-0133,hfw_1_25,HFW 1-25,1,1,this,multiple_choice,___ is my book.,This is my book.,this,is | said | this | for,,,,no_image,N,"Create one clean child-friendly LiteracyPath cartoon scene matching this exact sentence: ""This is my book."". No embedded text, labels, signs, watermarks, logos, photorealism, rainbow/babyish style, AI slop, extra hands/fingers/limbs, or distorted faces."
no_image_required,,,,HFWQ-0134,hfw_1_25,HFW 1-25,1,2,this,multiple_choice,___ cup is clean.,This cup is clean.,this,for | this | said | look,,,,no_image,N,"Create one clean child-friendly LiteracyPath cartoon scene matching this exact sentence: ""This cup is clean."". No embedded text, labels, signs, watermarks, logos, photorealism, rainbow/babyish style, AI slop, extra hands/fingers/limbs, or distorted faces."
no_image_required,,,,HFWQ-0135,hfw_1_25,HFW 1-25,1,2,this,multiple_choice,I like ___ story.,I like this story.,this,this | come | look | said,,,,no_image,N,"Create one clean child-friendly LiteracyPath cartoon scene matching this exact sentence: ""I like this story."". No embedded text, labels, signs, watermarks, logos, photorealism, rainbow/babyish style, AI slop, extra hands/fingers/limbs, or distorted faces."
no_image_required,,,,HFWQ-0136,hfw_1_25,HFW 1-25,2,1,this,hfw_sentence_spell,___ dog is friendly.,This dog is friendly.,this,,,,,no_image,N,"Create one clean child-friendly LiteracyPath cartoon scene matching this exact sentence: ""This dog is friendly."". No embedded text, labels, signs, watermarks, logos, photorealism, rainbow/babyish style, AI slop, extra hands/fingers/limbs, or distorted faces."
no_image_required,,,,HFWQ-0137,hfw_1_25,HFW 1-25,2,2,this,hfw_sentence_spell,Can you hold ___ bag?,Can you hold this bag?,this,,,,,no_image,N,"Create one clean child-friendly LiteracyPath cartoon scene matching this exact sentence: ""Can you hold this bag?"". No embedded text, labels, signs, watermarks, logos, photorealism, rainbow/babyish style, AI slop, extra hands/fingers/limbs, or distorted faces."
no_image_required,,,,HFWQ-0138,hfw_1_25,HFW 1-25,2,2,this,hfw_sentence_spell,___ apple is sweet.,This apple is sweet.,this,,,,,no_image,N,"Create one clean child-friendly LiteracyPath cartoon scene matching this exact sentence: ""This apple is sweet."". No embedded text, labels, signs, watermarks, logos, photorealism, rainbow/babyish style, AI slop, extra hands/fingers/limbs, or distorted faces."
no_image_required,,,,HFWQ-0139,hfw_1_25,HFW 1-25,1,1,have,multiple_choice,I ___ a red ball.,I have a red ball.,have,for | have | in | your,,,,no_image,N,"Create one clean child-friendly LiteracyPath cartoon scene matching this exact sentence: ""I have a red ball."". No embedded text, labels, signs, watermarks, logos, photorealism, rainbow/babyish style, AI slop, extra hands/fingers/limbs, or distorted faces."
no_image_required,,,,HFWQ-0140,hfw_1_25,HFW 1-25,1,2,have,multiple_choice,We ___ lunch at noon.,We have lunch at noon.,have,number | in | for | have,,,,no_image,N,"Create one clean child-friendly LiteracyPath cartoon scene matching this exact sentence: ""We have lunch at noon."". No embedded text, labels, signs, watermarks, logos, photorealism, rainbow/babyish style, AI slop, extra hands/fingers/limbs, or distorted faces."
no_image_required,,,,HFWQ-0141,hfw_1_25,HFW 1-25,1,2,have,multiple_choice,You ___ a nice smile.,You have a nice smile.,have,number | for | water | have,,,,no_image,N,"Create one clean child-friendly LiteracyPath cartoon scene matching this exact sentence: ""You have a nice smile."". No embedded text, labels, signs, watermarks, logos, photorealism, rainbow/babyish style, AI slop, extra hands/fingers/limbs, or distorted faces."
no_image_required,,,,HFWQ-0142,hfw_1_25,HFW 1-25,2,1,have,hfw_sentence_spell,They ___ three books.,They have three books.,have,,,,,no_image,N,"Create one clean child-friendly LiteracyPath cartoon scene matching this exact sentence: ""They have three books."". No embedded text, labels, signs, watermarks, logos, photorealism, rainbow/babyish style, AI slop, extra hands/fingers/limbs, or distorted faces."
no_image_required,,,,HFWQ-0143,hfw_1_25,HFW 1-25,2,2,have,hfw_sentence_spell,She will ___ a turn.,She will have a turn.,have,,,,,no_image,N,"Create one clean child-friendly LiteracyPath cartoon scene matching this exact sentence: ""She will have a turn."". No embedded text, labels, signs, watermarks, logos, photorealism, rainbow/babyish style, AI slop, extra hands/fingers/limbs, or distorted faces."
no_image_required,,,,HFWQ-0144,hfw_1_25,HFW 1-25,2,2,have,hfw_sentence_spell,He may ___ my pencil.,He may have my pencil.,have,,,,,no_image,N,"Create one clean child-friendly LiteracyPath cartoon scene matching this exact sentence: ""He may have my pencil."". No embedded text, labels, signs, watermarks, logos, photorealism, rainbow/babyish style, AI slop, extra hands/fingers/limbs, or distorted faces."
no_image_required,,,,HFWQ-0145,hfw_1_25,HFW 1-25,1,1,from,multiple_choice,I came ___ the playground.,I came from the playground.,from,people | number | from | you,,,,no_image,N,"Create one clean child-friendly LiteracyPath cartoon scene matching this exact sentence: ""I came from the playground."". No embedded text, labels, signs, watermarks, logos, photorealism, rainbow/babyish style, AI slop, extra hands/fingers/limbs, or distorted faces."
no_image_required,,,,HFWQ-0146,hfw_1_25,HFW 1-25,1,2,from,multiple_choice,She got milk ___ the fridge.,She got milk from the fridge.,from,number | from | water | people,,,,no_image,N,"Create one clean child-friendly LiteracyPath cartoon scene matching this exact sentence: ""She got milk from the fridge."". No embedded text, labels, signs, watermarks, logos, photorealism, rainbow/babyish style, AI slop, extra hands/fingers/limbs, or distorted faces."
no_image_required,,,,HFWQ-0147,hfw_1_25,HFW 1-25,1,2,from,multiple_choice,The letter is ___ Grandma.,The letter is from Grandma.,from,look | water | people | from,,,,no_image,N,"Create one clean child-friendly LiteracyPath cartoon scene matching this exact sentence: ""The letter is from Grandma."". No embedded text, labels, signs, watermarks, logos, photorealism, rainbow/babyish style, AI slop, extra hands/fingers/limbs, or distorted faces."
no_image_required,,,,HFWQ-0148,hfw_1_25,HFW 1-25,2,1,from,hfw_sentence_spell,He walked ___ the bus stop.,He walked from the bus stop.,from,,,,,no_image,N,"Create one clean child-friendly LiteracyPath cartoon scene matching this exact sentence: ""He walked from the bus stop."". No embedded text, labels, signs, watermarks, logos, photorealism, rainbow/babyish style, AI slop, extra hands/fingers/limbs, or distorted faces."
no_image_required,,,,HFWQ-0149,hfw_1_25,HFW 1-25,2,2,from,hfw_sentence_spell,We picked apples ___ the tree.,We picked apples from the tree.,from,,,,,no_image,N,"Create one clean child-friendly LiteracyPath cartoon scene matching this exact sentence: ""We picked apples from the tree."". No embedded text, labels, signs, watermarks, logos, photorealism, rainbow/babyish style, AI slop, extra hands/fingers/limbs, or distorted faces."
no_image_required,,,,HFWQ-0150,hfw_1_25,HFW 1-25,2,2,from,hfw_sentence_spell,The sound came ___ the hall.,The sound came from the hall.,from,,,,,no_image,N,"Create one clean child-friendly LiteracyPath cartoon scene matching this exact sentence: ""The sound came from the hall."". No embedded text, labels, signs, watermarks, logos, photorealism, rainbow/babyish style, AI slop, extra hands/fingers/limbs, or distorted faces."
no_image_required,,,,HFWQ-0151,hfw_26_50,HFW 26-50,1,1,or,multiple_choice,Would you like milk ___ water?,Would you like milk or water?,or,people | or | you | number,,,,no_image,N,"Create one clean child-friendly LiteracyPath cartoon scene matching this exact sentence: ""Would you like milk or water?"". No embedded text, labels, signs, watermarks, logos, photorealism, rainbow/babyish style, AI slop, extra hands/fingers/limbs, or distorted faces."
no_image_required,,,,HFWQ-0152,hfw_26_50,HFW 26-50,1,2,or,multiple_choice,We can read ___ draw after lunch.,We can read or draw after lunch.,or,number | water | or | people,,,,no_image,N,"Create one clean child-friendly LiteracyPath cartoon scene matching this exact sentence: ""We can read or draw after lunch."". No embedded text, labels, signs, watermarks, logos, photorealism, rainbow/babyish style, AI slop, extra hands/fingers/limbs, or distorted faces."
no_image_required,,,,HFWQ-0153,hfw_26_50,HFW 26-50,1,2,or,multiple_choice,Pick the red crayon ___ the blue crayon.,Pick the red crayon or the blue crayon.,or,or | people | look | water,,,,no_image,N,"Create one clean child-friendly LiteracyPath cartoon scene matching this exact sentence: ""Pick the red crayon or the blue crayon."". No embedded text, labels, signs, watermarks, logos, photorealism, rainbow/babyish style, AI slop, extra hands/fingers/limbs, or distorted faces."
no_image_required,,,,HFWQ-0154,hfw_26_50,HFW 26-50,2,1,or,hfw_sentence_spell,Do you want to run ___ walk?,Do you want to run or walk?,or,,,,,no_image,N,"Create one clean child-friendly LiteracyPath cartoon scene matching this exact sentence: ""Do you want to run or walk?"". No embedded text, labels, signs, watermarks, logos, photorealism, rainbow/babyish style, AI slop, extra hands/fingers/limbs, or distorted faces."
no_image_required,,,,HFWQ-0155,hfw_26_50,HFW 26-50,2,2,or,hfw_sentence_spell,The bird can sit here ___ there.,The bird can sit here or there.,or,,,,,no_image,N,"Create one clean child-friendly LiteracyPath cartoon scene matching this exact sentence: ""The bird can sit here or there."". No embedded text, labels, signs, watermarks, logos, photorealism, rainbow/babyish style, AI slop, extra hands/fingers/limbs, or distorted faces."
no_image_required,,,,HFWQ-0156,hfw_26_50,HFW 26-50,2,2,or,hfw_sentence_spell,You may use a pencil ___ a marker.,You may use a pencil or a marker.,or,,,,,no_image,N,"Create one clean child-friendly LiteracyPath cartoon scene matching this exact sentence: ""You may use a pencil or a marker."". No embedded text, labels, signs, watermarks, logos, photorealism, rainbow/babyish style, AI slop, extra hands/fingers/limbs, or distorted faces."
no_image_required,,,,HFWQ-0157,hfw_26_50,HFW 26-50,1,1,one,multiple_choice,I have ___ pencil on my desk.,I have one pencil on my desk.,one,said | for | is | one,,,,no_image,N,"Create one clean child-friendly LiteracyPath cartoon scene matching this exact sentence: ""I have one pencil on my desk."". No embedded text, labels, signs, watermarks, logos, photorealism, rainbow/babyish style, AI slop, extra hands/fingers/limbs, or distorted faces."
no_image_required,,,,HFWQ-0158,hfw_26_50,HFW 26-50,1,2,one,multiple_choice,___ bird landed on the fence.,One bird landed on the fence.,one,look | said | for | one,,,,no_image,N,"Create one clean child-friendly LiteracyPath cartoon scene matching this exact sentence: ""One bird landed on the fence."". No embedded text, labels, signs, watermarks, logos, photorealism, rainbow/babyish style, AI slop, extra hands/fingers/limbs, or distorted faces."
no_image_required,,,,HFWQ-0159,hfw_26_50,HFW 26-50,1,2,one,multiple_choice,Please choose ___ book to read.,Please choose one book to read.,one,said | come | look | one,,,,no_image,N,"Create one clean child-friendly LiteracyPath cartoon scene matching this exact sentence: ""Please choose one book to read."". No embedded text, labels, signs, watermarks, logos, photorealism, rainbow/babyish style, AI slop, extra hands/fingers/limbs, or distorted faces."
no_image_required,,,,HFWQ-0160,hfw_26_50,HFW 26-50,2,1,one,hfw_sentence_spell,There is ___ cookie left.,There is one cookie left.,one,,,,,no_image,N,"Create one clean child-friendly LiteracyPath cartoon scene matching this exact sentence: ""There is one cookie left."". No embedded text, labels, signs, watermarks, logos, photorealism, rainbow/babyish style, AI slop, extra hands/fingers/limbs, or distorted faces."
no_image_required,,,,HFWQ-0161,hfw_26_50,HFW 26-50,2,2,one,hfw_sentence_spell,___ child held the flag.,One child held the flag.,one,,,,,no_image,N,"Create one clean child-friendly LiteracyPath cartoon scene matching this exact sentence: ""One child held the flag."". No embedded text, labels, signs, watermarks, logos, photorealism, rainbow/babyish style, AI slop, extra hands/fingers/limbs, or distorted faces."
no_image_required,,,,HFWQ-0162,hfw_26_50,HFW 26-50,2,2,one,hfw_sentence_spell,We need ___ more chair.,We need one more chair.,one,,,,,no_image,N,"Create one clean child-friendly LiteracyPath cartoon scene matching this exact sentence: ""We need one more chair."". No embedded text, labels, signs, watermarks, logos, photorealism, rainbow/babyish style, AI slop, extra hands/fingers/limbs, or distorted faces."
no_image_required,,,,HFWQ-0163,hfw_26_50,HFW 26-50,1,1,had,multiple_choice,The dog ___ a red ball.,The dog had a red ball.,had,had | for | in | your,,,,no_image,N,"Create one clean child-friendly LiteracyPath cartoon scene matching this exact sentence: ""The dog had a red ball."". No embedded text, labels, signs, watermarks, logos, photorealism, rainbow/babyish style, AI slop, extra hands/fingers/limbs, or distorted faces."
no_image_required,,,,HFWQ-0164,hfw_26_50,HFW 26-50,1,2,had,multiple_choice,She ___ a pencil in her hand.,She had a pencil in her hand.,had,for | number | in | had,,,,no_image,N,"Create one clean child-friendly LiteracyPath cartoon scene matching this exact sentence: ""She had a pencil in her hand."". No embedded text, labels, signs, watermarks, logos, photorealism, rainbow/babyish style, AI slop, extra hands/fingers/limbs, or distorted faces."
no_image_required,,,,HFWQ-0165,hfw_26_50,HFW 26-50,1,2,had,multiple_choice,We ___ soup for lunch.,We had soup for lunch.,had,had | number | water | for,,,,no_image,N,"Create one clean child-friendly LiteracyPath cartoon scene matching this exact sentence: ""We had soup for lunch."". No embedded text, labels, signs, watermarks, logos, photorealism, rainbow/babyish style, AI slop, extra hands/fingers/limbs, or distorted faces."
no_image_required,,,,HFWQ-0166,hfw_26_50,HFW 26-50,2,1,had,hfw_sentence_spell,The frog ___ spots on its back.,The frog had spots on its back.,had,,,,,no_image,N,"Create one clean child-friendly LiteracyPath cartoon scene matching this exact sentence: ""The frog had spots on its back."". No embedded text, labels, signs, watermarks, logos, photorealism, rainbow/babyish style, AI slop, extra hands/fingers/limbs, or distorted faces."
no_image_required,,,,HFWQ-0167,hfw_26_50,HFW 26-50,2,2,had,hfw_sentence_spell,He ___ fun at the park.,He had fun at the park.,had,,,,,no_image,N,"Create one clean child-friendly LiteracyPath cartoon scene matching this exact sentence: ""He had fun at the park."". No embedded text, labels, signs, watermarks, logos, photorealism, rainbow/babyish style, AI slop, extra hands/fingers/limbs, or distorted faces."
no_image_required,,,,HFWQ-0168,hfw_26_50,HFW 26-50,2,2,had,hfw_sentence_spell,The class ___ a quiet reading time.,The class had a quiet reading time.,had,,,,,no_image,N,"Create one clean child-friendly LiteracyPath cartoon scene matching this exact sentence: ""The class had a quiet reading time."". No embedded text, labels, signs, watermarks, logos, photorealism, rainbow/babyish style, AI slop, extra hands/fingers/limbs, or distorted faces."
no_image_required,,,,HFWQ-0169,hfw_26_50,HFW 26-50,1,1,by,multiple_choice,The cat sat ___ the window.,The cat sat by the window.,by,number | people | by | you,,,,no_image,N,"Create one clean child-friendly LiteracyPath cartoon scene matching this exact sentence: ""The cat sat by the window."". No embedded text, labels, signs, watermarks, logos, photorealism, rainbow/babyish style, AI slop, extra hands/fingers/limbs, or distorted faces."
no_image_required,,,,HFWQ-0170,hfw_26_50,HFW 26-50,1,2,by,multiple_choice,I stood ___ my friend.,I stood by my friend.,by,water | people | by | number,,,,no_image,N,"Create one clean child-friendly LiteracyPath cartoon scene matching this exact sentence: ""I stood by my friend."". No embedded text, labels, signs, watermarks, logos, photorealism, rainbow/babyish style, AI slop, extra hands/fingers/limbs, or distorted faces."
no_image_required,,,,HFWQ-0171,hfw_26_50,HFW 26-50,1,2,by,multiple_choice,The book is ___ the lamp.,The book is by the lamp.,by,water | by | look | people,,,,no_image,N,"Create one clean child-friendly LiteracyPath cartoon scene matching this exact sentence: ""The book is by the lamp."". No embedded text, labels, signs, watermarks, logos, photorealism, rainbow/babyish style, AI slop, extra hands/fingers/limbs, or distorted faces."
no_image_required,,,,HFWQ-0172,hfw_26_50,HFW 26-50,2,1,by,hfw_sentence_spell,We walked ___ the pond.,We walked by the pond.,by,,,,,no_image,N,"Create one clean child-friendly LiteracyPath cartoon scene matching this exact sentence: ""We walked by the pond."". No embedded text, labels, signs, watermarks, logos, photorealism, rainbow/babyish style, AI slop, extra hands/fingers/limbs, or distorted faces."
no_image_required,,,,HFWQ-0173,hfw_26_50,HFW 26-50,2,2,by,hfw_sentence_spell,The dog slept ___ the door.,The dog slept by the door.,by,,,,,no_image,N,"Create one clean child-friendly LiteracyPath cartoon scene matching this exact sentence: ""The dog slept by the door."". No embedded text, labels, signs, watermarks, logos, photorealism, rainbow/babyish style, AI slop, extra hands/fingers/limbs, or distorted faces."
no_image_required,,,,HFWQ-0174,hfw_26_50,HFW 26-50,2,2,by,hfw_sentence_spell,She put her bag ___ the chair.,She put her bag by the chair.,by,,,,,no_image,N,"Create one clean child-friendly LiteracyPath cartoon scene matching this exact sentence: ""She put her bag by the chair."". No embedded text, labels, signs, watermarks, logos, photorealism, rainbow/babyish style, AI slop, extra hands/fingers/limbs, or distorted faces."
no_image_required,,,,HFWQ-0175,hfw_26_50,HFW 26-50,1,1,words,multiple_choice,I can read many ___.,I can read many words.,words,in | for | words | you,,,,no_image,N,"Create one clean child-friendly LiteracyPath cartoon scene matching this exact sentence: ""I can read many words."". No embedded text, labels, signs, watermarks, logos, photorealism, rainbow/babyish style, AI slop, extra hands/fingers/limbs, or distorted faces."
no_image_required,,,,HFWQ-0176,hfw_26_50,HFW 26-50,1,2,words,multiple_choice,The ___ are on the page.,The words are on the page.,words,words | is | in | for,,,,no_image,N,"Create one clean child-friendly LiteracyPath cartoon scene matching this exact sentence: ""The words are on the page."". No embedded text, labels, signs, watermarks, logos, photorealism, rainbow/babyish style, AI slop, extra hands/fingers/limbs, or distorted faces."
no_image_required,,,,HFWQ-0177,hfw_26_50,HFW 26-50,1,2,words,multiple_choice,Write three ___ in your book.,Write three words in your book.,words,words | go | is | for,,,,no_image,N,"Create one clean child-friendly LiteracyPath cartoon scene matching this exact sentence: ""Write three words in your book."". No embedded text, labels, signs, watermarks, logos, photorealism, rainbow/babyish style, AI slop, extra hands/fingers/limbs, or distorted faces."
no_image_required,,,,HFWQ-0178,hfw_26_50,HFW 26-50,2,1,words,hfw_sentence_spell,Some ___ are short and easy.,Some words are short and easy.,words,,,,,no_image,N,"Create one clean child-friendly LiteracyPath cartoon scene matching this exact sentence: ""Some words are short and easy."". No embedded text, labels, signs, watermarks, logos, photorealism, rainbow/babyish style, AI slop, extra hands/fingers/limbs, or distorted faces."
no_image_required,,,,HFWQ-0179,hfw_26_50,HFW 26-50,2,2,words,hfw_sentence_spell,These ___ rhyme with cat.,These words rhyme with cat.,words,,,,,no_image,N,"Create one clean child-friendly LiteracyPath cartoon scene matching this exact sentence: ""These words rhyme with cat."". No embedded text, labels, signs, watermarks, logos, photorealism, rainbow/babyish style, AI slop, extra hands/fingers/limbs, or distorted faces."
no_image_required,,,,HFWQ-0180,hfw_26_50,HFW 26-50,2,2,words,hfw_sentence_spell,We clap the sounds in ___.,We clap the sounds in words.,words,,,,,no_image,N,"Create one clean child-friendly LiteracyPath cartoon scene matching this exact sentence: ""We clap the sounds in words."". No embedded text, labels, signs, watermarks, logos, photorealism, rainbow/babyish style, AI slop, extra hands/fingers/limbs, or distorted faces."
no_image_required,,,,HFWQ-0181,hfw_26_50,HFW 26-50,1,1,but,multiple_choice,"I wanted to play, ___ it rained.","I wanted to play, but it rained.",but,but | people | you | number,,,,no_image,N,"Create one clean child-friendly LiteracyPath cartoon scene matching this exact sentence: ""I wanted to play, but it rained."". No embedded text, labels, signs, watermarks, logos, photorealism, rainbow/babyish style, AI slop, extra hands/fingers/limbs, or distorted faces."
no_image_required,,,,HFWQ-0182,hfw_26_50,HFW 26-50,1,2,but,multiple_choice,"The dog is small, ___ it is fast.","The dog is small, but it is fast.",but,people | water | but | number,,,,no_image,N,"Create one clean child-friendly LiteracyPath cartoon scene matching this exact sentence: ""The dog is small, but it is fast."". No embedded text, labels, signs, watermarks, logos, photorealism, rainbow/babyish style, AI slop, extra hands/fingers/limbs, or distorted faces."
no_image_required,,,,HFWQ-0183,hfw_26_50,HFW 26-50,1,2,but,multiple_choice,"She tried hard, ___ the box was heavy.","She tried hard, but the box was heavy.",but,but | people | look | water,,,,no_image,N,"Create one clean child-friendly LiteracyPath cartoon scene matching this exact sentence: ""She tried hard, but the box was heavy."". No embedded text, labels, signs, watermarks, logos, photorealism, rainbow/babyish style, AI slop, extra hands/fingers/limbs, or distorted faces."
no_image_required,,,,HFWQ-0184,hfw_26_50,HFW 26-50,2,1,but,hfw_sentence_spell,"The soup was hot, ___ it tasted good.","The soup was hot, but it tasted good.",but,,,,,no_image,N,"Create one clean child-friendly LiteracyPath cartoon scene matching this exact sentence: ""The soup was hot, but it tasted good."". No embedded text, labels, signs, watermarks, logos, photorealism, rainbow/babyish style, AI slop, extra hands/fingers/limbs, or distorted faces."
no_image_required,,,,HFWQ-0185,hfw_26_50,HFW 26-50,2,2,but,hfw_sentence_spell,"He was tired, ___ he kept reading.","He was tired, but he kept reading.",but,,,,,no_image,N,"Create one clean child-friendly LiteracyPath cartoon scene matching this exact sentence: ""He was tired, but he kept reading."". No embedded text, labels, signs, watermarks, logos, photorealism, rainbow/babyish style, AI slop, extra hands/fingers/limbs, or distorted faces."
no_image_required,,,,HFWQ-0186,hfw_26_50,HFW 26-50,2,2,but,hfw_sentence_spell,"The cat ran, ___ the mouse hid.","The cat ran, but the mouse hid.",but,,,,,no_image,N,"Create one clean child-friendly LiteracyPath cartoon scene matching this exact sentence: ""The cat ran, but the mouse hid."". No embedded text, labels, signs, watermarks, logos, photorealism, rainbow/babyish style, AI slop, extra hands/fingers/limbs, or distorted faces."
no_image_required,,,,HFWQ-0187,hfw_26_50,HFW 26-50,1,1,not,multiple_choice,The cup is ___ full.,The cup is not full.,not,not | in | is | you,,,,no_image,N,"Create one clean child-friendly LiteracyPath cartoon scene matching this exact sentence: ""The cup is not full."". No embedded text, labels, signs, watermarks, logos, photorealism, rainbow/babyish style, AI slop, extra hands/fingers/limbs, or distorted faces."
no_image_required,,,,HFWQ-0188,hfw_26_50,HFW 26-50,1,2,not,multiple_choice,Do ___ run in the hall.,Do not run in the hall.,not,is | for | in | not,,,,no_image,N,"Create one clean child-friendly LiteracyPath cartoon scene matching this exact sentence: ""Do not run in the hall."". No embedded text, labels, signs, watermarks, logos, photorealism, rainbow/babyish style, AI slop, extra hands/fingers/limbs, or distorted faces."
no_image_required,,,,HFWQ-0189,hfw_26_50,HFW 26-50,1,2,not,multiple_choice,That is ___ my hat.,That is not my hat.,not,is | go | not | for,,,,no_image,N,"Create one clean child-friendly LiteracyPath cartoon scene matching this exact sentence: ""That is not my hat."". No embedded text, labels, signs, watermarks, logos, photorealism, rainbow/babyish style, AI slop, extra hands/fingers/limbs, or distorted faces."
no_image_required,,,,HFWQ-0190,hfw_26_50,HFW 26-50,2,1,not,hfw_sentence_spell,The dog is ___ asleep.,The dog is not asleep.,not,,,,,no_image,N,"Create one clean child-friendly LiteracyPath cartoon scene matching this exact sentence: ""The dog is not asleep."". No embedded text, labels, signs, watermarks, logos, photorealism, rainbow/babyish style, AI slop, extra hands/fingers/limbs, or distorted faces."
no_image_required,,,,HFWQ-0191,hfw_26_50,HFW 26-50,2,2,not,hfw_sentence_spell,We are ___ late today.,We are not late today.,not,,,,,no_image,N,"Create one clean child-friendly LiteracyPath cartoon scene matching this exact sentence: ""We are not late today."". No embedded text, labels, signs, watermarks, logos, photorealism, rainbow/babyish style, AI slop, extra hands/fingers/limbs, or distorted faces."
no_image_required,,,,HFWQ-0192,hfw_26_50,HFW 26-50,2,2,not,hfw_sentence_spell,The box is ___ heavy.,The box is not heavy.,not,,,,,no_image,N,"Create one clean child-friendly LiteracyPath cartoon scene matching this exact sentence: ""The box is not heavy."". No embedded text, labels, signs, watermarks, logos, photorealism, rainbow/babyish style, AI slop, extra hands/fingers/limbs, or distorted faces."
no_image_required,,,,HFWQ-0193,hfw_26_50,HFW 26-50,1,1,what,multiple_choice,___ is in the box?,What is in the box?,what,in | for | what | said,,,,no_image,N,"Create one clean child-friendly LiteracyPath cartoon scene matching this exact sentence: ""What is in the box?"". No embedded text, labels, signs, watermarks, logos, photorealism, rainbow/babyish style, AI slop, extra hands/fingers/limbs, or distorted faces."
no_image_required,,,,HFWQ-0194,hfw_26_50,HFW 26-50,1,2,what,multiple_choice,___ color is the fish?,What color is the fish?,what,said | for | what | can,,,,no_image,N,"Create one clean child-friendly LiteracyPath cartoon scene matching this exact sentence: ""What color is the fish?"". No embedded text, labels, signs, watermarks, logos, photorealism, rainbow/babyish style, AI slop, extra hands/fingers/limbs, or distorted faces."
no_image_required,,,,HFWQ-0195,hfw_26_50,HFW 26-50,1,2,what,multiple_choice,___ did the dog find?,What did the dog find?,what,what | said | can | number,,,,no_image,N,"Create one clean child-friendly LiteracyPath cartoon scene matching this exact sentence: ""What did the dog find?"". No embedded text, labels, signs, watermarks, logos, photorealism, rainbow/babyish style, AI slop, extra hands/fingers/limbs, or distorted faces."
no_image_required,,,,HFWQ-0196,hfw_26_50,HFW 26-50,2,1,what,hfw_sentence_spell,___ sound does it start with?,What sound does it start with?,what,,,,,no_image,N,"Create one clean child-friendly LiteracyPath cartoon scene matching this exact sentence: ""What sound does it start with?"". No embedded text, labels, signs, watermarks, logos, photorealism, rainbow/babyish style, AI slop, extra hands/fingers/limbs, or distorted faces."
no_image_required,,,,HFWQ-0197,hfw_26_50,HFW 26-50,2,2,what,hfw_sentence_spell,___ is on the table?,What is on the table?,what,,,,,no_image,N,"Create one clean child-friendly LiteracyPath cartoon scene matching this exact sentence: ""What is on the table?"". No embedded text, labels, signs, watermarks, logos, photorealism, rainbow/babyish style, AI slop, extra hands/fingers/limbs, or distorted faces."
no_image_required,,,,HFWQ-0198,hfw_26_50,HFW 26-50,2,2,what,hfw_sentence_spell,___ can you see?,What can you see?,what,,,,,no_image,N,"Create one clean child-friendly LiteracyPath cartoon scene matching this exact sentence: ""What can you see?"". No embedded text, labels, signs, watermarks, logos, photorealism, rainbow/babyish style, AI slop, extra hands/fingers/limbs, or distorted faces."
no_image_required,,,,HFWQ-0199,hfw_26_50,HFW 26-50,1,1,all,multiple_choice,___ the children sat on the rug.,All the children sat on the rug.,all,said | is | all | for,,,,no_image,N,"Create one clean child-friendly LiteracyPath cartoon scene matching this exact sentence: ""All the children sat on the rug."". No embedded text, labels, signs, watermarks, logos, photorealism, rainbow/babyish style, AI slop, extra hands/fingers/limbs, or distorted faces."
no_image_required,,,,HFWQ-0200,hfw_26_50,HFW 26-50,1,2,all,multiple_choice,We ate ___ the grapes.,We ate all the grapes.,all,look | all | for | said,,,,no_image,N,"Create one clean child-friendly LiteracyPath cartoon scene matching this exact sentence: ""We ate all the grapes."". No embedded text, labels, signs, watermarks, logos, photorealism, rainbow/babyish style, AI slop, extra hands/fingers/limbs, or distorted faces."
no_image_required,,,,HFWQ-0201,hfw_26_50,HFW 26-50,1,2,all,multiple_choice,___ the birds flew away.,All the birds flew away.,all,come | look | all | said,,,,no_image,N,"Create one clean child-friendly LiteracyPath cartoon scene matching this exact sentence: ""All the birds flew away."". No embedded text, labels, signs, watermarks, logos, photorealism, rainbow/babyish style, AI slop, extra hands/fingers/limbs, or distorted faces."
no_image_required,,,,HFWQ-0202,hfw_26_50,HFW 26-50,2,1,all,hfw_sentence_spell,She found ___ the blocks.,She found all the blocks.,all,,,,,no_image,N,"Create one clean child-friendly LiteracyPath cartoon scene matching this exact sentence: ""She found all the blocks."". No embedded text, labels, signs, watermarks, logos, photorealism, rainbow/babyish style, AI slop, extra hands/fingers/limbs, or distorted faces."
no_image_required,,,,HFWQ-0203,hfw_26_50,HFW 26-50,2,2,all,hfw_sentence_spell,___ my books are in my bag.,All my books are in my bag.,all,,,,,no_image,N,"Create one clean child-friendly LiteracyPath cartoon scene matching this exact sentence: ""All my books are in my bag."". No embedded text, labels, signs, watermarks, logos, photorealism, rainbow/babyish style, AI slop, extra hands/fingers/limbs, or distorted faces."
no_image_required,,,,HFWQ-0204,hfw_26_50,HFW 26-50,2,2,all,hfw_sentence_spell,The team ___ clapped together.,The team all clapped together.,all,,,,,no_image,N,"Create one clean child-friendly LiteracyPath cartoon scene matching this exact sentence: ""The team all clapped together."". No embedded text, labels, signs, watermarks, logos, photorealism, rainbow/babyish style, AI slop, extra hands/fingers/limbs, or distorted faces."
no_image_required,,,,HFWQ-0205,hfw_26_50,HFW 26-50,1,1,were,multiple_choice,The books ___ on the shelf.,The books were on the shelf.,were,your | in | were | for,,,,no_image,N,"Create one clean child-friendly LiteracyPath cartoon scene matching this exact sentence: ""The books were on the shelf."". No embedded text, labels, signs, watermarks, logos, photorealism, rainbow/babyish style, AI slop, extra hands/fingers/limbs, or distorted faces."
no_image_required,,,,HFWQ-0206,hfw_26_50,HFW 26-50,1,2,were,multiple_choice,The dogs ___ in the yard.,The dogs were in the yard.,were,in | were | for | number,,,,no_image,N,"Create one clean child-friendly LiteracyPath cartoon scene matching this exact sentence: ""The dogs were in the yard."". No embedded text, labels, signs, watermarks, logos, photorealism, rainbow/babyish style, AI slop, extra hands/fingers/limbs, or distorted faces."
no_image_required,,,,HFWQ-0207,hfw_26_50,HFW 26-50,1,2,were,multiple_choice,We ___ happy after the game.,We were happy after the game.,were,number | were | water | for,,,,no_image,N,"Create one clean child-friendly LiteracyPath cartoon scene matching this exact sentence: ""We were happy after the game."". No embedded text, labels, signs, watermarks, logos, photorealism, rainbow/babyish style, AI slop, extra hands/fingers/limbs, or distorted faces."
no_image_required,,,,HFWQ-0208,hfw_26_50,HFW 26-50,2,1,were,hfw_sentence_spell,The flowers ___ yellow and red.,The flowers were yellow and red.,were,,,,,no_image,N,"Create one clean child-friendly LiteracyPath cartoon scene matching this exact sentence: ""The flowers were yellow and red."". No embedded text, labels, signs, watermarks, logos, photorealism, rainbow/babyish style, AI slop, extra hands/fingers/limbs, or distorted faces."
no_image_required,,,,HFWQ-0209,hfw_26_50,HFW 26-50,2,2,were,hfw_sentence_spell,The children ___ ready to read.,The children were ready to read.,were,,,,,no_image,N,"Create one clean child-friendly LiteracyPath cartoon scene matching this exact sentence: ""The children were ready to read."". No embedded text, labels, signs, watermarks, logos, photorealism, rainbow/babyish style, AI slop, extra hands/fingers/limbs, or distorted faces."
no_image_required,,,,HFWQ-0210,hfw_26_50,HFW 26-50,2,2,were,hfw_sentence_spell,The clouds ___ dark this morning.,The clouds were dark this morning.,were,,,,,no_image,N,"Create one clean child-friendly LiteracyPath cartoon scene matching this exact sentence: ""The clouds were dark this morning."". No embedded text, labels, signs, watermarks, logos, photorealism, rainbow/babyish style, AI slop, extra hands/fingers/limbs, or distorted faces."
no_image_required,,,,HFWQ-0211,hfw_26_50,HFW 26-50,1,1,we,multiple_choice,___ read a book together.,We read a book together.,we,we | said | in | for,,,,no_image,N,"Create one clean child-friendly LiteracyPath cartoon scene matching this exact sentence: ""We read a book together."". No embedded text, labels, signs, watermarks, logos, photorealism, rainbow/babyish style, AI slop, extra hands/fingers/limbs, or distorted faces."
no_image_required,,,,HFWQ-0212,hfw_26_50,HFW 26-50,1,2,we,multiple_choice,___ played outside after lunch.,We played outside after lunch.,we,for | we | can | said,,,,no_image,N,"Create one clean child-friendly LiteracyPath cartoon scene matching this exact sentence: ""We played outside after lunch."". No embedded text, labels, signs, watermarks, logos, photorealism, rainbow/babyish style, AI slop, extra hands/fingers/limbs, or distorted faces."
no_image_required,,,,HFWQ-0213,hfw_26_50,HFW 26-50,1,2,we,multiple_choice,___ can count to one hundred.,We can count to one hundred.,we,number | we | can | said,,,,no_image,N,"Create one clean child-friendly LiteracyPath cartoon scene matching this exact sentence: ""We can count to one hundred."". No embedded text, labels, signs, watermarks, logos, photorealism, rainbow/babyish style, AI slop, extra hands/fingers/limbs, or distorted faces."
no_image_required,,,,HFWQ-0214,hfw_26_50,HFW 26-50,2,1,we,hfw_sentence_spell,___ saw a bird in the tree.,We saw a bird in the tree.,we,,,,,no_image,N,"Create one clean child-friendly LiteracyPath cartoon scene matching this exact sentence: ""We saw a bird in the tree."". No embedded text, labels, signs, watermarks, logos, photorealism, rainbow/babyish style, AI slop, extra hands/fingers/limbs, or distorted faces."
no_image_required,,,,HFWQ-0215,hfw_26_50,HFW 26-50,2,2,we,hfw_sentence_spell,___ made a tall tower.,We made a tall tower.,we,,,,,no_image,N,"Create one clean child-friendly LiteracyPath cartoon scene matching this exact sentence: ""We made a tall tower."". No embedded text, labels, signs, watermarks, logos, photorealism, rainbow/babyish style, AI slop, extra hands/fingers/limbs, or distorted faces."
no_image_required,,,,HFWQ-0216,hfw_26_50,HFW 26-50,2,2,we,hfw_sentence_spell,___ helped clean the room.,We helped clean the room.,we,,,,,no_image,N,"Create one clean child-friendly LiteracyPath cartoon scene matching this exact sentence: ""We helped clean the room."". No embedded text, labels, signs, watermarks, logos, photorealism, rainbow/babyish style, AI slop, extra hands/fingers/limbs, or distorted faces."
no_image_required,,,,HFWQ-0217,hfw_26_50,HFW 26-50,1,1,when,multiple_choice,___ will the bus come?,When will the bus come?,when,people | you | when | number,,,,no_image,N,"Create one clean child-friendly LiteracyPath cartoon scene matching this exact sentence: ""When will the bus come?"". No embedded text, labels, signs, watermarks, logos, photorealism, rainbow/babyish style, AI slop, extra hands/fingers/limbs, or distorted faces."
no_image_required,,,,HFWQ-0218,hfw_26_50,HFW 26-50,1,2,when,multiple_choice,I smile ___ I see my friend.,I smile when I see my friend.,when,water | when | people | number,,,,no_image,N,"Create one clean child-friendly LiteracyPath cartoon scene matching this exact sentence: ""I smile when I see my friend."". No embedded text, labels, signs, watermarks, logos, photorealism, rainbow/babyish style, AI slop, extra hands/fingers/limbs, or distorted faces."
no_image_required,,,,HFWQ-0219,hfw_26_50,HFW 26-50,1,2,when,multiple_choice,"___ it rains, we wear boots.","When it rains, we wear boots.",when,people | water | when | look,,,,no_image,N,"Create one clean child-friendly LiteracyPath cartoon scene matching this exact sentence: ""When it rains, we wear boots."". No embedded text, labels, signs, watermarks, logos, photorealism, rainbow/babyish style, AI slop, extra hands/fingers/limbs, or distorted faces."
no_image_required,,,,HFWQ-0220,hfw_26_50,HFW 26-50,2,1,when,hfw_sentence_spell,Tell me ___ you are ready.,Tell me when you are ready.,when,,,,,no_image,N,"Create one clean child-friendly LiteracyPath cartoon scene matching this exact sentence: ""Tell me when you are ready."". No embedded text, labels, signs, watermarks, logos, photorealism, rainbow/babyish style, AI slop, extra hands/fingers/limbs, or distorted faces."
no_image_required,,,,HFWQ-0221,hfw_26_50,HFW 26-50,2,2,when,hfw_sentence_spell,"___ the bell rings, we line up.","When the bell rings, we line up.",when,,,,,no_image,N,"Create one clean child-friendly LiteracyPath cartoon scene matching this exact sentence: ""When the bell rings, we line up."". No embedded text, labels, signs, watermarks, logos, photorealism, rainbow/babyish style, AI slop, extra hands/fingers/limbs, or distorted faces."
no_image_required,,,,HFWQ-0222,hfw_26_50,HFW 26-50,2,2,when,hfw_sentence_spell,The dog barks ___ it hears a knock.,The dog barks when it hears a knock.,when,,,,,no_image,N,"Create one clean child-friendly LiteracyPath cartoon scene matching this exact sentence: ""The dog barks when it hears a knock."". No embedded text, labels, signs, watermarks, logos, photorealism, rainbow/babyish style, AI slop, extra hands/fingers/limbs, or distorted faces."
no_image_required,,,,HFWQ-0223,hfw_26_50,HFW 26-50,1,1,your,multiple_choice,Put ___ name on the paper.,Put your name on the paper.,your,your | for | is | said,,,,no_image,N,"Create one clean child-friendly LiteracyPath cartoon scene matching this exact sentence: ""Put your name on the paper."". No embedded text, labels, signs, watermarks, logos, photorealism, rainbow/babyish style, AI slop, extra hands/fingers/limbs, or distorted faces."
no_image_required,,,,HFWQ-0224,hfw_26_50,HFW 26-50,1,2,your,multiple_choice,Is this ___ pencil?,Is this your pencil?,your,your | for | said | look,,,,no_image,N,"Create one clean child-friendly LiteracyPath cartoon scene matching this exact sentence: ""Is this your pencil?"". No embedded text, labels, signs, watermarks, logos, photorealism, rainbow/babyish style, AI slop, extra hands/fingers/limbs, or distorted faces."
no_image_required,,,,HFWQ-0225,hfw_26_50,HFW 26-50,1,2,your,multiple_choice,Raise ___ hand to answer.,Raise your hand to answer.,your,come | said | look | your,,,,no_image,N,"Create one clean child-friendly LiteracyPath cartoon scene matching this exact sentence: ""Raise your hand to answer."". No embedded text, labels, signs, watermarks, logos, photorealism, rainbow/babyish style, AI slop, extra hands/fingers/limbs, or distorted faces."
no_image_required,,,,HFWQ-0226,hfw_26_50,HFW 26-50,2,1,your,hfw_sentence_spell,Wash ___ hands before lunch.,Wash your hands before lunch.,your,,,,,no_image,N,"Create one clean child-friendly LiteracyPath cartoon scene matching this exact sentence: ""Wash your hands before lunch."". No embedded text, labels, signs, watermarks, logos, photorealism, rainbow/babyish style, AI slop, extra hands/fingers/limbs, or distorted faces."
no_image_required,,,,HFWQ-0227,hfw_26_50,HFW 26-50,2,2,your,hfw_sentence_spell,Where is ___ backpack?,Where is your backpack?,your,,,,,no_image,N,"Create one clean child-friendly LiteracyPath cartoon scene matching this exact sentence: ""Where is your backpack?"". No embedded text, labels, signs, watermarks, logos, photorealism, rainbow/babyish style, AI slop, extra hands/fingers/limbs, or distorted faces."
no_image_required,,,,HFWQ-0228,hfw_26_50,HFW 26-50,2,2,your,hfw_sentence_spell,Please use ___ quiet voice.,Please use your quiet voice.,your,,,,,no_image,N,"Create one clean child-friendly LiteracyPath cartoon scene matching this exact sentence: ""Please use your quiet voice."". No embedded text, labels, signs, watermarks, logos, photorealism, rainbow/babyish style, AI slop, extra hands/fingers/limbs, or distorted faces."
no_image_required,,,,HFWQ-0229,hfw_26_50,HFW 26-50,1,1,can,multiple_choice,I ___ jump over the line.,I can jump over the line.,can,your | for | can | in,,,,no_image,N,"Create one clean child-friendly LiteracyPath cartoon scene matching this exact sentence: ""I can jump over the line."". No embedded text, labels, signs, watermarks, logos, photorealism, rainbow/babyish style, AI slop, extra hands/fingers/limbs, or distorted faces."
no_image_required,,,,HFWQ-0230,hfw_26_50,HFW 26-50,1,2,can,multiple_choice,___ you see the moon?,Can you see the moon?,can,can | for | in | number,,,,no_image,N,"Create one clean child-friendly LiteracyPath cartoon scene matching this exact sentence: ""Can you see the moon?"". No embedded text, labels, signs, watermarks, logos, photorealism, rainbow/babyish style, AI slop, extra hands/fingers/limbs, or distorted faces."
no_image_required,,,,HFWQ-0231,hfw_26_50,HFW 26-50,1,2,can,multiple_choice,The bird ___ fly high.,The bird can fly high.,can,can | number | water | for,,,,no_image,N,"Create one clean child-friendly LiteracyPath cartoon scene matching this exact sentence: ""The bird can fly high."". No embedded text, labels, signs, watermarks, logos, photorealism, rainbow/babyish style, AI slop, extra hands/fingers/limbs, or distorted faces."
no_image_required,,,,HFWQ-0232,hfw_26_50,HFW 26-50,2,1,can,hfw_sentence_spell,We ___ read this word.,We can read this word.,can,,,,,no_image,N,"Create one clean child-friendly LiteracyPath cartoon scene matching this exact sentence: ""We can read this word."". No embedded text, labels, signs, watermarks, logos, photorealism, rainbow/babyish style, AI slop, extra hands/fingers/limbs, or distorted faces."
no_image_required,,,,HFWQ-0233,hfw_26_50,HFW 26-50,2,2,can,hfw_sentence_spell,___ the dog find the ball?,Can the dog find the ball?,can,,,,,no_image,N,"Create one clean child-friendly LiteracyPath cartoon scene matching this exact sentence: ""Can the dog find the ball?"". No embedded text, labels, signs, watermarks, logos, photorealism, rainbow/babyish style, AI slop, extra hands/fingers/limbs, or distorted faces."
no_image_required,,,,HFWQ-0234,hfw_26_50,HFW 26-50,2,2,can,hfw_sentence_spell,She ___ write her name.,She can write her name.,can,,,,,no_image,N,"Create one clean child-friendly LiteracyPath cartoon scene matching this exact sentence: ""She can write her name."". No embedded text, labels, signs, watermarks, logos, photorealism, rainbow/babyish style, AI slop, extra hands/fingers/limbs, or distorted faces."
no_image_required,,,,HFWQ-0235,hfw_26_50,HFW 26-50,1,1,said,multiple_choice,Mom ___ it was time to go.,Mom said it was time to go.,said,for | said | your | in,,,,no_image,N,"Create one clean child-friendly LiteracyPath cartoon scene matching this exact sentence: ""Mom said it was time to go."". No embedded text, labels, signs, watermarks, logos, photorealism, rainbow/babyish style, AI slop, extra hands/fingers/limbs, or distorted faces."
no_image_required,,,,HFWQ-0236,hfw_26_50,HFW 26-50,1,2,said,multiple_choice,"The teacher ___, “Line up.”","The teacher said, “Line up.”",said,for | in | said | number,,,,no_image,N,"Create one clean child-friendly LiteracyPath cartoon scene matching this exact sentence: ""The teacher said, “Line up.”"". No embedded text, labels, signs, watermarks, logos, photorealism, rainbow/babyish style, AI slop, extra hands/fingers/limbs, or distorted faces."
no_image_required,,,,HFWQ-0237,hfw_26_50,HFW 26-50,1,2,said,multiple_choice,He ___ the word slowly.,He said the word slowly.,said,water | said | for | number,,,,no_image,N,"Create one clean child-friendly LiteracyPath cartoon scene matching this exact sentence: ""He said the word slowly."". No embedded text, labels, signs, watermarks, logos, photorealism, rainbow/babyish style, AI slop, extra hands/fingers/limbs, or distorted faces."
no_image_required,,,,HFWQ-0238,hfw_26_50,HFW 26-50,2,1,said,hfw_sentence_spell,She ___ hello to the class.,She said hello to the class.,said,,,,,no_image,N,"Create one clean child-friendly LiteracyPath cartoon scene matching this exact sentence: ""She said hello to the class."". No embedded text, labels, signs, watermarks, logos, photorealism, rainbow/babyish style, AI slop, extra hands/fingers/limbs, or distorted faces."
no_image_required,,,,HFWQ-0239,hfw_26_50,HFW 26-50,2,2,said,hfw_sentence_spell,The boy ___ he saw a frog.,The boy said he saw a frog.,said,,,,,no_image,N,"Create one clean child-friendly LiteracyPath cartoon scene matching this exact sentence: ""The boy said he saw a frog."". No embedded text, labels, signs, watermarks, logos, photorealism, rainbow/babyish style, AI slop, extra hands/fingers/limbs, or distorted faces."
no_image_required,,,,HFWQ-0240,hfw_26_50,HFW 26-50,2,2,said,hfw_sentence_spell,Dad ___ the soup was hot.,Dad said the soup was hot.,said,,,,,no_image,N,"Create one clean child-friendly LiteracyPath cartoon scene matching this exact sentence: ""Dad said the soup was hot."". No embedded text, labels, signs, watermarks, logos, photorealism, rainbow/babyish style, AI slop, extra hands/fingers/limbs, or distorted faces."
no_image_required,,,,HFWQ-0241,hfw_26_50,HFW 26-50,1,1,there,multiple_choice,___ is a cat on the mat.,There is a cat on the mat.,there,number | people | you | there,,,,no_image,N,"Create one clean child-friendly LiteracyPath cartoon scene matching this exact sentence: ""There is a cat on the mat."". No embedded text, labels, signs, watermarks, logos, photorealism, rainbow/babyish style, AI slop, extra hands/fingers/limbs, or distorted faces."
no_image_required,,,,HFWQ-0242,hfw_26_50,HFW 26-50,1,2,there,multiple_choice,___ are three birds in the tree.,There are three birds in the tree.,there,people | number | there | water,,,,no_image,N,"Create one clean child-friendly LiteracyPath cartoon scene matching this exact sentence: ""There are three birds in the tree."". No embedded text, labels, signs, watermarks, logos, photorealism, rainbow/babyish style, AI slop, extra hands/fingers/limbs, or distorted faces."
no_image_required,,,,HFWQ-0243,hfw_26_50,HFW 26-50,1,2,there,multiple_choice,Look over ___ by the gate.,Look over there by the gate.,there,water | there | look | people,,,,no_image,N,"Create one clean child-friendly LiteracyPath cartoon scene matching this exact sentence: ""Look over there by the gate."". No embedded text, labels, signs, watermarks, logos, photorealism, rainbow/babyish style, AI slop, extra hands/fingers/limbs, or distorted faces."
no_image_required,,,,HFWQ-0244,hfw_26_50,HFW 26-50,2,1,there,hfw_sentence_spell,___ is a ball under the chair.,There is a ball under the chair.,there,,,,,no_image,N,"Create one clean child-friendly LiteracyPath cartoon scene matching this exact sentence: ""There is a ball under the chair."". No embedded text, labels, signs, watermarks, logos, photorealism, rainbow/babyish style, AI slop, extra hands/fingers/limbs, or distorted faces."
no_image_required,,,,HFWQ-0245,hfw_26_50,HFW 26-50,2,2,there,hfw_sentence_spell,___ are clouds in the sky.,There are clouds in the sky.,there,,,,,no_image,N,"Create one clean child-friendly LiteracyPath cartoon scene matching this exact sentence: ""There are clouds in the sky."". No embedded text, labels, signs, watermarks, logos, photorealism, rainbow/babyish style, AI slop, extra hands/fingers/limbs, or distorted faces."
no_image_required,,,,HFWQ-0246,hfw_26_50,HFW 26-50,2,2,there,hfw_sentence_spell,The book is over ___.,The book is over there.,there,,,,,no_image,N,"Create one clean child-friendly LiteracyPath cartoon scene matching this exact sentence: ""The book is over there."". No embedded text, labels, signs, watermarks, logos, photorealism, rainbow/babyish style, AI slop, extra hands/fingers/limbs, or distorted faces."
no_image_required,,,,HFWQ-0247,hfw_26_50,HFW 26-50,1,1,use,multiple_choice,___ a pencil to write.,Use a pencil to write.,use,for | in | your | use,,,,no_image,N,"Create one clean child-friendly LiteracyPath cartoon scene matching this exact sentence: ""Use a pencil to write."". No embedded text, labels, signs, watermarks, logos, photorealism, rainbow/babyish style, AI slop, extra hands/fingers/limbs, or distorted faces."
no_image_required,,,,HFWQ-0248,hfw_26_50,HFW 26-50,1,2,use,multiple_choice,We ___ glue for the craft.,We use glue for the craft.,use,number | use | in | for,,,,no_image,N,"Create one clean child-friendly LiteracyPath cartoon scene matching this exact sentence: ""We use glue for the craft."". No embedded text, labels, signs, watermarks, logos, photorealism, rainbow/babyish style, AI slop, extra hands/fingers/limbs, or distorted faces."
no_image_required,,,,HFWQ-0249,hfw_26_50,HFW 26-50,1,2,use,multiple_choice,___ your ears to listen.,Use your ears to listen.,use,number | use | for | water,,,,no_image,N,"Create one clean child-friendly LiteracyPath cartoon scene matching this exact sentence: ""Use your ears to listen."". No embedded text, labels, signs, watermarks, logos, photorealism, rainbow/babyish style, AI slop, extra hands/fingers/limbs, or distorted faces."
no_image_required,,,,HFWQ-0250,hfw_26_50,HFW 26-50,2,1,use,hfw_sentence_spell,Can I ___ the blue crayon?,Can I use the blue crayon?,use,,,,,no_image,N,"Create one clean child-friendly LiteracyPath cartoon scene matching this exact sentence: ""Can I use the blue crayon?"". No embedded text, labels, signs, watermarks, logos, photorealism, rainbow/babyish style, AI slop, extra hands/fingers/limbs, or distorted faces."
no_image_required,,,,HFWQ-0251,hfw_26_50,HFW 26-50,2,2,use,hfw_sentence_spell,___ a spoon for the soup.,Use a spoon for the soup.,use,,,,,no_image,N,"Create one clean child-friendly LiteracyPath cartoon scene matching this exact sentence: ""Use a spoon for the soup."". No embedded text, labels, signs, watermarks, logos, photorealism, rainbow/babyish style, AI slop, extra hands/fingers/limbs, or distorted faces."
no_image_required,,,,HFWQ-0252,hfw_26_50,HFW 26-50,2,2,use,hfw_sentence_spell,The farmer can ___ a rake.,The farmer can use a rake.,use,,,,,no_image,N,"Create one clean child-friendly LiteracyPath cartoon scene matching this exact sentence: ""The farmer can use a rake."". No embedded text, labels, signs, watermarks, logos, photorealism, rainbow/babyish style, AI slop, extra hands/fingers/limbs, or distorted faces."
no_image_required,,,,HFWQ-0253,hfw_26_50,HFW 26-50,1,1,an,multiple_choice,I saw ___ ant on the leaf.,I saw an ant on the leaf.,an,for | is | said | an,,,,no_image,N,"Create one clean child-friendly LiteracyPath cartoon scene matching this exact sentence: ""I saw an ant on the leaf."". No embedded text, labels, signs, watermarks, logos, photorealism, rainbow/babyish style, AI slop, extra hands/fingers/limbs, or distorted faces."
no_image_required,,,,HFWQ-0254,hfw_26_50,HFW 26-50,1,2,an,multiple_choice,She ate ___ apple after lunch.,She ate an apple after lunch.,an,look | said | for | an,,,,no_image,N,"Create one clean child-friendly LiteracyPath cartoon scene matching this exact sentence: ""She ate an apple after lunch."". No embedded text, labels, signs, watermarks, logos, photorealism, rainbow/babyish style, AI slop, extra hands/fingers/limbs, or distorted faces."
no_image_required,,,,HFWQ-0255,hfw_26_50,HFW 26-50,1,2,an,multiple_choice,___ owl sat in the tree.,An owl sat in the tree.,an,look | an | said | come,,,,no_image,N,"Create one clean child-friendly LiteracyPath cartoon scene matching this exact sentence: ""An owl sat in the tree."". No embedded text, labels, signs, watermarks, logos, photorealism, rainbow/babyish style, AI slop, extra hands/fingers/limbs, or distorted faces."
no_image_required,,,,HFWQ-0256,hfw_26_50,HFW 26-50,2,1,an,hfw_sentence_spell,He drew ___ orange sun.,He drew an orange sun.,an,,,,,no_image,N,"Create one clean child-friendly LiteracyPath cartoon scene matching this exact sentence: ""He drew an orange sun."". No embedded text, labels, signs, watermarks, logos, photorealism, rainbow/babyish style, AI slop, extra hands/fingers/limbs, or distorted faces."
no_image_required,,,,HFWQ-0257,hfw_26_50,HFW 26-50,2,2,an,hfw_sentence_spell,___ egg rolled off the plate.,An egg rolled off the plate.,an,,,,,no_image,N,"Create one clean child-friendly LiteracyPath cartoon scene matching this exact sentence: ""An egg rolled off the plate."". No embedded text, labels, signs, watermarks, logos, photorealism, rainbow/babyish style, AI slop, extra hands/fingers/limbs, or distorted faces."
no_image_required,,,,HFWQ-0258,hfw_26_50,HFW 26-50,2,2,an,hfw_sentence_spell,We found ___ acorn by the path.,We found an acorn by the path.,an,,,,,no_image,N,"Create one clean child-friendly LiteracyPath cartoon scene matching this exact sentence: ""We found an acorn by the path."". No embedded text, labels, signs, watermarks, logos, photorealism, rainbow/babyish style, AI slop, extra hands/fingers/limbs, or distorted faces."
no_image_required,,,,HFWQ-0259,hfw_26_50,HFW 26-50,1,1,each,multiple_choice,___ child got a sticker.,Each child got a sticker.,each,is | for | said | each,,,,no_image,N,"Create one clean child-friendly LiteracyPath cartoon scene matching this exact sentence: ""Each child got a sticker."". No embedded text, labels, signs, watermarks, logos, photorealism, rainbow/babyish style, AI slop, extra hands/fingers/limbs, or distorted faces."
no_image_required,,,,HFWQ-0260,hfw_26_50,HFW 26-50,1,2,each,multiple_choice,Put one block in ___ cup.,Put one block in each cup.,each,each | for | look | said,,,,no_image,N,"Create one clean child-friendly LiteracyPath cartoon scene matching this exact sentence: ""Put one block in each cup."". No embedded text, labels, signs, watermarks, logos, photorealism, rainbow/babyish style, AI slop, extra hands/fingers/limbs, or distorted faces."
no_image_required,,,,HFWQ-0261,hfw_26_50,HFW 26-50,1,2,each,multiple_choice,___ bird has a nest.,Each bird has a nest.,each,each | look | come | said,,,,no_image,N,"Create one clean child-friendly LiteracyPath cartoon scene matching this exact sentence: ""Each bird has a nest."". No embedded text, labels, signs, watermarks, logos, photorealism, rainbow/babyish style, AI slop, extra hands/fingers/limbs, or distorted faces."
no_image_required,,,,HFWQ-0262,hfw_26_50,HFW 26-50,2,1,each,hfw_sentence_spell,We read ___ word carefully.,We read each word carefully.,each,,,,,no_image,N,"Create one clean child-friendly LiteracyPath cartoon scene matching this exact sentence: ""We read each word carefully."". No embedded text, labels, signs, watermarks, logos, photorealism, rainbow/babyish style, AI slop, extra hands/fingers/limbs, or distorted faces."
no_image_required,,,,HFWQ-0263,hfw_26_50,HFW 26-50,2,2,each,hfw_sentence_spell,___ team made a flag.,Each team made a flag.,each,,,,,no_image,N,"Create one clean child-friendly LiteracyPath cartoon scene matching this exact sentence: ""Each team made a flag."". No embedded text, labels, signs, watermarks, logos, photorealism, rainbow/babyish style, AI slop, extra hands/fingers/limbs, or distorted faces."
no_image_required,,,,HFWQ-0264,hfw_26_50,HFW 26-50,2,2,each,hfw_sentence_spell,Give ___ friend a turn.,Give each friend a turn.,each,,,,,no_image,N,"Create one clean child-friendly LiteracyPath cartoon scene matching this exact sentence: ""Give each friend a turn."". No embedded text, labels, signs, watermarks, logos, photorealism, rainbow/babyish style, AI slop, extra hands/fingers/limbs, or distorted faces."
no_image_required,,,,HFWQ-0265,hfw_26_50,HFW 26-50,1,1,which,multiple_choice,___ book do you want?,Which book do you want?,which,in | for | said | which,,,,no_image,N,"Create one clean child-friendly LiteracyPath cartoon scene matching this exact sentence: ""Which book do you want?"". No embedded text, labels, signs, watermarks, logos, photorealism, rainbow/babyish style, AI slop, extra hands/fingers/limbs, or distorted faces."
no_image_required,,,,HFWQ-0266,hfw_26_50,HFW 26-50,1,2,which,multiple_choice,___ cup is yours?,Which cup is yours?,which,can | which | for | said,,,,no_image,N,"Create one clean child-friendly LiteracyPath cartoon scene matching this exact sentence: ""Which cup is yours?"". No embedded text, labels, signs, watermarks, logos, photorealism, rainbow/babyish style, AI slop, extra hands/fingers/limbs, or distorted faces."
no_image_required,,,,HFWQ-0267,hfw_26_50,HFW 26-50,1,2,which,multiple_choice,___ animal has wings?,Which animal has wings?,which,said | can | which | number,,,,no_image,N,"Create one clean child-friendly LiteracyPath cartoon scene matching this exact sentence: ""Which animal has wings?"". No embedded text, labels, signs, watermarks, logos, photorealism, rainbow/babyish style, AI slop, extra hands/fingers/limbs, or distorted faces."
no_image_required,,,,HFWQ-0268,hfw_26_50,HFW 26-50,2,1,which,hfw_sentence_spell,___ word starts with b?,Which word starts with b?,which,,,,,no_image,N,"Create one clean child-friendly LiteracyPath cartoon scene matching this exact sentence: ""Which word starts with b?"". No embedded text, labels, signs, watermarks, logos, photorealism, rainbow/babyish style, AI slop, extra hands/fingers/limbs, or distorted faces."
no_image_required,,,,HFWQ-0269,hfw_26_50,HFW 26-50,2,2,which,hfw_sentence_spell,___ picture shows a cat?,Which picture shows a cat?,which,,,,,no_image,N,"Create one clean child-friendly LiteracyPath cartoon scene matching this exact sentence: ""Which picture shows a cat?"". No embedded text, labels, signs, watermarks, logos, photorealism, rainbow/babyish style, AI slop, extra hands/fingers/limbs, or distorted faces."
no_image_required,,,,HFWQ-0270,hfw_26_50,HFW 26-50,2,2,which,hfw_sentence_spell,___ way should we go?,Which way should we go?,which,,,,,no_image,N,"Create one clean child-friendly LiteracyPath cartoon scene matching this exact sentence: ""Which way should we go?"". No embedded text, labels, signs, watermarks, logos, photorealism, rainbow/babyish style, AI slop, extra hands/fingers/limbs, or distorted faces."
no_image_required,,,,HFWQ-0271,hfw_26_50,HFW 26-50,1,1,she,multiple_choice,___ read a story to us.,She read a story to us.,she,she | in | for | said,,,,no_image,N,"Create one clean child-friendly LiteracyPath cartoon scene matching this exact sentence: ""She read a story to us."". No embedded text, labels, signs, watermarks, logos, photorealism, rainbow/babyish style, AI slop, extra hands/fingers/limbs, or distorted faces."
no_image_required,,,,HFWQ-0272,hfw_26_50,HFW 26-50,1,2,she,multiple_choice,___ drew a big rainbow.,She drew a big rainbow.,she,she | said | can | for,,,,no_image,N,"Create one clean child-friendly LiteracyPath cartoon scene matching this exact sentence: ""She drew a big rainbow."". No embedded text, labels, signs, watermarks, logos, photorealism, rainbow/babyish style, AI slop, extra hands/fingers/limbs, or distorted faces."
no_image_required,,,,HFWQ-0273,hfw_26_50,HFW 26-50,1,2,she,multiple_choice,___ can tie her shoes.,She can tie her shoes.,she,she | said | can | number,,,,no_image,N,"Create one clean child-friendly LiteracyPath cartoon scene matching this exact sentence: ""She can tie her shoes."". No embedded text, labels, signs, watermarks, logos, photorealism, rainbow/babyish style, AI slop, extra hands/fingers/limbs, or distorted faces."
no_image_required,,,,HFWQ-0274,hfw_26_50,HFW 26-50,2,1,she,hfw_sentence_spell,___ found a shell on the sand.,She found a shell on the sand.,she,,,,,no_image,N,"Create one clean child-friendly LiteracyPath cartoon scene matching this exact sentence: ""She found a shell on the sand."". No embedded text, labels, signs, watermarks, logos, photorealism, rainbow/babyish style, AI slop, extra hands/fingers/limbs, or distorted faces."
no_image_required,,,,HFWQ-0275,hfw_26_50,HFW 26-50,2,2,she,hfw_sentence_spell,___ helped her friend.,She helped her friend.,she,,,,,no_image,N,"Create one clean child-friendly LiteracyPath cartoon scene matching this exact sentence: ""She helped her friend."". No embedded text, labels, signs, watermarks, logos, photorealism, rainbow/babyish style, AI slop, extra hands/fingers/limbs, or distorted faces."
no_image_required,,,,HFWQ-0276,hfw_26_50,HFW 26-50,2,2,she,hfw_sentence_spell,___ put the book away.,She put the book away.,she,,,,,no_image,N,"Create one clean child-friendly LiteracyPath cartoon scene matching this exact sentence: ""She put the book away."". No embedded text, labels, signs, watermarks, logos, photorealism, rainbow/babyish style, AI slop, extra hands/fingers/limbs, or distorted faces."
no_image_required,,,,HFWQ-0277,hfw_26_50,HFW 26-50,1,1,do,multiple_choice,What ___ you see?,What do you see?,do,for | in | your | do,,,,no_image,N,"Create one clean child-friendly LiteracyPath cartoon scene matching this exact sentence: ""What do you see?"". No embedded text, labels, signs, watermarks, logos, photorealism, rainbow/babyish style, AI slop, extra hands/fingers/limbs, or distorted faces."
no_image_required,,,,HFWQ-0278,hfw_26_50,HFW 26-50,1,2,do,multiple_choice,___ you want to play?,Do you want to play?,do,number | for | do | in,,,,no_image,N,"Create one clean child-friendly LiteracyPath cartoon scene matching this exact sentence: ""Do you want to play?"". No embedded text, labels, signs, watermarks, logos, photorealism, rainbow/babyish style, AI slop, extra hands/fingers/limbs, or distorted faces."
no_image_required,,,,HFWQ-0279,hfw_26_50,HFW 26-50,1,2,do,multiple_choice,I ___ my work carefully.,I do my work carefully.,do,do | for | number | water,,,,no_image,N,"Create one clean child-friendly LiteracyPath cartoon scene matching this exact sentence: ""I do my work carefully."". No embedded text, labels, signs, watermarks, logos, photorealism, rainbow/babyish style, AI slop, extra hands/fingers/limbs, or distorted faces."
no_image_required,,,,HFWQ-0280,hfw_26_50,HFW 26-50,2,1,do,hfw_sentence_spell,___ not touch the hot pan.,Do not touch the hot pan.,do,,,,,no_image,N,"Create one clean child-friendly LiteracyPath cartoon scene matching this exact sentence: ""Do not touch the hot pan."". No embedded text, labels, signs, watermarks, logos, photorealism, rainbow/babyish style, AI slop, extra hands/fingers/limbs, or distorted faces."
no_image_required,,,,HFWQ-0281,hfw_26_50,HFW 26-50,2,2,do,hfw_sentence_spell,What sound ___ you hear?,What sound do you hear?,do,,,,,no_image,N,"Create one clean child-friendly LiteracyPath cartoon scene matching this exact sentence: ""What sound do you hear?"". No embedded text, labels, signs, watermarks, logos, photorealism, rainbow/babyish style, AI slop, extra hands/fingers/limbs, or distorted faces."
no_image_required,,,,HFWQ-0282,hfw_26_50,HFW 26-50,2,2,do,hfw_sentence_spell,___ you like this book?,Do you like this book?,do,,,,,no_image,N,"Create one clean child-friendly LiteracyPath cartoon scene matching this exact sentence: ""Do you like this book?"". No embedded text, labels, signs, watermarks, logos, photorealism, rainbow/babyish style, AI slop, extra hands/fingers/limbs, or distorted faces."
no_image_required,,,,HFWQ-0283,hfw_26_50,HFW 26-50,1,1,how,multiple_choice,___ many apples are there?,How many apples are there?,how,you | number | how | people,,,,no_image,N,"Create one clean child-friendly LiteracyPath cartoon scene matching this exact sentence: ""How many apples are there?"". No embedded text, labels, signs, watermarks, logos, photorealism, rainbow/babyish style, AI slop, extra hands/fingers/limbs, or distorted faces."
no_image_required,,,,HFWQ-0284,hfw_26_50,HFW 26-50,1,2,how,multiple_choice,___ did the dog get out?,How did the dog get out?,how,people | how | water | number,,,,no_image,N,"Create one clean child-friendly LiteracyPath cartoon scene matching this exact sentence: ""How did the dog get out?"". No embedded text, labels, signs, watermarks, logos, photorealism, rainbow/babyish style, AI slop, extra hands/fingers/limbs, or distorted faces."
no_image_required,,,,HFWQ-0285,hfw_26_50,HFW 26-50,1,2,how,multiple_choice,___ do you spell your name?,How do you spell your name?,how,look | people | water | how,,,,no_image,N,"Create one clean child-friendly LiteracyPath cartoon scene matching this exact sentence: ""How do you spell your name?"". No embedded text, labels, signs, watermarks, logos, photorealism, rainbow/babyish style, AI slop, extra hands/fingers/limbs, or distorted faces."
no_image_required,,,,HFWQ-0286,hfw_26_50,HFW 26-50,2,1,how,hfw_sentence_spell,___ does the frog jump?,How does the frog jump?,how,,,,,no_image,N,"Create one clean child-friendly LiteracyPath cartoon scene matching this exact sentence: ""How does the frog jump?"". No embedded text, labels, signs, watermarks, logos, photorealism, rainbow/babyish style, AI slop, extra hands/fingers/limbs, or distorted faces."
no_image_required,,,,HFWQ-0287,hfw_26_50,HFW 26-50,2,2,how,hfw_sentence_spell,___ are you today?,How are you today?,how,,,,,no_image,N,"Create one clean child-friendly LiteracyPath cartoon scene matching this exact sentence: ""How are you today?"". No embedded text, labels, signs, watermarks, logos, photorealism, rainbow/babyish style, AI slop, extra hands/fingers/limbs, or distorted faces."
no_image_required,,,,HFWQ-0288,hfw_26_50,HFW 26-50,2,2,how,hfw_sentence_spell,___ can we fix the tower?,How can we fix the tower?,how,,,,,no_image,N,"Create one clean child-friendly LiteracyPath cartoon scene matching this exact sentence: ""How can we fix the tower?"". No embedded text, labels, signs, watermarks, logos, photorealism, rainbow/babyish style, AI slop, extra hands/fingers/limbs, or distorted faces."
no_image_required,,,,HFWQ-0289,hfw_26_50,HFW 26-50,1,1,their,multiple_choice,The children hung up ___ coats.,The children hung up their coats.,their,said | for | is | their,,,,no_image,N,"Create one clean child-friendly LiteracyPath cartoon scene matching this exact sentence: ""The children hung up their coats."". No embedded text, labels, signs, watermarks, logos, photorealism, rainbow/babyish style, AI slop, extra hands/fingers/limbs, or distorted faces."
no_image_required,,,,HFWQ-0290,hfw_26_50,HFW 26-50,1,2,their,multiple_choice,The birds fed ___ babies.,The birds fed their babies.,their,their | said | look | for,,,,no_image,N,"Create one clean child-friendly LiteracyPath cartoon scene matching this exact sentence: ""The birds fed their babies."". No embedded text, labels, signs, watermarks, logos, photorealism, rainbow/babyish style, AI slop, extra hands/fingers/limbs, or distorted faces."
no_image_required,,,,HFWQ-0291,hfw_26_50,HFW 26-50,1,2,their,multiple_choice,They put ___ books away.,They put their books away.,their,said | come | their | look,,,,no_image,N,"Create one clean child-friendly LiteracyPath cartoon scene matching this exact sentence: ""They put their books away."". No embedded text, labels, signs, watermarks, logos, photorealism, rainbow/babyish style, AI slop, extra hands/fingers/limbs, or distorted faces."
no_image_required,,,,HFWQ-0292,hfw_26_50,HFW 26-50,2,1,their,hfw_sentence_spell,The dogs wagged ___ tails.,The dogs wagged their tails.,their,,,,,no_image,N,"Create one clean child-friendly LiteracyPath cartoon scene matching this exact sentence: ""The dogs wagged their tails."". No embedded text, labels, signs, watermarks, logos, photorealism, rainbow/babyish style, AI slop, extra hands/fingers/limbs, or distorted faces."
no_image_required,,,,HFWQ-0293,hfw_26_50,HFW 26-50,2,2,their,hfw_sentence_spell,The class raised ___ hands.,The class raised their hands.,their,,,,,no_image,N,"Create one clean child-friendly LiteracyPath cartoon scene matching this exact sentence: ""The class raised their hands."". No embedded text, labels, signs, watermarks, logos, photorealism, rainbow/babyish style, AI slop, extra hands/fingers/limbs, or distorted faces."
no_image_required,,,,HFWQ-0294,hfw_26_50,HFW 26-50,2,2,their,hfw_sentence_spell,The frogs sat on ___ logs.,The frogs sat on their logs.,their,,,,,no_image,N,"Create one clean child-friendly LiteracyPath cartoon scene matching this exact sentence: ""The frogs sat on their logs."". No embedded text, labels, signs, watermarks, logos, photorealism, rainbow/babyish style, AI slop, extra hands/fingers/limbs, or distorted faces."
no_image_required,,,,HFWQ-0295,hfw_26_50,HFW 26-50,1,1,if,multiple_choice,"___ it rains, we will stay inside.","If it rains, we will stay inside.",if,number | people | if | you,,,,no_image,N,"Create one clean child-friendly LiteracyPath cartoon scene matching this exact sentence: ""If it rains, we will stay inside."". No embedded text, labels, signs, watermarks, logos, photorealism, rainbow/babyish style, AI slop, extra hands/fingers/limbs, or distorted faces."
no_image_required,,,,HFWQ-0296,hfw_26_50,HFW 26-50,1,2,if,multiple_choice,"___ you are ready, raise your hand.","If you are ready, raise your hand.",if,people | water | if | number,,,,no_image,N,"Create one clean child-friendly LiteracyPath cartoon scene matching this exact sentence: ""If you are ready, raise your hand."". No embedded text, labels, signs, watermarks, logos, photorealism, rainbow/babyish style, AI slop, extra hands/fingers/limbs, or distorted faces."
no_image_required,,,,HFWQ-0297,hfw_26_50,HFW 26-50,1,2,if,multiple_choice,"___ the bell rings, line up.","If the bell rings, line up.",if,if | look | people | water,,,,no_image,N,"Create one clean child-friendly LiteracyPath cartoon scene matching this exact sentence: ""If the bell rings, line up."". No embedded text, labels, signs, watermarks, logos, photorealism, rainbow/babyish style, AI slop, extra hands/fingers/limbs, or distorted faces."
no_image_required,,,,HFWQ-0298,hfw_26_50,HFW 26-50,2,1,if,hfw_sentence_spell,"___ the dog barks, listen carefully.","If the dog barks, listen carefully.",if,,,,,no_image,N,"Create one clean child-friendly LiteracyPath cartoon scene matching this exact sentence: ""If the dog barks, listen carefully."". No embedded text, labels, signs, watermarks, logos, photorealism, rainbow/babyish style, AI slop, extra hands/fingers/limbs, or distorted faces."
no_image_required,,,,HFWQ-0299,hfw_26_50,HFW 26-50,2,2,if,hfw_sentence_spell,"___ you need help, ask me.","If you need help, ask me.",if,,,,,no_image,N,"Create one clean child-friendly LiteracyPath cartoon scene matching this exact sentence: ""If you need help, ask me."". No embedded text, labels, signs, watermarks, logos, photorealism, rainbow/babyish style, AI slop, extra hands/fingers/limbs, or distorted faces."
no_image_required,,,,HFWQ-0300,hfw_26_50,HFW 26-50,2,2,if,hfw_sentence_spell,"___ the cup spills, get a towel.","If the cup spills, get a towel.",if,,,,,no_image,N,"Create one clean child-friendly LiteracyPath cartoon scene matching this exact sentence: ""If the cup spills, get a towel."". No embedded text, labels, signs, watermarks, logos, photorealism, rainbow/babyish style, AI slop, extra hands/fingers/limbs, or distorted faces."
no_image_required,,,,HFWQ-0301,hfw_51_75,HFW 51-75,1,1,will,multiple_choice,I ___ read after lunch.,I will read after lunch.,will,in | your | for | will,,,,no_image,N,"Create one clean child-friendly LiteracyPath cartoon scene matching this exact sentence: ""I will read after lunch."". No embedded text, labels, signs, watermarks, logos, photorealism, rainbow/babyish style, AI slop, extra hands/fingers/limbs, or distorted faces."
no_image_required,,,,HFWQ-0302,hfw_51_75,HFW 51-75,1,2,will,multiple_choice,She ___ bring the book tomorrow.,She will bring the book tomorrow.,will,number | in | will | for,,,,no_image,N,"Create one clean child-friendly LiteracyPath cartoon scene matching this exact sentence: ""She will bring the book tomorrow."". No embedded text, labels, signs, watermarks, logos, photorealism, rainbow/babyish style, AI slop, extra hands/fingers/limbs, or distorted faces."
no_image_required,,,,HFWQ-0303,hfw_51_75,HFW 51-75,1,2,will,multiple_choice,The dog ___ sit by the door.,The dog will sit by the door.,will,for | will | number | water,,,,no_image,N,"Create one clean child-friendly LiteracyPath cartoon scene matching this exact sentence: ""The dog will sit by the door."". No embedded text, labels, signs, watermarks, logos, photorealism, rainbow/babyish style, AI slop, extra hands/fingers/limbs, or distorted faces."
no_image_required,,,,HFWQ-0304,hfw_51_75,HFW 51-75,2,1,will,hfw_sentence_spell,We ___ plant seeds today.,We will plant seeds today.,will,,,,,no_image,N,"Create one clean child-friendly LiteracyPath cartoon scene matching this exact sentence: ""We will plant seeds today."". No embedded text, labels, signs, watermarks, logos, photorealism, rainbow/babyish style, AI slop, extra hands/fingers/limbs, or distorted faces."
no_image_required,,,,HFWQ-0305,hfw_51_75,HFW 51-75,2,2,will,hfw_sentence_spell,He ___ help clean the table.,He will help clean the table.,will,,,,,no_image,N,"Create one clean child-friendly LiteracyPath cartoon scene matching this exact sentence: ""He will help clean the table."". No embedded text, labels, signs, watermarks, logos, photorealism, rainbow/babyish style, AI slop, extra hands/fingers/limbs, or distorted faces."
no_image_required,,,,HFWQ-0306,hfw_51_75,HFW 51-75,2,2,will,hfw_sentence_spell,The sun ___ come out soon.,The sun will come out soon.,will,,,,,no_image,N,"Create one clean child-friendly LiteracyPath cartoon scene matching this exact sentence: ""The sun will come out soon."". No embedded text, labels, signs, watermarks, logos, photorealism, rainbow/babyish style, AI slop, extra hands/fingers/limbs, or distorted faces."
no_image_required,,,,HFWQ-0307,hfw_51_75,HFW 51-75,1,1,up,multiple_choice,Look ___ at the sky.,Look up at the sky.,up,you | up | people | number,,,,no_image,N,"Create one clean child-friendly LiteracyPath cartoon scene matching this exact sentence: ""Look up at the sky."". No embedded text, labels, signs, watermarks, logos, photorealism, rainbow/babyish style, AI slop, extra hands/fingers/limbs, or distorted faces."
no_image_required,,,,HFWQ-0308,hfw_51_75,HFW 51-75,1,2,up,multiple_choice,The balloon went ___.,The balloon went up.,up,up | number | water | people,,,,no_image,N,"Create one clean child-friendly LiteracyPath cartoon scene matching this exact sentence: ""The balloon went up."". No embedded text, labels, signs, watermarks, logos, photorealism, rainbow/babyish style, AI slop, extra hands/fingers/limbs, or distorted faces."
no_image_required,,,,HFWQ-0309,hfw_51_75,HFW 51-75,1,2,up,multiple_choice,Stand ___ slowly.,Stand up slowly.,up,people | water | look | up,,,,no_image,N,"Create one clean child-friendly LiteracyPath cartoon scene matching this exact sentence: ""Stand up slowly."". No embedded text, labels, signs, watermarks, logos, photorealism, rainbow/babyish style, AI slop, extra hands/fingers/limbs, or distorted faces."
no_image_required,,,,HFWQ-0310,hfw_51_75,HFW 51-75,2,1,up,hfw_sentence_spell,Pick ___ the pencil.,Pick up the pencil.,up,,,,,no_image,N,"Create one clean child-friendly LiteracyPath cartoon scene matching this exact sentence: ""Pick up the pencil."". No embedded text, labels, signs, watermarks, logos, photorealism, rainbow/babyish style, AI slop, extra hands/fingers/limbs, or distorted faces."
no_image_required,,,,HFWQ-0311,hfw_51_75,HFW 51-75,2,2,up,hfw_sentence_spell,The cat climbed ___ the tree.,The cat climbed up the tree.,up,,,,,no_image,N,"Create one clean child-friendly LiteracyPath cartoon scene matching this exact sentence: ""The cat climbed up the tree."". No embedded text, labels, signs, watermarks, logos, photorealism, rainbow/babyish style, AI slop, extra hands/fingers/limbs, or distorted faces."
no_image_required,,,,HFWQ-0312,hfw_51_75,HFW 51-75,2,2,up,hfw_sentence_spell,Hold ___ your card.,Hold up your card.,up,,,,,no_image,N,"Create one clean child-friendly LiteracyPath cartoon scene matching this exact sentence: ""Hold up your card."". No embedded text, labels, signs, watermarks, logos, photorealism, rainbow/babyish style, AI slop, extra hands/fingers/limbs, or distorted faces."
no_image_required,,,,HFWQ-0313,hfw_51_75,HFW 51-75,1,1,other,multiple_choice,Take the ___ shoe.,Take the other shoe.,other,is | for | other | said,,,,no_image,N,"Create one clean child-friendly LiteracyPath cartoon scene matching this exact sentence: ""Take the other shoe."". No embedded text, labels, signs, watermarks, logos, photorealism, rainbow/babyish style, AI slop, extra hands/fingers/limbs, or distorted faces."
no_image_required,,,,HFWQ-0314,hfw_51_75,HFW 51-75,1,2,other,multiple_choice,The ___ dog is brown.,The other dog is brown.,other,for | other | look | said,,,,no_image,N,"Create one clean child-friendly LiteracyPath cartoon scene matching this exact sentence: ""The other dog is brown."". No embedded text, labels, signs, watermarks, logos, photorealism, rainbow/babyish style, AI slop, extra hands/fingers/limbs, or distorted faces."
no_image_required,,,,HFWQ-0315,hfw_51_75,HFW 51-75,1,2,other,multiple_choice,Put it on the ___ side.,Put it on the other side.,other,other | look | come | said,,,,no_image,N,"Create one clean child-friendly LiteracyPath cartoon scene matching this exact sentence: ""Put it on the other side."". No embedded text, labels, signs, watermarks, logos, photorealism, rainbow/babyish style, AI slop, extra hands/fingers/limbs, or distorted faces."
no_image_required,,,,HFWQ-0316,hfw_51_75,HFW 51-75,2,1,other,hfw_sentence_spell,I want the ___ book.,I want the other book.,other,,,,,no_image,N,"Create one clean child-friendly LiteracyPath cartoon scene matching this exact sentence: ""I want the other book."". No embedded text, labels, signs, watermarks, logos, photorealism, rainbow/babyish style, AI slop, extra hands/fingers/limbs, or distorted faces."
no_image_required,,,,HFWQ-0317,hfw_51_75,HFW 51-75,2,2,other,hfw_sentence_spell,The ___ team clapped.,The other team clapped.,other,,,,,no_image,N,"Create one clean child-friendly LiteracyPath cartoon scene matching this exact sentence: ""The other team clapped."". No embedded text, labels, signs, watermarks, logos, photorealism, rainbow/babyish style, AI slop, extra hands/fingers/limbs, or distorted faces."
no_image_required,,,,HFWQ-0318,hfw_51_75,HFW 51-75,2,2,other,hfw_sentence_spell,Use your ___ hand.,Use your other hand.,other,,,,,no_image,N,"Create one clean child-friendly LiteracyPath cartoon scene matching this exact sentence: ""Use your other hand."". No embedded text, labels, signs, watermarks, logos, photorealism, rainbow/babyish style, AI slop, extra hands/fingers/limbs, or distorted faces."
no_image_required,,,,HFWQ-0319,hfw_51_75,HFW 51-75,1,1,about,multiple_choice,This book is ___ frogs.,This book is about frogs.,about,people | number | about | you,,,,no_image,N,"Create one clean child-friendly LiteracyPath cartoon scene matching this exact sentence: ""This book is about frogs."". No embedded text, labels, signs, watermarks, logos, photorealism, rainbow/babyish style, AI slop, extra hands/fingers/limbs, or distorted faces."
no_image_required,,,,HFWQ-0320,hfw_51_75,HFW 51-75,1,2,about,multiple_choice,We talked ___ the weather.,We talked about the weather.,about,number | people | water | about,,,,no_image,N,"Create one clean child-friendly LiteracyPath cartoon scene matching this exact sentence: ""We talked about the weather."". No embedded text, labels, signs, watermarks, logos, photorealism, rainbow/babyish style, AI slop, extra hands/fingers/limbs, or distorted faces."
no_image_required,,,,HFWQ-0321,hfw_51_75,HFW 51-75,1,2,about,multiple_choice,Tell me ___ your picture.,Tell me about your picture.,about,about | look | water | people,,,,no_image,N,"Create one clean child-friendly LiteracyPath cartoon scene matching this exact sentence: ""Tell me about your picture."". No embedded text, labels, signs, watermarks, logos, photorealism, rainbow/babyish style, AI slop, extra hands/fingers/limbs, or distorted faces."
no_image_required,,,,HFWQ-0322,hfw_51_75,HFW 51-75,2,1,about,hfw_sentence_spell,The story is ___ a dog.,The story is about a dog.,about,,,,,no_image,N,"Create one clean child-friendly LiteracyPath cartoon scene matching this exact sentence: ""The story is about a dog."". No embedded text, labels, signs, watermarks, logos, photorealism, rainbow/babyish style, AI slop, extra hands/fingers/limbs, or distorted faces."
no_image_required,,,,HFWQ-0323,hfw_51_75,HFW 51-75,2,2,about,hfw_sentence_spell,I know ___ plants.,I know about plants.,about,,,,,no_image,N,"Create one clean child-friendly LiteracyPath cartoon scene matching this exact sentence: ""I know about plants."". No embedded text, labels, signs, watermarks, logos, photorealism, rainbow/babyish style, AI slop, extra hands/fingers/limbs, or distorted faces."
no_image_required,,,,HFWQ-0324,hfw_51_75,HFW 51-75,2,2,about,hfw_sentence_spell,She wrote ___ her family.,She wrote about her family.,about,,,,,no_image,N,"Create one clean child-friendly LiteracyPath cartoon scene matching this exact sentence: ""She wrote about her family."". No embedded text, labels, signs, watermarks, logos, photorealism, rainbow/babyish style, AI slop, extra hands/fingers/limbs, or distorted faces."
no_image_required,,,,HFWQ-0325,hfw_51_75,HFW 51-75,1,1,out,multiple_choice,The cat ran ___ the door.,The cat ran out the door.,out,number | people | out | you,,,,no_image,N,"Create one clean child-friendly LiteracyPath cartoon scene matching this exact sentence: ""The cat ran out the door."". No embedded text, labels, signs, watermarks, logos, photorealism, rainbow/babyish style, AI slop, extra hands/fingers/limbs, or distorted faces."
no_image_required,,,,HFWQ-0326,hfw_51_75,HFW 51-75,1,2,out,multiple_choice,Take ___ your book.,Take out your book.,out,number | water | out | people,,,,no_image,N,"Create one clean child-friendly LiteracyPath cartoon scene matching this exact sentence: ""Take out your book."". No embedded text, labels, signs, watermarks, logos, photorealism, rainbow/babyish style, AI slop, extra hands/fingers/limbs, or distorted faces."
no_image_required,,,,HFWQ-0327,hfw_51_75,HFW 51-75,1,2,out,multiple_choice,The sun came ___.,The sun came out.,out,people | look | water | out,,,,no_image,N,"Create one clean child-friendly LiteracyPath cartoon scene matching this exact sentence: ""The sun came out."". No embedded text, labels, signs, watermarks, logos, photorealism, rainbow/babyish style, AI slop, extra hands/fingers/limbs, or distorted faces."
no_image_required,,,,HFWQ-0328,hfw_51_75,HFW 51-75,2,1,out,hfw_sentence_spell,Pour the water ___ slowly.,Pour the water out slowly.,out,,,,,no_image,N,"Create one clean child-friendly LiteracyPath cartoon scene matching this exact sentence: ""Pour the water out slowly."". No embedded text, labels, signs, watermarks, logos, photorealism, rainbow/babyish style, AI slop, extra hands/fingers/limbs, or distorted faces."
no_image_required,,,,HFWQ-0329,hfw_51_75,HFW 51-75,2,2,out,hfw_sentence_spell,The dog looked ___ the window.,The dog looked out the window.,out,,,,,no_image,N,"Create one clean child-friendly LiteracyPath cartoon scene matching this exact sentence: ""The dog looked out the window."". No embedded text, labels, signs, watermarks, logos, photorealism, rainbow/babyish style, AI slop, extra hands/fingers/limbs, or distorted faces."
no_image_required,,,,HFWQ-0330,hfw_51_75,HFW 51-75,2,2,out,hfw_sentence_spell,We went ___ to play.,We went out to play.,out,,,,,no_image,N,"Create one clean child-friendly LiteracyPath cartoon scene matching this exact sentence: ""We went out to play."". No embedded text, labels, signs, watermarks, logos, photorealism, rainbow/babyish style, AI slop, extra hands/fingers/limbs, or distorted faces."
no_image_required,,,,HFWQ-0331,hfw_51_75,HFW 51-75,1,1,many,multiple_choice,___ birds sat in the tree.,Many birds sat in the tree.,many,is | many | said | for,,,,no_image,N,"Create one clean child-friendly LiteracyPath cartoon scene matching this exact sentence: ""Many birds sat in the tree."". No embedded text, labels, signs, watermarks, logos, photorealism, rainbow/babyish style, AI slop, extra hands/fingers/limbs, or distorted faces."
no_image_required,,,,HFWQ-0332,hfw_51_75,HFW 51-75,1,2,many,multiple_choice,How ___ blocks are red?,How many blocks are red?,many,look | said | many | for,,,,no_image,N,"Create one clean child-friendly LiteracyPath cartoon scene matching this exact sentence: ""How many blocks are red?"". No embedded text, labels, signs, watermarks, logos, photorealism, rainbow/babyish style, AI slop, extra hands/fingers/limbs, or distorted faces."
no_image_required,,,,HFWQ-0333,hfw_51_75,HFW 51-75,1,2,many,multiple_choice,There are ___ stars tonight.,There are many stars tonight.,many,said | come | many | look,,,,no_image,N,"Create one clean child-friendly LiteracyPath cartoon scene matching this exact sentence: ""There are many stars tonight."". No embedded text, labels, signs, watermarks, logos, photorealism, rainbow/babyish style, AI slop, extra hands/fingers/limbs, or distorted faces."
no_image_required,,,,HFWQ-0334,hfw_51_75,HFW 51-75,2,1,many,hfw_sentence_spell,___ children played outside.,Many children played outside.,many,,,,,no_image,N,"Create one clean child-friendly LiteracyPath cartoon scene matching this exact sentence: ""Many children played outside."". No embedded text, labels, signs, watermarks, logos, photorealism, rainbow/babyish style, AI slop, extra hands/fingers/limbs, or distorted faces."
no_image_required,,,,HFWQ-0335,hfw_51_75,HFW 51-75,2,2,many,hfw_sentence_spell,I saw ___ fish in the pond.,I saw many fish in the pond.,many,,,,,no_image,N,"Create one clean child-friendly LiteracyPath cartoon scene matching this exact sentence: ""I saw many fish in the pond."". No embedded text, labels, signs, watermarks, logos, photorealism, rainbow/babyish style, AI slop, extra hands/fingers/limbs, or distorted faces."
no_image_required,,,,HFWQ-0336,hfw_51_75,HFW 51-75,2,2,many,hfw_sentence_spell,___ flowers grew in the garden.,Many flowers grew in the garden.,many,,,,,no_image,N,"Create one clean child-friendly LiteracyPath cartoon scene matching this exact sentence: ""Many flowers grew in the garden."". No embedded text, labels, signs, watermarks, logos, photorealism, rainbow/babyish style, AI slop, extra hands/fingers/limbs, or distorted faces."
no_image_required,,,,HFWQ-0337,hfw_51_75,HFW 51-75,1,1,then,multiple_choice,"First we read, ___ we write.","First we read, then we write.",then,then | number | you | people,,,,no_image,N,"Create one clean child-friendly LiteracyPath cartoon scene matching this exact sentence: ""First we read, then we write."". No embedded text, labels, signs, watermarks, logos, photorealism, rainbow/babyish style, AI slop, extra hands/fingers/limbs, or distorted faces."
no_image_required,,,,HFWQ-0338,hfw_51_75,HFW 51-75,1,2,then,multiple_choice,"Wash your hands, ___ eat lunch.","Wash your hands, then eat lunch.",then,number | water | then | people,,,,no_image,N,"Create one clean child-friendly LiteracyPath cartoon scene matching this exact sentence: ""Wash your hands, then eat lunch."". No embedded text, labels, signs, watermarks, logos, photorealism, rainbow/babyish style, AI slop, extra hands/fingers/limbs, or distorted faces."
no_image_required,,,,HFWQ-0339,hfw_51_75,HFW 51-75,1,2,then,multiple_choice,"The frog jumped, ___ it swam.","The frog jumped, then it swam.",then,then | look | people | water,,,,no_image,N,"Create one clean child-friendly LiteracyPath cartoon scene matching this exact sentence: ""The frog jumped, then it swam."". No embedded text, labels, signs, watermarks, logos, photorealism, rainbow/babyish style, AI slop, extra hands/fingers/limbs, or distorted faces."
no_image_required,,,,HFWQ-0340,hfw_51_75,HFW 51-75,2,1,then,hfw_sentence_spell,"She smiled, ___ waved.","She smiled, then waved.",then,,,,,no_image,N,"Create one clean child-friendly LiteracyPath cartoon scene matching this exact sentence: ""She smiled, then waved."". No embedded text, labels, signs, watermarks, logos, photorealism, rainbow/babyish style, AI slop, extra hands/fingers/limbs, or distorted faces."
no_image_required,,,,HFWQ-0341,hfw_51_75,HFW 51-75,2,2,then,hfw_sentence_spell,"We counted, ___ clapped.","We counted, then clapped.",then,,,,,no_image,N,"Create one clean child-friendly LiteracyPath cartoon scene matching this exact sentence: ""We counted, then clapped."". No embedded text, labels, signs, watermarks, logos, photorealism, rainbow/babyish style, AI slop, extra hands/fingers/limbs, or distorted faces."
no_image_required,,,,HFWQ-0342,hfw_51_75,HFW 51-75,2,2,then,hfw_sentence_spell,"Put on your shoes, ___ line up.","Put on your shoes, then line up.",then,,,,,no_image,N,"Create one clean child-friendly LiteracyPath cartoon scene matching this exact sentence: ""Put on your shoes, then line up."". No embedded text, labels, signs, watermarks, logos, photorealism, rainbow/babyish style, AI slop, extra hands/fingers/limbs, or distorted faces."
no_image_required,,,,HFWQ-0343,hfw_51_75,HFW 51-75,1,1,them,multiple_choice,I gave ___ the books.,I gave them the books.,them,said | in | them | for,,,,no_image,N,"Create one clean child-friendly LiteracyPath cartoon scene matching this exact sentence: ""I gave them the books."". No embedded text, labels, signs, watermarks, logos, photorealism, rainbow/babyish style, AI slop, extra hands/fingers/limbs, or distorted faces."
no_image_required,,,,HFWQ-0344,hfw_51_75,HFW 51-75,1,2,them,multiple_choice,Please put ___ in the box.,Please put them in the box.,them,them | can | for | said,,,,no_image,N,"Create one clean child-friendly LiteracyPath cartoon scene matching this exact sentence: ""Please put them in the box."". No embedded text, labels, signs, watermarks, logos, photorealism, rainbow/babyish style, AI slop, extra hands/fingers/limbs, or distorted faces."
no_image_required,,,,HFWQ-0345,hfw_51_75,HFW 51-75,1,2,them,multiple_choice,The dog chased ___ across the yard.,The dog chased them across the yard.,them,number | them | can | said,,,,no_image,N,"Create one clean child-friendly LiteracyPath cartoon scene matching this exact sentence: ""The dog chased them across the yard."". No embedded text, labels, signs, watermarks, logos, photorealism, rainbow/babyish style, AI slop, extra hands/fingers/limbs, or distorted faces."
no_image_required,,,,HFWQ-0346,hfw_51_75,HFW 51-75,2,1,them,hfw_sentence_spell,She saw ___ at the park.,She saw them at the park.,them,,,,,no_image,N,"Create one clean child-friendly LiteracyPath cartoon scene matching this exact sentence: ""She saw them at the park."". No embedded text, labels, signs, watermarks, logos, photorealism, rainbow/babyish style, AI slop, extra hands/fingers/limbs, or distorted faces."
no_image_required,,,,HFWQ-0347,hfw_51_75,HFW 51-75,2,2,them,hfw_sentence_spell,We helped ___ clean up.,We helped them clean up.,them,,,,,no_image,N,"Create one clean child-friendly LiteracyPath cartoon scene matching this exact sentence: ""We helped them clean up."". No embedded text, labels, signs, watermarks, logos, photorealism, rainbow/babyish style, AI slop, extra hands/fingers/limbs, or distorted faces."
no_image_required,,,,HFWQ-0348,hfw_51_75,HFW 51-75,2,2,them,hfw_sentence_spell,Give ___ each a turn.,Give them each a turn.,them,,,,,no_image,N,"Create one clean child-friendly LiteracyPath cartoon scene matching this exact sentence: ""Give them each a turn."". No embedded text, labels, signs, watermarks, logos, photorealism, rainbow/babyish style, AI slop, extra hands/fingers/limbs, or distorted faces."
no_image_required,,,,HFWQ-0349,hfw_51_75,HFW 51-75,1,1,these,multiple_choice,___ apples are red.,These apples are red.,these,said | for | is | these,,,,no_image,N,"Create one clean child-friendly LiteracyPath cartoon scene matching this exact sentence: ""These apples are red."". No embedded text, labels, signs, watermarks, logos, photorealism, rainbow/babyish style, AI slop, extra hands/fingers/limbs, or distorted faces."
no_image_required,,,,HFWQ-0350,hfw_51_75,HFW 51-75,1,2,these,multiple_choice,___ shoes are too small.,These shoes are too small.,these,for | look | said | these,,,,no_image,N,"Create one clean child-friendly LiteracyPath cartoon scene matching this exact sentence: ""These shoes are too small."". No embedded text, labels, signs, watermarks, logos, photorealism, rainbow/babyish style, AI slop, extra hands/fingers/limbs, or distorted faces."
no_image_required,,,,HFWQ-0351,hfw_51_75,HFW 51-75,1,2,these,multiple_choice,___ books are new.,These books are new.,these,these | said | come | look,,,,no_image,N,"Create one clean child-friendly LiteracyPath cartoon scene matching this exact sentence: ""These books are new."". No embedded text, labels, signs, watermarks, logos, photorealism, rainbow/babyish style, AI slop, extra hands/fingers/limbs, or distorted faces."
no_image_required,,,,HFWQ-0352,hfw_51_75,HFW 51-75,2,1,these,hfw_sentence_spell,___ dogs are friendly.,These dogs are friendly.,these,,,,,no_image,N,"Create one clean child-friendly LiteracyPath cartoon scene matching this exact sentence: ""These dogs are friendly."". No embedded text, labels, signs, watermarks, logos, photorealism, rainbow/babyish style, AI slop, extra hands/fingers/limbs, or distorted faces."
no_image_required,,,,HFWQ-0353,hfw_51_75,HFW 51-75,2,2,these,hfw_sentence_spell,___ flowers smell sweet.,These flowers smell sweet.,these,,,,,no_image,N,"Create one clean child-friendly LiteracyPath cartoon scene matching this exact sentence: ""These flowers smell sweet."". No embedded text, labels, signs, watermarks, logos, photorealism, rainbow/babyish style, AI slop, extra hands/fingers/limbs, or distorted faces."
no_image_required,,,,HFWQ-0354,hfw_51_75,HFW 51-75,2,2,these,hfw_sentence_spell,___ pencils need sharpening.,These pencils need sharpening.,these,,,,,no_image,N,"Create one clean child-friendly LiteracyPath cartoon scene matching this exact sentence: ""These pencils need sharpening."". No embedded text, labels, signs, watermarks, logos, photorealism, rainbow/babyish style, AI slop, extra hands/fingers/limbs, or distorted faces."
no_image_required,,,,HFWQ-0355,hfw_51_75,HFW 51-75,1,1,so,multiple_choice,"The rain stopped, ___ we played outside.","The rain stopped, so we played outside.",so,so | people | you | number,,,,no_image,N,"Create one clean child-friendly LiteracyPath cartoon scene matching this exact sentence: ""The rain stopped, so we played outside."". No embedded text, labels, signs, watermarks, logos, photorealism, rainbow/babyish style, AI slop, extra hands/fingers/limbs, or distorted faces."
no_image_required,,,,HFWQ-0356,hfw_51_75,HFW 51-75,1,2,so,multiple_choice,"The box was heavy, ___ I used both hands.","The box was heavy, so I used both hands.",so,people | so | number | water,,,,no_image,N,"Create one clean child-friendly LiteracyPath cartoon scene matching this exact sentence: ""The box was heavy, so I used both hands."". No embedded text, labels, signs, watermarks, logos, photorealism, rainbow/babyish style, AI slop, extra hands/fingers/limbs, or distorted faces."
no_image_required,,,,HFWQ-0357,hfw_51_75,HFW 51-75,1,2,so,multiple_choice,"She was hungry, ___ she ate a snack.","She was hungry, so she ate a snack.",so,so | water | people | look,,,,no_image,N,"Create one clean child-friendly LiteracyPath cartoon scene matching this exact sentence: ""She was hungry, so she ate a snack."". No embedded text, labels, signs, watermarks, logos, photorealism, rainbow/babyish style, AI slop, extra hands/fingers/limbs, or distorted faces."
no_image_required,,,,HFWQ-0358,hfw_51_75,HFW 51-75,2,1,so,hfw_sentence_spell,"The sun was bright, ___ I wore a hat.","The sun was bright, so I wore a hat.",so,,,,,no_image,N,"Create one clean child-friendly LiteracyPath cartoon scene matching this exact sentence: ""The sun was bright, so I wore a hat."". No embedded text, labels, signs, watermarks, logos, photorealism, rainbow/babyish style, AI slop, extra hands/fingers/limbs, or distorted faces."
no_image_required,,,,HFWQ-0359,hfw_51_75,HFW 51-75,2,2,so,hfw_sentence_spell,"He practiced, ___ he got better.","He practiced, so he got better.",so,,,,,no_image,N,"Create one clean child-friendly LiteracyPath cartoon scene matching this exact sentence: ""He practiced, so he got better."". No embedded text, labels, signs, watermarks, logos, photorealism, rainbow/babyish style, AI slop, extra hands/fingers/limbs, or distorted faces."
no_image_required,,,,HFWQ-0360,hfw_51_75,HFW 51-75,2,2,so,hfw_sentence_spell,"The dog was tired, ___ it slept.","The dog was tired, so it slept.",so,,,,,no_image,N,"Create one clean child-friendly LiteracyPath cartoon scene matching this exact sentence: ""The dog was tired, so it slept."". No embedded text, labels, signs, watermarks, logos, photorealism, rainbow/babyish style, AI slop, extra hands/fingers/limbs, or distorted faces."
no_image_required,,,,HFWQ-0361,hfw_51_75,HFW 51-75,1,1,some,multiple_choice,___ birds are blue.,Some birds are blue.,some,is | said | for | some,,,,no_image,N,"Create one clean child-friendly LiteracyPath cartoon scene matching this exact sentence: ""Some birds are blue."". No embedded text, labels, signs, watermarks, logos, photorealism, rainbow/babyish style, AI slop, extra hands/fingers/limbs, or distorted faces."
no_image_required,,,,HFWQ-0362,hfw_51_75,HFW 51-75,1,2,some,multiple_choice,I ate ___ grapes.,I ate some grapes.,some,said | look | some | for,,,,no_image,N,"Create one clean child-friendly LiteracyPath cartoon scene matching this exact sentence: ""I ate some grapes."". No embedded text, labels, signs, watermarks, logos, photorealism, rainbow/babyish style, AI slop, extra hands/fingers/limbs, or distorted faces."
no_image_required,,,,HFWQ-0363,hfw_51_75,HFW 51-75,1,2,some,multiple_choice,___ children sat on the rug.,Some children sat on the rug.,some,come | look | said | some,,,,no_image,N,"Create one clean child-friendly LiteracyPath cartoon scene matching this exact sentence: ""Some children sat on the rug."". No embedded text, labels, signs, watermarks, logos, photorealism, rainbow/babyish style, AI slop, extra hands/fingers/limbs, or distorted faces."
no_image_required,,,,HFWQ-0364,hfw_51_75,HFW 51-75,2,1,some,hfw_sentence_spell,There is ___ water in the cup.,There is some water in the cup.,some,,,,,no_image,N,"Create one clean child-friendly LiteracyPath cartoon scene matching this exact sentence: ""There is some water in the cup."". No embedded text, labels, signs, watermarks, logos, photorealism, rainbow/babyish style, AI slop, extra hands/fingers/limbs, or distorted faces."
no_image_required,,,,HFWQ-0365,hfw_51_75,HFW 51-75,2,2,some,hfw_sentence_spell,___ dogs like to run.,Some dogs like to run.,some,,,,,no_image,N,"Create one clean child-friendly LiteracyPath cartoon scene matching this exact sentence: ""Some dogs like to run."". No embedded text, labels, signs, watermarks, logos, photorealism, rainbow/babyish style, AI slop, extra hands/fingers/limbs, or distorted faces."
no_image_required,,,,HFWQ-0366,hfw_51_75,HFW 51-75,2,2,some,hfw_sentence_spell,She found ___ shells.,She found some shells.,some,,,,,no_image,N,"Create one clean child-friendly LiteracyPath cartoon scene matching this exact sentence: ""She found some shells."". No embedded text, labels, signs, watermarks, logos, photorealism, rainbow/babyish style, AI slop, extra hands/fingers/limbs, or distorted faces."
no_image_required,,,,HFWQ-0367,hfw_51_75,HFW 51-75,1,1,her,multiple_choice,This is ___ backpack.,This is her backpack.,her,is | said | her | for,,,,no_image,N,"Create one clean child-friendly LiteracyPath cartoon scene matching this exact sentence: ""This is her backpack."". No embedded text, labels, signs, watermarks, logos, photorealism, rainbow/babyish style, AI slop, extra hands/fingers/limbs, or distorted faces."
no_image_required,,,,HFWQ-0368,hfw_51_75,HFW 51-75,1,2,her,multiple_choice,___ dog is very small.,Her dog is very small.,her,her | said | look | for,,,,no_image,N,"Create one clean child-friendly LiteracyPath cartoon scene matching this exact sentence: ""Her dog is very small."". No embedded text, labels, signs, watermarks, logos, photorealism, rainbow/babyish style, AI slop, extra hands/fingers/limbs, or distorted faces."
no_image_required,,,,HFWQ-0369,hfw_51_75,HFW 51-75,1,2,her,multiple_choice,I gave ___ a sticker.,I gave her a sticker.,her,come | look | her | said,,,,no_image,N,"Create one clean child-friendly LiteracyPath cartoon scene matching this exact sentence: ""I gave her a sticker."". No embedded text, labels, signs, watermarks, logos, photorealism, rainbow/babyish style, AI slop, extra hands/fingers/limbs, or distorted faces."
no_image_required,,,,HFWQ-0370,hfw_51_75,HFW 51-75,2,1,her,hfw_sentence_spell,___ book is on the table.,Her book is on the table.,her,,,,,no_image,N,"Create one clean child-friendly LiteracyPath cartoon scene matching this exact sentence: ""Her book is on the table."". No embedded text, labels, signs, watermarks, logos, photorealism, rainbow/babyish style, AI slop, extra hands/fingers/limbs, or distorted faces."
no_image_required,,,,HFWQ-0371,hfw_51_75,HFW 51-75,2,2,her,hfw_sentence_spell,She tied ___ shoes.,She tied her shoes.,her,,,,,no_image,N,"Create one clean child-friendly LiteracyPath cartoon scene matching this exact sentence: ""She tied her shoes."". No embedded text, labels, signs, watermarks, logos, photorealism, rainbow/babyish style, AI slop, extra hands/fingers/limbs, or distorted faces."
no_image_required,,,,HFWQ-0372,hfw_51_75,HFW 51-75,2,2,her,hfw_sentence_spell,___ cat slept on the bed.,Her cat slept on the bed.,her,,,,,no_image,N,"Create one clean child-friendly LiteracyPath cartoon scene matching this exact sentence: ""Her cat slept on the bed."". No embedded text, labels, signs, watermarks, logos, photorealism, rainbow/babyish style, AI slop, extra hands/fingers/limbs, or distorted faces."
no_image_required,,,,HFWQ-0373,hfw_51_75,HFW 51-75,1,1,would,multiple_choice,___ you like a turn?,Would you like a turn?,would,in | would | your | for,,,,no_image,N,"Create one clean child-friendly LiteracyPath cartoon scene matching this exact sentence: ""Would you like a turn?"". No embedded text, labels, signs, watermarks, logos, photorealism, rainbow/babyish style, AI slop, extra hands/fingers/limbs, or distorted faces."
no_image_required,,,,HFWQ-0374,hfw_51_75,HFW 51-75,1,2,would,multiple_choice,I ___ like some water.,I would like some water.,would,for | in | would | number,,,,no_image,N,"Create one clean child-friendly LiteracyPath cartoon scene matching this exact sentence: ""I would like some water."". No embedded text, labels, signs, watermarks, logos, photorealism, rainbow/babyish style, AI slop, extra hands/fingers/limbs, or distorted faces."
no_image_required,,,,HFWQ-0375,hfw_51_75,HFW 51-75,1,2,would,multiple_choice,She ___ read all day.,She would read all day.,would,water | for | would | number,,,,no_image,N,"Create one clean child-friendly LiteracyPath cartoon scene matching this exact sentence: ""She would read all day."". No embedded text, labels, signs, watermarks, logos, photorealism, rainbow/babyish style, AI slop, extra hands/fingers/limbs, or distorted faces."
no_image_required,,,,HFWQ-0376,hfw_51_75,HFW 51-75,2,1,would,hfw_sentence_spell,___ the dog chase the ball?,Would the dog chase the ball?,would,,,,,no_image,N,"Create one clean child-friendly LiteracyPath cartoon scene matching this exact sentence: ""Would the dog chase the ball?"". No embedded text, labels, signs, watermarks, logos, photorealism, rainbow/babyish style, AI slop, extra hands/fingers/limbs, or distorted faces."
no_image_required,,,,HFWQ-0377,hfw_51_75,HFW 51-75,2,2,would,hfw_sentence_spell,We ___ help if we could.,We would help if we could.,would,,,,,no_image,N,"Create one clean child-friendly LiteracyPath cartoon scene matching this exact sentence: ""We would help if we could."". No embedded text, labels, signs, watermarks, logos, photorealism, rainbow/babyish style, AI slop, extra hands/fingers/limbs, or distorted faces."
no_image_required,,,,HFWQ-0378,hfw_51_75,HFW 51-75,2,2,would,hfw_sentence_spell,He ___ choose the blue crayon.,He would choose the blue crayon.,would,,,,,no_image,N,"Create one clean child-friendly LiteracyPath cartoon scene matching this exact sentence: ""He would choose the blue crayon."". No embedded text, labels, signs, watermarks, logos, photorealism, rainbow/babyish style, AI slop, extra hands/fingers/limbs, or distorted faces."
no_image_required,,,,HFWQ-0379,hfw_51_75,HFW 51-75,1,1,make,multiple_choice,___ a circle with your pencil.,Make a circle with your pencil.,make,in | your | for | make,,,,no_image,N,"Create one clean child-friendly LiteracyPath cartoon scene matching this exact sentence: ""Make a circle with your pencil."". No embedded text, labels, signs, watermarks, logos, photorealism, rainbow/babyish style, AI slop, extra hands/fingers/limbs, or distorted faces."
no_image_required,,,,HFWQ-0380,hfw_51_75,HFW 51-75,1,2,make,multiple_choice,We ___ a tower with blocks.,We make a tower with blocks.,make,make | number | for | in,,,,no_image,N,"Create one clean child-friendly LiteracyPath cartoon scene matching this exact sentence: ""We make a tower with blocks."". No embedded text, labels, signs, watermarks, logos, photorealism, rainbow/babyish style, AI slop, extra hands/fingers/limbs, or distorted faces."
no_image_required,,,,HFWQ-0381,hfw_51_75,HFW 51-75,1,2,make,multiple_choice,Can you ___ a pattern?,Can you make a pattern?,make,water | for | make | number,,,,no_image,N,"Create one clean child-friendly LiteracyPath cartoon scene matching this exact sentence: ""Can you make a pattern?"". No embedded text, labels, signs, watermarks, logos, photorealism, rainbow/babyish style, AI slop, extra hands/fingers/limbs, or distorted faces."
no_image_required,,,,HFWQ-0382,hfw_51_75,HFW 51-75,2,1,make,hfw_sentence_spell,She can ___ a paper hat.,She can make a paper hat.,make,,,,,no_image,N,"Create one clean child-friendly LiteracyPath cartoon scene matching this exact sentence: ""She can make a paper hat."". No embedded text, labels, signs, watermarks, logos, photorealism, rainbow/babyish style, AI slop, extra hands/fingers/limbs, or distorted faces."
no_image_required,,,,HFWQ-0383,hfw_51_75,HFW 51-75,2,2,make,hfw_sentence_spell,___ your bed in the morning.,Make your bed in the morning.,make,,,,,no_image,N,"Create one clean child-friendly LiteracyPath cartoon scene matching this exact sentence: ""Make your bed in the morning."". No embedded text, labels, signs, watermarks, logos, photorealism, rainbow/babyish style, AI slop, extra hands/fingers/limbs, or distorted faces."
no_image_required,,,,HFWQ-0384,hfw_51_75,HFW 51-75,2,2,make,hfw_sentence_spell,He helped ___ lunch.,He helped make lunch.,make,,,,,no_image,N,"Create one clean child-friendly LiteracyPath cartoon scene matching this exact sentence: ""He helped make lunch."". No embedded text, labels, signs, watermarks, logos, photorealism, rainbow/babyish style, AI slop, extra hands/fingers/limbs, or distorted faces."
no_image_required,,,,HFWQ-0385,hfw_51_75,HFW 51-75,1,1,like,multiple_choice,I ___ red apples.,I like red apples.,like,for | your | in | like,,,,no_image,N,"Create one clean child-friendly LiteracyPath cartoon scene matching this exact sentence: ""I like red apples."". No embedded text, labels, signs, watermarks, logos, photorealism, rainbow/babyish style, AI slop, extra hands/fingers/limbs, or distorted faces."
no_image_required,,,,HFWQ-0386,hfw_51_75,HFW 51-75,1,2,like,multiple_choice,Do you ___ this book?,Do you like this book?,like,like | number | in | for,,,,no_image,N,"Create one clean child-friendly LiteracyPath cartoon scene matching this exact sentence: ""Do you like this book?"". No embedded text, labels, signs, watermarks, logos, photorealism, rainbow/babyish style, AI slop, extra hands/fingers/limbs, or distorted faces."
no_image_required,,,,HFWQ-0387,hfw_51_75,HFW 51-75,1,2,like,multiple_choice,The dog looks ___ a wolf.,The dog looks like a wolf.,like,like | number | water | for,,,,no_image,N,"Create one clean child-friendly LiteracyPath cartoon scene matching this exact sentence: ""The dog looks like a wolf."". No embedded text, labels, signs, watermarks, logos, photorealism, rainbow/babyish style, AI slop, extra hands/fingers/limbs, or distorted faces."
no_image_required,,,,HFWQ-0388,hfw_51_75,HFW 51-75,2,1,like,hfw_sentence_spell,I ___ to read at night.,I like to read at night.,like,,,,,no_image,N,"Create one clean child-friendly LiteracyPath cartoon scene matching this exact sentence: ""I like to read at night."". No embedded text, labels, signs, watermarks, logos, photorealism, rainbow/babyish style, AI slop, extra hands/fingers/limbs, or distorted faces."
no_image_required,,,,HFWQ-0389,hfw_51_75,HFW 51-75,2,2,like,hfw_sentence_spell,She likes songs ___ this one.,She likes songs like this one.,like,,,,,no_image,N,"Create one clean child-friendly LiteracyPath cartoon scene matching this exact sentence: ""She likes songs like this one."". No embedded text, labels, signs, watermarks, logos, photorealism, rainbow/babyish style, AI slop, extra hands/fingers/limbs, or distorted faces."
no_image_required,,,,HFWQ-0390,hfw_51_75,HFW 51-75,2,2,like,hfw_sentence_spell,The cloud looks ___ a rabbit.,The cloud looks like a rabbit.,like,,,,,no_image,N,"Create one clean child-friendly LiteracyPath cartoon scene matching this exact sentence: ""The cloud looks like a rabbit."". No embedded text, labels, signs, watermarks, logos, photorealism, rainbow/babyish style, AI slop, extra hands/fingers/limbs, or distorted faces."
no_image_required,,,,HFWQ-0391,hfw_51_75,HFW 51-75,1,1,him,multiple_choice,I gave ___ the ball.,I gave him the ball.,him,in | said | for | him,,,,no_image,N,"Create one clean child-friendly LiteracyPath cartoon scene matching this exact sentence: ""I gave him the ball."". No embedded text, labels, signs, watermarks, logos, photorealism, rainbow/babyish style, AI slop, extra hands/fingers/limbs, or distorted faces."
no_image_required,,,,HFWQ-0392,hfw_51_75,HFW 51-75,1,2,him,multiple_choice,She helped ___ stand up.,She helped him stand up.,him,can | said | him | for,,,,no_image,N,"Create one clean child-friendly LiteracyPath cartoon scene matching this exact sentence: ""She helped him stand up."". No embedded text, labels, signs, watermarks, logos, photorealism, rainbow/babyish style, AI slop, extra hands/fingers/limbs, or distorted faces."
no_image_required,,,,HFWQ-0393,hfw_51_75,HFW 51-75,1,2,him,multiple_choice,The dog followed ___ home.,The dog followed him home.,him,said | him | can | number,,,,no_image,N,"Create one clean child-friendly LiteracyPath cartoon scene matching this exact sentence: ""The dog followed him home."". No embedded text, labels, signs, watermarks, logos, photorealism, rainbow/babyish style, AI slop, extra hands/fingers/limbs, or distorted faces."
no_image_required,,,,HFWQ-0394,hfw_51_75,HFW 51-75,2,1,him,hfw_sentence_spell,We saw ___ at school.,We saw him at school.,him,,,,,no_image,N,"Create one clean child-friendly LiteracyPath cartoon scene matching this exact sentence: ""We saw him at school."". No embedded text, labels, signs, watermarks, logos, photorealism, rainbow/babyish style, AI slop, extra hands/fingers/limbs, or distorted faces."
no_image_required,,,,HFWQ-0395,hfw_51_75,HFW 51-75,2,2,him,hfw_sentence_spell,Please tell ___ the answer.,Please tell him the answer.,him,,,,,no_image,N,"Create one clean child-friendly LiteracyPath cartoon scene matching this exact sentence: ""Please tell him the answer."". No embedded text, labels, signs, watermarks, logos, photorealism, rainbow/babyish style, AI slop, extra hands/fingers/limbs, or distorted faces."
no_image_required,,,,HFWQ-0396,hfw_51_75,HFW 51-75,2,2,him,hfw_sentence_spell,The teacher called ___ first.,The teacher called him first.,him,,,,,no_image,N,"Create one clean child-friendly LiteracyPath cartoon scene matching this exact sentence: ""The teacher called him first."". No embedded text, labels, signs, watermarks, logos, photorealism, rainbow/babyish style, AI slop, extra hands/fingers/limbs, or distorted faces."
no_image_required,,,,HFWQ-0397,hfw_51_75,HFW 51-75,1,1,into,multiple_choice,The frog jumped ___ the pond.,The frog jumped into the pond.,into,number | you | into | people,,,,no_image,N,"Create one clean child-friendly LiteracyPath cartoon scene matching this exact sentence: ""The frog jumped into the pond."". No embedded text, labels, signs, watermarks, logos, photorealism, rainbow/babyish style, AI slop, extra hands/fingers/limbs, or distorted faces."
no_image_required,,,,HFWQ-0398,hfw_51_75,HFW 51-75,1,2,into,multiple_choice,Put the blocks ___ the box.,Put the blocks into the box.,into,number | into | people | water,,,,no_image,N,"Create one clean child-friendly LiteracyPath cartoon scene matching this exact sentence: ""Put the blocks into the box."". No embedded text, labels, signs, watermarks, logos, photorealism, rainbow/babyish style, AI slop, extra hands/fingers/limbs, or distorted faces."
no_image_required,,,,HFWQ-0399,hfw_51_75,HFW 51-75,1,2,into,multiple_choice,She walked ___ the room.,She walked into the room.,into,into | look | people | water,,,,no_image,N,"Create one clean child-friendly LiteracyPath cartoon scene matching this exact sentence: ""She walked into the room."". No embedded text, labels, signs, watermarks, logos, photorealism, rainbow/babyish style, AI slop, extra hands/fingers/limbs, or distorted faces."
no_image_required,,,,HFWQ-0400,hfw_51_75,HFW 51-75,2,1,into,hfw_sentence_spell,The bird flew ___ the tree.,The bird flew into the tree.,into,,,,,no_image,N,"Create one clean child-friendly LiteracyPath cartoon scene matching this exact sentence: ""The bird flew into the tree."". No embedded text, labels, signs, watermarks, logos, photorealism, rainbow/babyish style, AI slop, extra hands/fingers/limbs, or distorted faces."
no_image_required,,,,HFWQ-0401,hfw_51_75,HFW 51-75,2,2,into,hfw_sentence_spell,Pour the water ___ the cup.,Pour the water into the cup.,into,,,,,no_image,N,"Create one clean child-friendly LiteracyPath cartoon scene matching this exact sentence: ""Pour the water into the cup."". No embedded text, labels, signs, watermarks, logos, photorealism, rainbow/babyish style, AI slop, extra hands/fingers/limbs, or distorted faces."
no_image_required,,,,HFWQ-0402,hfw_51_75,HFW 51-75,2,2,into,hfw_sentence_spell,He dropped the coin ___ the jar.,He dropped the coin into the jar.,into,,,,,no_image,N,"Create one clean child-friendly LiteracyPath cartoon scene matching this exact sentence: ""He dropped the coin into the jar."". No embedded text, labels, signs, watermarks, logos, photorealism, rainbow/babyish style, AI slop, extra hands/fingers/limbs, or distorted faces."
no_image_required,,,,HFWQ-0403,hfw_51_75,HFW 51-75,1,1,time,multiple_choice,It is ___ to read.,It is time to read.,time,you | is | in | time,,,,no_image,N,"Create one clean child-friendly LiteracyPath cartoon scene matching this exact sentence: ""It is time to read."". No embedded text, labels, signs, watermarks, logos, photorealism, rainbow/babyish style, AI slop, extra hands/fingers/limbs, or distorted faces."
no_image_required,,,,HFWQ-0404,hfw_51_75,HFW 51-75,1,2,time,multiple_choice,What ___ is lunch?,What time is lunch?,time,in | is | for | time,,,,no_image,N,"Create one clean child-friendly LiteracyPath cartoon scene matching this exact sentence: ""What time is lunch?"". No embedded text, labels, signs, watermarks, logos, photorealism, rainbow/babyish style, AI slop, extra hands/fingers/limbs, or distorted faces."
no_image_required,,,,HFWQ-0405,hfw_51_75,HFW 51-75,1,2,time,multiple_choice,We had a fun ___.,We had a fun time.,time,go | for | is | time,,,,no_image,N,"Create one clean child-friendly LiteracyPath cartoon scene matching this exact sentence: ""We had a fun time."". No embedded text, labels, signs, watermarks, logos, photorealism, rainbow/babyish style, AI slop, extra hands/fingers/limbs, or distorted faces."
no_image_required,,,,HFWQ-0406,hfw_51_75,HFW 51-75,2,1,time,hfw_sentence_spell,This is a good ___ to listen.,This is a good time to listen.,time,,,,,no_image,N,"Create one clean child-friendly LiteracyPath cartoon scene matching this exact sentence: ""This is a good time to listen."". No embedded text, labels, signs, watermarks, logos, photorealism, rainbow/babyish style, AI slop, extra hands/fingers/limbs, or distorted faces."
no_image_required,,,,HFWQ-0407,hfw_51_75,HFW 51-75,2,2,time,hfw_sentence_spell,The clock tells ___.,The clock tells time.,time,,,,,no_image,N,"Create one clean child-friendly LiteracyPath cartoon scene matching this exact sentence: ""The clock tells time."". No embedded text, labels, signs, watermarks, logos, photorealism, rainbow/babyish style, AI slop, extra hands/fingers/limbs, or distorted faces."
no_image_required,,,,HFWQ-0408,hfw_51_75,HFW 51-75,2,2,time,hfw_sentence_spell,She needs ___ to finish.,She needs time to finish.,time,,,,,no_image,N,"Create one clean child-friendly LiteracyPath cartoon scene matching this exact sentence: ""She needs time to finish."". No embedded text, labels, signs, watermarks, logos, photorealism, rainbow/babyish style, AI slop, extra hands/fingers/limbs, or distorted faces."
no_image_required,,,,HFWQ-0409,hfw_51_75,HFW 51-75,1,1,has,multiple_choice,The dog ___ a bone.,The dog has a bone.,has,your | for | in | has,,,,no_image,N,"Create one clean child-friendly LiteracyPath cartoon scene matching this exact sentence: ""The dog has a bone."". No embedded text, labels, signs, watermarks, logos, photorealism, rainbow/babyish style, AI slop, extra hands/fingers/limbs, or distorted faces."
no_image_required,,,,HFWQ-0410,hfw_51_75,HFW 51-75,1,2,has,multiple_choice,She ___ a red hat.,She has a red hat.,has,has | for | in | number,,,,no_image,N,"Create one clean child-friendly LiteracyPath cartoon scene matching this exact sentence: ""She has a red hat."". No embedded text, labels, signs, watermarks, logos, photorealism, rainbow/babyish style, AI slop, extra hands/fingers/limbs, or distorted faces."
no_image_required,,,,HFWQ-0411,hfw_51_75,HFW 51-75,1,2,has,multiple_choice,The cup ___ water in it.,The cup has water in it.,has,has | number | for | water,,,,no_image,N,"Create one clean child-friendly LiteracyPath cartoon scene matching this exact sentence: ""The cup has water in it."". No embedded text, labels, signs, watermarks, logos, photorealism, rainbow/babyish style, AI slop, extra hands/fingers/limbs, or distorted faces."
no_image_required,,,,HFWQ-0412,hfw_51_75,HFW 51-75,2,1,has,hfw_sentence_spell,He ___ three pencils.,He has three pencils.,has,,,,,no_image,N,"Create one clean child-friendly LiteracyPath cartoon scene matching this exact sentence: ""He has three pencils."". No embedded text, labels, signs, watermarks, logos, photorealism, rainbow/babyish style, AI slop, extra hands/fingers/limbs, or distorted faces."
no_image_required,,,,HFWQ-0413,hfw_51_75,HFW 51-75,2,2,has,hfw_sentence_spell,The bird ___ blue wings.,The bird has blue wings.,has,,,,,no_image,N,"Create one clean child-friendly LiteracyPath cartoon scene matching this exact sentence: ""The bird has blue wings."". No embedded text, labels, signs, watermarks, logos, photorealism, rainbow/babyish style, AI slop, extra hands/fingers/limbs, or distorted faces."
no_image_required,,,,HFWQ-0414,hfw_51_75,HFW 51-75,2,2,has,hfw_sentence_spell,My cat ___ soft fur.,My cat has soft fur.,has,,,,,no_image,N,"Create one clean child-friendly LiteracyPath cartoon scene matching this exact sentence: ""My cat has soft fur."". No embedded text, labels, signs, watermarks, logos, photorealism, rainbow/babyish style, AI slop, extra hands/fingers/limbs, or distorted faces."
no_image_required,,,,HFWQ-0415,hfw_51_75,HFW 51-75,1,1,look,multiple_choice,___ at the red bird.,Look at the red bird.,look,in | look | for | your,,,,no_image,N,"Create one clean child-friendly LiteracyPath cartoon scene matching this exact sentence: ""Look at the red bird."". No embedded text, labels, signs, watermarks, logos, photorealism, rainbow/babyish style, AI slop, extra hands/fingers/limbs, or distorted faces."
no_image_required,,,,HFWQ-0416,hfw_51_75,HFW 51-75,1,2,look,multiple_choice,___ under the table.,Look under the table.,look,number | for | in | look,,,,no_image,N,"Create one clean child-friendly LiteracyPath cartoon scene matching this exact sentence: ""Look under the table."". No embedded text, labels, signs, watermarks, logos, photorealism, rainbow/babyish style, AI slop, extra hands/fingers/limbs, or distorted faces."
no_image_required,,,,HFWQ-0417,hfw_51_75,HFW 51-75,1,2,look,multiple_choice,I can ___ for my shoe.,I can look for my shoe.,look,look | number | water | for,,,,no_image,N,"Create one clean child-friendly LiteracyPath cartoon scene matching this exact sentence: ""I can look for my shoe."". No embedded text, labels, signs, watermarks, logos, photorealism, rainbow/babyish style, AI slop, extra hands/fingers/limbs, or distorted faces."
no_image_required,,,,HFWQ-0418,hfw_51_75,HFW 51-75,2,1,look,hfw_sentence_spell,___ at this picture.,Look at this picture.,look,,,,,no_image,N,"Create one clean child-friendly LiteracyPath cartoon scene matching this exact sentence: ""Look at this picture."". No embedded text, labels, signs, watermarks, logos, photorealism, rainbow/babyish style, AI slop, extra hands/fingers/limbs, or distorted faces."
no_image_required,,,,HFWQ-0419,hfw_51_75,HFW 51-75,2,2,look,hfw_sentence_spell,Please ___ both ways.,Please look both ways.,look,,,,,no_image,N,"Create one clean child-friendly LiteracyPath cartoon scene matching this exact sentence: ""Please look both ways."". No embedded text, labels, signs, watermarks, logos, photorealism, rainbow/babyish style, AI slop, extra hands/fingers/limbs, or distorted faces."
no_image_required,,,,HFWQ-0420,hfw_51_75,HFW 51-75,2,2,look,hfw_sentence_spell,The cat has a sleepy ___.,The cat has a sleepy look.,look,,,,,no_image,N,"Create one clean child-friendly LiteracyPath cartoon scene matching this exact sentence: ""The cat has a sleepy look."". No embedded text, labels, signs, watermarks, logos, photorealism, rainbow/babyish style, AI slop, extra hands/fingers/limbs, or distorted faces."
no_image_required,,,,HFWQ-0421,hfw_51_75,HFW 51-75,1,1,two,multiple_choice,I have ___ hands.,I have two hands.,two,two | said | for | is,,,,no_image,N,"Create one clean child-friendly LiteracyPath cartoon scene matching this exact sentence: ""I have two hands."". No embedded text, labels, signs, watermarks, logos, photorealism, rainbow/babyish style, AI slop, extra hands/fingers/limbs, or distorted faces."
no_image_required,,,,HFWQ-0422,hfw_51_75,HFW 51-75,1,2,two,multiple_choice,___ birds sat on the fence.,Two birds sat on the fence.,two,look | for | said | two,,,,no_image,N,"Create one clean child-friendly LiteracyPath cartoon scene matching this exact sentence: ""Two birds sat on the fence."". No embedded text, labels, signs, watermarks, logos, photorealism, rainbow/babyish style, AI slop, extra hands/fingers/limbs, or distorted faces."
no_image_required,,,,HFWQ-0423,hfw_51_75,HFW 51-75,1,2,two,multiple_choice,She drew ___ stars.,She drew two stars.,two,come | look | two | said,,,,no_image,N,"Create one clean child-friendly LiteracyPath cartoon scene matching this exact sentence: ""She drew two stars."". No embedded text, labels, signs, watermarks, logos, photorealism, rainbow/babyish style, AI slop, extra hands/fingers/limbs, or distorted faces."
no_image_required,,,,HFWQ-0424,hfw_51_75,HFW 51-75,2,1,two,hfw_sentence_spell,We need ___ chairs.,We need two chairs.,two,,,,,no_image,N,"Create one clean child-friendly LiteracyPath cartoon scene matching this exact sentence: ""We need two chairs."". No embedded text, labels, signs, watermarks, logos, photorealism, rainbow/babyish style, AI slop, extra hands/fingers/limbs, or distorted faces."
no_image_required,,,,HFWQ-0425,hfw_51_75,HFW 51-75,2,2,two,hfw_sentence_spell,___ dogs ran in the yard.,Two dogs ran in the yard.,two,,,,,no_image,N,"Create one clean child-friendly LiteracyPath cartoon scene matching this exact sentence: ""Two dogs ran in the yard."". No embedded text, labels, signs, watermarks, logos, photorealism, rainbow/babyish style, AI slop, extra hands/fingers/limbs, or distorted faces."
no_image_required,,,,HFWQ-0426,hfw_51_75,HFW 51-75,2,2,two,hfw_sentence_spell,He ate ___ grapes.,He ate two grapes.,two,,,,,no_image,N,"Create one clean child-friendly LiteracyPath cartoon scene matching this exact sentence: ""He ate two grapes."". No embedded text, labels, signs, watermarks, logos, photorealism, rainbow/babyish style, AI slop, extra hands/fingers/limbs, or distorted faces."
no_image_required,,,,HFWQ-0427,hfw_51_75,HFW 51-75,1,1,more,multiple_choice,I want ___ water.,I want more water.,more,is | said | for | more,,,,no_image,N,"Create one clean child-friendly LiteracyPath cartoon scene matching this exact sentence: ""I want more water."". No embedded text, labels, signs, watermarks, logos, photorealism, rainbow/babyish style, AI slop, extra hands/fingers/limbs, or distorted faces."
no_image_required,,,,HFWQ-0428,hfw_51_75,HFW 51-75,1,2,more,multiple_choice,Please read one ___ page.,Please read one more page.,more,for | look | said | more,,,,no_image,N,"Create one clean child-friendly LiteracyPath cartoon scene matching this exact sentence: ""Please read one more page."". No embedded text, labels, signs, watermarks, logos, photorealism, rainbow/babyish style, AI slop, extra hands/fingers/limbs, or distorted faces."
no_image_required,,,,HFWQ-0429,hfw_51_75,HFW 51-75,1,2,more,multiple_choice,There are ___ blocks in the box.,There are more blocks in the box.,more,more | come | look | said,,,,no_image,N,"Create one clean child-friendly LiteracyPath cartoon scene matching this exact sentence: ""There are more blocks in the box."". No embedded text, labels, signs, watermarks, logos, photorealism, rainbow/babyish style, AI slop, extra hands/fingers/limbs, or distorted faces."
no_image_required,,,,HFWQ-0430,hfw_51_75,HFW 51-75,2,1,more,hfw_sentence_spell,She needs ___ time.,She needs more time.,more,,,,,no_image,N,"Create one clean child-friendly LiteracyPath cartoon scene matching this exact sentence: ""She needs more time."". No embedded text, labels, signs, watermarks, logos, photorealism, rainbow/babyish style, AI slop, extra hands/fingers/limbs, or distorted faces."
no_image_required,,,,HFWQ-0431,hfw_51_75,HFW 51-75,2,2,more,hfw_sentence_spell,Can I have ___ grapes?,Can I have more grapes?,more,,,,,no_image,N,"Create one clean child-friendly LiteracyPath cartoon scene matching this exact sentence: ""Can I have more grapes?"". No embedded text, labels, signs, watermarks, logos, photorealism, rainbow/babyish style, AI slop, extra hands/fingers/limbs, or distorted faces."
no_image_required,,,,HFWQ-0432,hfw_51_75,HFW 51-75,2,2,more,hfw_sentence_spell,The puppy wants ___ food.,The puppy wants more food.,more,,,,,no_image,N,"Create one clean child-friendly LiteracyPath cartoon scene matching this exact sentence: ""The puppy wants more food."". No embedded text, labels, signs, watermarks, logos, photorealism, rainbow/babyish style, AI slop, extra hands/fingers/limbs, or distorted faces."
no_image_required,,,,HFWQ-0433,hfw_51_75,HFW 51-75,1,1,write,multiple_choice,___ your name at the top.,Write your name at the top.,write,your | in | for | write,,,,no_image,N,"Create one clean child-friendly LiteracyPath cartoon scene matching this exact sentence: ""Write your name at the top."". No embedded text, labels, signs, watermarks, logos, photorealism, rainbow/babyish style, AI slop, extra hands/fingers/limbs, or distorted faces."
no_image_required,,,,HFWQ-0434,hfw_51_75,HFW 51-75,1,2,write,multiple_choice,I can ___ the word cat.,I can write the word cat.,write,for | number | in | write,,,,no_image,N,"Create one clean child-friendly LiteracyPath cartoon scene matching this exact sentence: ""I can write the word cat."". No embedded text, labels, signs, watermarks, logos, photorealism, rainbow/babyish style, AI slop, extra hands/fingers/limbs, or distorted faces."
no_image_required,,,,HFWQ-0435,hfw_51_75,HFW 51-75,1,2,write,multiple_choice,Please ___ with a pencil.,Please write with a pencil.,write,for | write | water | number,,,,no_image,N,"Create one clean child-friendly LiteracyPath cartoon scene matching this exact sentence: ""Please write with a pencil."". No embedded text, labels, signs, watermarks, logos, photorealism, rainbow/babyish style, AI slop, extra hands/fingers/limbs, or distorted faces."
no_image_required,,,,HFWQ-0436,hfw_51_75,HFW 51-75,2,1,write,hfw_sentence_spell,She will ___ a story.,She will write a story.,write,,,,,no_image,N,"Create one clean child-friendly LiteracyPath cartoon scene matching this exact sentence: ""She will write a story."". No embedded text, labels, signs, watermarks, logos, photorealism, rainbow/babyish style, AI slop, extra hands/fingers/limbs, or distorted faces."
no_image_required,,,,HFWQ-0437,hfw_51_75,HFW 51-75,2,2,write,hfw_sentence_spell,He likes to ___ numbers.,He likes to write numbers.,write,,,,,no_image,N,"Create one clean child-friendly LiteracyPath cartoon scene matching this exact sentence: ""He likes to write numbers."". No embedded text, labels, signs, watermarks, logos, photorealism, rainbow/babyish style, AI slop, extra hands/fingers/limbs, or distorted faces."
no_image_required,,,,HFWQ-0438,hfw_51_75,HFW 51-75,2,2,write,hfw_sentence_spell,___ the answer on the line.,Write the answer on the line.,write,,,,,no_image,N,"Create one clean child-friendly LiteracyPath cartoon scene matching this exact sentence: ""Write the answer on the line."". No embedded text, labels, signs, watermarks, logos, photorealism, rainbow/babyish style, AI slop, extra hands/fingers/limbs, or distorted faces."
no_image_required,,,,HFWQ-0439,hfw_51_75,HFW 51-75,1,1,go,multiple_choice,We ___ to school in the morning.,We go to school in the morning.,go,for | your | go | in,,,,no_image,N,"Create one clean child-friendly LiteracyPath cartoon scene matching this exact sentence: ""We go to school in the morning."". No embedded text, labels, signs, watermarks, logos, photorealism, rainbow/babyish style, AI slop, extra hands/fingers/limbs, or distorted faces."
no_image_required,,,,HFWQ-0440,hfw_51_75,HFW 51-75,1,2,go,multiple_choice,"___ to the door, please.","Go to the door, please.",go,for | in | go | number,,,,no_image,N,"Create one clean child-friendly LiteracyPath cartoon scene matching this exact sentence: ""Go to the door, please."". No embedded text, labels, signs, watermarks, logos, photorealism, rainbow/babyish style, AI slop, extra hands/fingers/limbs, or distorted faces."
no_image_required,,,,HFWQ-0441,hfw_51_75,HFW 51-75,1,2,go,multiple_choice,The cars ___ fast.,The cars go fast.,go,for | go | number | water,,,,no_image,N,"Create one clean child-friendly LiteracyPath cartoon scene matching this exact sentence: ""The cars go fast."". No embedded text, labels, signs, watermarks, logos, photorealism, rainbow/babyish style, AI slop, extra hands/fingers/limbs, or distorted faces."
no_image_required,,,,HFWQ-0442,hfw_51_75,HFW 51-75,2,1,go,hfw_sentence_spell,I will ___ after lunch.,I will go after lunch.,go,,,,,no_image,N,"Create one clean child-friendly LiteracyPath cartoon scene matching this exact sentence: ""I will go after lunch."". No embedded text, labels, signs, watermarks, logos, photorealism, rainbow/babyish style, AI slop, extra hands/fingers/limbs, or distorted faces."
no_image_required,,,,HFWQ-0443,hfw_51_75,HFW 51-75,2,2,go,hfw_sentence_spell,Where did the dog ___?,Where did the dog go?,go,,,,,no_image,N,"Create one clean child-friendly LiteracyPath cartoon scene matching this exact sentence: ""Where did the dog go?"". No embedded text, labels, signs, watermarks, logos, photorealism, rainbow/babyish style, AI slop, extra hands/fingers/limbs, or distorted faces."
no_image_required,,,,HFWQ-0444,hfw_51_75,HFW 51-75,2,2,go,hfw_sentence_spell,The bird can ___ high in the sky.,The bird can go high in the sky.,go,,,,,no_image,N,"Create one clean child-friendly LiteracyPath cartoon scene matching this exact sentence: ""The bird can go high in the sky."". No embedded text, labels, signs, watermarks, logos, photorealism, rainbow/babyish style, AI slop, extra hands/fingers/limbs, or distorted faces."
no_image_required,,,,HFWQ-0445,hfw_51_75,HFW 51-75,1,1,see,multiple_choice,I ___ a red bird.,I see a red bird.,see,see | in | your | for,,,,no_image,N,"Create one clean child-friendly LiteracyPath cartoon scene matching this exact sentence: ""I see a red bird."". No embedded text, labels, signs, watermarks, logos, photorealism, rainbow/babyish style, AI slop, extra hands/fingers/limbs, or distorted faces."
no_image_required,,,,HFWQ-0446,hfw_51_75,HFW 51-75,1,2,see,multiple_choice,Can you ___ the moon?,Can you see the moon?,see,number | see | for | in,,,,no_image,N,"Create one clean child-friendly LiteracyPath cartoon scene matching this exact sentence: ""Can you see the moon?"". No embedded text, labels, signs, watermarks, logos, photorealism, rainbow/babyish style, AI slop, extra hands/fingers/limbs, or distorted faces."
no_image_required,,,,HFWQ-0447,hfw_51_75,HFW 51-75,1,2,see,multiple_choice,We ___ fish in the pond.,We see fish in the pond.,see,for | water | number | see,,,,no_image,N,"Create one clean child-friendly LiteracyPath cartoon scene matching this exact sentence: ""We see fish in the pond."". No embedded text, labels, signs, watermarks, logos, photorealism, rainbow/babyish style, AI slop, extra hands/fingers/limbs, or distorted faces."
no_image_required,,,,HFWQ-0448,hfw_51_75,HFW 51-75,2,1,see,hfw_sentence_spell,She can ___ the small bug.,She can see the small bug.,see,,,,,no_image,N,"Create one clean child-friendly LiteracyPath cartoon scene matching this exact sentence: ""She can see the small bug."". No embedded text, labels, signs, watermarks, logos, photorealism, rainbow/babyish style, AI slop, extra hands/fingers/limbs, or distorted faces."
no_image_required,,,,HFWQ-0449,hfw_51_75,HFW 51-75,2,2,see,hfw_sentence_spell,Do you ___ my hat?,Do you see my hat?,see,,,,,no_image,N,"Create one clean child-friendly LiteracyPath cartoon scene matching this exact sentence: ""Do you see my hat?"". No embedded text, labels, signs, watermarks, logos, photorealism, rainbow/babyish style, AI slop, extra hands/fingers/limbs, or distorted faces."
no_image_required,,,,HFWQ-0450,hfw_51_75,HFW 51-75,2,2,see,hfw_sentence_spell,I ___ three stars.,I see three stars.,see,,,,,no_image,N,"Create one clean child-friendly LiteracyPath cartoon scene matching this exact sentence: ""I see three stars."". No embedded text, labels, signs, watermarks, logos, photorealism, rainbow/babyish style, AI slop, extra hands/fingers/limbs, or distorted faces."
no_image_required,,,,HFWQ-0451,hfw_76_100,HFW 76-100,1,1,number,multiple_choice,Write the ___ five.,Write the number five.,number,number | in | for | you,,,,no_image,N,"Create one clean child-friendly LiteracyPath cartoon scene matching this exact sentence: ""Write the number five."". No embedded text, labels, signs, watermarks, logos, photorealism, rainbow/babyish style, AI slop, extra hands/fingers/limbs, or distorted faces."
no_image_required,,,,HFWQ-0452,hfw_76_100,HFW 76-100,1,2,number,multiple_choice,What ___ comes next?,What number comes next?,number,for | number | in | is,,,,no_image,N,"Create one clean child-friendly LiteracyPath cartoon scene matching this exact sentence: ""What number comes next?"". No embedded text, labels, signs, watermarks, logos, photorealism, rainbow/babyish style, AI slop, extra hands/fingers/limbs, or distorted faces."
no_image_required,,,,HFWQ-0453,hfw_76_100,HFW 76-100,1,2,number,multiple_choice,The ___ is on the card.,The number is on the card.,number,number | go | is | for,,,,no_image,N,"Create one clean child-friendly LiteracyPath cartoon scene matching this exact sentence: ""The number is on the card."". No embedded text, labels, signs, watermarks, logos, photorealism, rainbow/babyish style, AI slop, extra hands/fingers/limbs, or distorted faces."
no_image_required,,,,HFWQ-0454,hfw_76_100,HFW 76-100,2,1,number,hfw_sentence_spell,Circle the biggest ___.,Circle the biggest number.,number,,,,,no_image,N,"Create one clean child-friendly LiteracyPath cartoon scene matching this exact sentence: ""Circle the biggest number."". No embedded text, labels, signs, watermarks, logos, photorealism, rainbow/babyish style, AI slop, extra hands/fingers/limbs, or distorted faces."
no_image_required,,,,HFWQ-0455,hfw_76_100,HFW 76-100,2,2,number,hfw_sentence_spell,I can read this ___.,I can read this number.,number,,,,,no_image,N,"Create one clean child-friendly LiteracyPath cartoon scene matching this exact sentence: ""I can read this number."". No embedded text, labels, signs, watermarks, logos, photorealism, rainbow/babyish style, AI slop, extra hands/fingers/limbs, or distorted faces."
no_image_required,,,,HFWQ-0456,hfw_76_100,HFW 76-100,2,2,number,hfw_sentence_spell,Put the ___ beside your name.,Put the number beside your name.,number,,,,,no_image,N,"Create one clean child-friendly LiteracyPath cartoon scene matching this exact sentence: ""Put the number beside your name."". No embedded text, labels, signs, watermarks, logos, photorealism, rainbow/babyish style, AI slop, extra hands/fingers/limbs, or distorted faces."
no_image_required,,,,HFWQ-0457,hfw_76_100,HFW 76-100,1,1,no,multiple_choice,"___, that is not my shoe.","No, that is not my shoe.",no,for | no | is | said,,,,no_image,N,"Create one clean child-friendly LiteracyPath cartoon scene matching this exact sentence: ""No, that is not my shoe."". No embedded text, labels, signs, watermarks, logos, photorealism, rainbow/babyish style, AI slop, extra hands/fingers/limbs, or distorted faces."
no_image_required,,,,HFWQ-0458,hfw_76_100,HFW 76-100,1,2,no,multiple_choice,There is ___ milk left.,There is no milk left.,no,said | look | no | for,,,,no_image,N,"Create one clean child-friendly LiteracyPath cartoon scene matching this exact sentence: ""There is no milk left."". No embedded text, labels, signs, watermarks, logos, photorealism, rainbow/babyish style, AI slop, extra hands/fingers/limbs, or distorted faces."
no_image_required,,,,HFWQ-0459,hfw_76_100,HFW 76-100,1,2,no,multiple_choice,___ dogs are in the room.,No dogs are in the room.,no,no | said | come | look,,,,no_image,N,"Create one clean child-friendly LiteracyPath cartoon scene matching this exact sentence: ""No dogs are in the room."". No embedded text, labels, signs, watermarks, logos, photorealism, rainbow/babyish style, AI slop, extra hands/fingers/limbs, or distorted faces."
no_image_required,,,,HFWQ-0460,hfw_76_100,HFW 76-100,2,1,no,hfw_sentence_spell,I see ___ clouds today.,I see no clouds today.,no,,,,,no_image,N,"Create one clean child-friendly LiteracyPath cartoon scene matching this exact sentence: ""I see no clouds today."". No embedded text, labels, signs, watermarks, logos, photorealism, rainbow/babyish style, AI slop, extra hands/fingers/limbs, or distorted faces."
no_image_required,,,,HFWQ-0461,hfw_76_100,HFW 76-100,2,2,no,hfw_sentence_spell,___ one was late.,No one was late.,no,,,,,no_image,N,"Create one clean child-friendly LiteracyPath cartoon scene matching this exact sentence: ""No one was late."". No embedded text, labels, signs, watermarks, logos, photorealism, rainbow/babyish style, AI slop, extra hands/fingers/limbs, or distorted faces."
no_image_required,,,,HFWQ-0462,hfw_76_100,HFW 76-100,2,2,no,hfw_sentence_spell,"___, thank you.","No, thank you.",no,,,,,no_image,N,"Create one clean child-friendly LiteracyPath cartoon scene matching this exact sentence: ""No, thank you."". No embedded text, labels, signs, watermarks, logos, photorealism, rainbow/babyish style, AI slop, extra hands/fingers/limbs, or distorted faces."
no_image_required,,,,HFWQ-0463,hfw_76_100,HFW 76-100,1,1,way,multiple_choice,This is the ___ to the library.,This is the way to the library.,way,in | you | way | for,,,,no_image,N,"Create one clean child-friendly LiteracyPath cartoon scene matching this exact sentence: ""This is the way to the library."". No embedded text, labels, signs, watermarks, logos, photorealism, rainbow/babyish style, AI slop, extra hands/fingers/limbs, or distorted faces."
no_image_required,,,,HFWQ-0464,hfw_76_100,HFW 76-100,1,2,way,multiple_choice,Which ___ should we go?,Which way should we go?,way,is | for | way | in,,,,no_image,N,"Create one clean child-friendly LiteracyPath cartoon scene matching this exact sentence: ""Which way should we go?"". No embedded text, labels, signs, watermarks, logos, photorealism, rainbow/babyish style, AI slop, extra hands/fingers/limbs, or distorted faces."
no_image_required,,,,HFWQ-0465,hfw_76_100,HFW 76-100,1,2,way,multiple_choice,The dog ran the other ___.,The dog ran the other way.,way,for | way | go | is,,,,no_image,N,"Create one clean child-friendly LiteracyPath cartoon scene matching this exact sentence: ""The dog ran the other way."". No embedded text, labels, signs, watermarks, logos, photorealism, rainbow/babyish style, AI slop, extra hands/fingers/limbs, or distorted faces."
no_image_required,,,,HFWQ-0466,hfw_76_100,HFW 76-100,2,1,way,hfw_sentence_spell,I know a better ___.,I know a better way.,way,,,,,no_image,N,"Create one clean child-friendly LiteracyPath cartoon scene matching this exact sentence: ""I know a better way."". No embedded text, labels, signs, watermarks, logos, photorealism, rainbow/babyish style, AI slop, extra hands/fingers/limbs, or distorted faces."
no_image_required,,,,HFWQ-0467,hfw_76_100,HFW 76-100,2,2,way,hfw_sentence_spell,The path goes this ___.,The path goes this way.,way,,,,,no_image,N,"Create one clean child-friendly LiteracyPath cartoon scene matching this exact sentence: ""The path goes this way."". No embedded text, labels, signs, watermarks, logos, photorealism, rainbow/babyish style, AI slop, extra hands/fingers/limbs, or distorted faces."
no_image_required,,,,HFWQ-0468,hfw_76_100,HFW 76-100,2,2,way,hfw_sentence_spell,She waved on the ___ home.,She waved on the way home.,way,,,,,no_image,N,"Create one clean child-friendly LiteracyPath cartoon scene matching this exact sentence: ""She waved on the way home."". No embedded text, labels, signs, watermarks, logos, photorealism, rainbow/babyish style, AI slop, extra hands/fingers/limbs, or distorted faces."
no_image_required,,,,HFWQ-0469,hfw_76_100,HFW 76-100,1,1,could,multiple_choice,___ you help me?,Could you help me?,could,could | for | in | your,,,,no_image,N,"Create one clean child-friendly LiteracyPath cartoon scene matching this exact sentence: ""Could you help me?"". No embedded text, labels, signs, watermarks, logos, photorealism, rainbow/babyish style, AI slop, extra hands/fingers/limbs, or distorted faces."
no_image_required,,,,HFWQ-0470,hfw_76_100,HFW 76-100,1,2,could,multiple_choice,The dog ___ not find the bone.,The dog could not find the bone.,could,for | in | number | could,,,,no_image,N,"Create one clean child-friendly LiteracyPath cartoon scene matching this exact sentence: ""The dog could not find the bone."". No embedded text, labels, signs, watermarks, logos, photorealism, rainbow/babyish style, AI slop, extra hands/fingers/limbs, or distorted faces."
no_image_required,,,,HFWQ-0471,hfw_76_100,HFW 76-100,1,2,could,multiple_choice,She ___ read the sign.,She could read the sign.,could,could | for | number | water,,,,no_image,N,"Create one clean child-friendly LiteracyPath cartoon scene matching this exact sentence: ""She could read the sign."". No embedded text, labels, signs, watermarks, logos, photorealism, rainbow/babyish style, AI slop, extra hands/fingers/limbs, or distorted faces."
no_image_required,,,,HFWQ-0472,hfw_76_100,HFW 76-100,2,1,could,hfw_sentence_spell,___ we play outside?,Could we play outside?,could,,,,,no_image,N,"Create one clean child-friendly LiteracyPath cartoon scene matching this exact sentence: ""Could we play outside?"". No embedded text, labels, signs, watermarks, logos, photorealism, rainbow/babyish style, AI slop, extra hands/fingers/limbs, or distorted faces."
no_image_required,,,,HFWQ-0473,hfw_76_100,HFW 76-100,2,2,could,hfw_sentence_spell,He ___ jump over the line.,He could jump over the line.,could,,,,,no_image,N,"Create one clean child-friendly LiteracyPath cartoon scene matching this exact sentence: ""He could jump over the line."". No embedded text, labels, signs, watermarks, logos, photorealism, rainbow/babyish style, AI slop, extra hands/fingers/limbs, or distorted faces."
no_image_required,,,,HFWQ-0474,hfw_76_100,HFW 76-100,2,2,could,hfw_sentence_spell,The bird ___ fly high.,The bird could fly high.,could,,,,,no_image,N,"Create one clean child-friendly LiteracyPath cartoon scene matching this exact sentence: ""The bird could fly high."". No embedded text, labels, signs, watermarks, logos, photorealism, rainbow/babyish style, AI slop, extra hands/fingers/limbs, or distorted faces."
no_image_required,,,,HFWQ-0475,hfw_76_100,HFW 76-100,1,1,people,multiple_choice,Many ___ came to the park.,Many people came to the park.,people,you | people | for | in,,,,no_image,N,"Create one clean child-friendly LiteracyPath cartoon scene matching this exact sentence: ""Many people came to the park."". No embedded text, labels, signs, watermarks, logos, photorealism, rainbow/babyish style, AI slop, extra hands/fingers/limbs, or distorted faces."
no_image_required,,,,HFWQ-0476,hfw_76_100,HFW 76-100,1,2,people,multiple_choice,The ___ stood in line.,The people stood in line.,people,in | people | for | is,,,,no_image,N,"Create one clean child-friendly LiteracyPath cartoon scene matching this exact sentence: ""The people stood in line."". No embedded text, labels, signs, watermarks, logos, photorealism, rainbow/babyish style, AI slop, extra hands/fingers/limbs, or distorted faces."
no_image_required,,,,HFWQ-0477,hfw_76_100,HFW 76-100,1,2,people,multiple_choice,Some ___ like rainy days.,Some people like rainy days.,people,is | go | for | people,,,,no_image,N,"Create one clean child-friendly LiteracyPath cartoon scene matching this exact sentence: ""Some people like rainy days."". No embedded text, labels, signs, watermarks, logos, photorealism, rainbow/babyish style, AI slop, extra hands/fingers/limbs, or distorted faces."
no_image_required,,,,HFWQ-0478,hfw_76_100,HFW 76-100,2,1,people,hfw_sentence_spell,___ can help each other.,People can help each other.,people,,,,,no_image,N,"Create one clean child-friendly LiteracyPath cartoon scene matching this exact sentence: ""People can help each other."". No embedded text, labels, signs, watermarks, logos, photorealism, rainbow/babyish style, AI slop, extra hands/fingers/limbs, or distorted faces."
no_image_required,,,,HFWQ-0479,hfw_76_100,HFW 76-100,2,2,people,hfw_sentence_spell,The ___ clapped for the team.,The people clapped for the team.,people,,,,,no_image,N,"Create one clean child-friendly LiteracyPath cartoon scene matching this exact sentence: ""The people clapped for the team."". No embedded text, labels, signs, watermarks, logos, photorealism, rainbow/babyish style, AI slop, extra hands/fingers/limbs, or distorted faces."
no_image_required,,,,HFWQ-0480,hfw_76_100,HFW 76-100,2,2,people,hfw_sentence_spell,Three ___ sat on the bench.,Three people sat on the bench.,people,,,,,no_image,N,"Create one clean child-friendly LiteracyPath cartoon scene matching this exact sentence: ""Three people sat on the bench."". No embedded text, labels, signs, watermarks, logos, photorealism, rainbow/babyish style, AI slop, extra hands/fingers/limbs, or distorted faces."
no_image_required,,,,HFWQ-0481,hfw_76_100,HFW 76-100,1,1,my,multiple_choice,This is ___ book.,This is my book.,my,my | is | for | said,,,,no_image,N,"Create one clean child-friendly LiteracyPath cartoon scene matching this exact sentence: ""This is my book."". No embedded text, labels, signs, watermarks, logos, photorealism, rainbow/babyish style, AI slop, extra hands/fingers/limbs, or distorted faces."
no_image_required,,,,HFWQ-0482,hfw_76_100,HFW 76-100,1,2,my,multiple_choice,___ dog likes to run.,My dog likes to run.,my,said | for | look | my,,,,no_image,N,"Create one clean child-friendly LiteracyPath cartoon scene matching this exact sentence: ""My dog likes to run."". No embedded text, labels, signs, watermarks, logos, photorealism, rainbow/babyish style, AI slop, extra hands/fingers/limbs, or distorted faces."
no_image_required,,,,HFWQ-0483,hfw_76_100,HFW 76-100,1,2,my,multiple_choice,I put ___ pencil away.,I put my pencil away.,my,come | said | my | look,,,,no_image,N,"Create one clean child-friendly LiteracyPath cartoon scene matching this exact sentence: ""I put my pencil away."". No embedded text, labels, signs, watermarks, logos, photorealism, rainbow/babyish style, AI slop, extra hands/fingers/limbs, or distorted faces."
no_image_required,,,,HFWQ-0484,hfw_76_100,HFW 76-100,2,1,my,hfw_sentence_spell,___ coat is on the hook.,My coat is on the hook.,my,,,,,no_image,N,"Create one clean child-friendly LiteracyPath cartoon scene matching this exact sentence: ""My coat is on the hook."". No embedded text, labels, signs, watermarks, logos, photorealism, rainbow/babyish style, AI slop, extra hands/fingers/limbs, or distorted faces."
no_image_required,,,,HFWQ-0485,hfw_76_100,HFW 76-100,2,2,my,hfw_sentence_spell,I can write ___ name.,I can write my name.,my,,,,,no_image,N,"Create one clean child-friendly LiteracyPath cartoon scene matching this exact sentence: ""I can write my name."". No embedded text, labels, signs, watermarks, logos, photorealism, rainbow/babyish style, AI slop, extra hands/fingers/limbs, or distorted faces."
no_image_required,,,,HFWQ-0486,hfw_76_100,HFW 76-100,2,2,my,hfw_sentence_spell,___ cat sleeps on the chair.,My cat sleeps on the chair.,my,,,,,no_image,N,"Create one clean child-friendly LiteracyPath cartoon scene matching this exact sentence: ""My cat sleeps on the chair."". No embedded text, labels, signs, watermarks, logos, photorealism, rainbow/babyish style, AI slop, extra hands/fingers/limbs, or distorted faces."
no_image_required,,,,HFWQ-0487,hfw_76_100,HFW 76-100,1,1,than,multiple_choice,Five is more ___ three.,Five is more than three.,than,people | number | than | you,,,,no_image,N,"Create one clean child-friendly LiteracyPath cartoon scene matching this exact sentence: ""Five is more than three."". No embedded text, labels, signs, watermarks, logos, photorealism, rainbow/babyish style, AI slop, extra hands/fingers/limbs, or distorted faces."
no_image_required,,,,HFWQ-0488,hfw_76_100,HFW 76-100,1,2,than,multiple_choice,The dog is bigger ___ the cat.,The dog is bigger than the cat.,than,number | people | than | water,,,,no_image,N,"Create one clean child-friendly LiteracyPath cartoon scene matching this exact sentence: ""The dog is bigger than the cat."". No embedded text, labels, signs, watermarks, logos, photorealism, rainbow/babyish style, AI slop, extra hands/fingers/limbs, or distorted faces."
no_image_required,,,,HFWQ-0489,hfw_76_100,HFW 76-100,1,2,than,multiple_choice,She is taller ___ her brother.,She is taller than her brother.,than,people | than | water | look,,,,no_image,N,"Create one clean child-friendly LiteracyPath cartoon scene matching this exact sentence: ""She is taller than her brother."". No embedded text, labels, signs, watermarks, logos, photorealism, rainbow/babyish style, AI slop, extra hands/fingers/limbs, or distorted faces."
no_image_required,,,,HFWQ-0490,hfw_76_100,HFW 76-100,2,1,than,hfw_sentence_spell,This book is longer ___ that book.,This book is longer than that book.,than,,,,,no_image,N,"Create one clean child-friendly LiteracyPath cartoon scene matching this exact sentence: ""This book is longer than that book."". No embedded text, labels, signs, watermarks, logos, photorealism, rainbow/babyish style, AI slop, extra hands/fingers/limbs, or distorted faces."
no_image_required,,,,HFWQ-0491,hfw_76_100,HFW 76-100,2,2,than,hfw_sentence_spell,The red block is smaller ___ the blue block.,The red block is smaller than the blue block.,than,,,,,no_image,N,"Create one clean child-friendly LiteracyPath cartoon scene matching this exact sentence: ""The red block is smaller than the blue block."". No embedded text, labels, signs, watermarks, logos, photorealism, rainbow/babyish style, AI slop, extra hands/fingers/limbs, or distorted faces."
no_image_required,,,,HFWQ-0492,hfw_76_100,HFW 76-100,2,2,than,hfw_sentence_spell,I ran faster ___ Sam.,I ran faster than Sam.,than,,,,,no_image,N,"Create one clean child-friendly LiteracyPath cartoon scene matching this exact sentence: ""I ran faster than Sam."". No embedded text, labels, signs, watermarks, logos, photorealism, rainbow/babyish style, AI slop, extra hands/fingers/limbs, or distorted faces."
no_image_required,,,,HFWQ-0493,hfw_76_100,HFW 76-100,1,1,first,multiple_choice,I was ___ in line.,I was first in line.,first,for | first | in | you,,,,no_image,N,"Create one clean child-friendly LiteracyPath cartoon scene matching this exact sentence: ""I was first in line."". No embedded text, labels, signs, watermarks, logos, photorealism, rainbow/babyish style, AI slop, extra hands/fingers/limbs, or distorted faces."
no_image_required,,,,HFWQ-0494,hfw_76_100,HFW 76-100,1,2,first,multiple_choice,Read the ___ word.,Read the first word.,first,first | for | is | in,,,,no_image,N,"Create one clean child-friendly LiteracyPath cartoon scene matching this exact sentence: ""Read the first word."". No embedded text, labels, signs, watermarks, logos, photorealism, rainbow/babyish style, AI slop, extra hands/fingers/limbs, or distorted faces."
no_image_required,,,,HFWQ-0495,hfw_76_100,HFW 76-100,1,2,first,multiple_choice,The ___ page has a picture.,The first page has a picture.,first,go | is | for | first,,,,no_image,N,"Create one clean child-friendly LiteracyPath cartoon scene matching this exact sentence: ""The first page has a picture."". No embedded text, labels, signs, watermarks, logos, photorealism, rainbow/babyish style, AI slop, extra hands/fingers/limbs, or distorted faces."
no_image_required,,,,HFWQ-0496,hfw_76_100,HFW 76-100,2,1,first,hfw_sentence_spell,"___, wash your hands.","First, wash your hands.",first,,,,,no_image,N,"Create one clean child-friendly LiteracyPath cartoon scene matching this exact sentence: ""First, wash your hands."". No embedded text, labels, signs, watermarks, logos, photorealism, rainbow/babyish style, AI slop, extra hands/fingers/limbs, or distorted faces."
no_image_required,,,,HFWQ-0497,hfw_76_100,HFW 76-100,2,2,first,hfw_sentence_spell,She got the ___ turn.,She got the first turn.,first,,,,,no_image,N,"Create one clean child-friendly LiteracyPath cartoon scene matching this exact sentence: ""She got the first turn."". No embedded text, labels, signs, watermarks, logos, photorealism, rainbow/babyish style, AI slop, extra hands/fingers/limbs, or distorted faces."
no_image_required,,,,HFWQ-0498,hfw_76_100,HFW 76-100,2,2,first,hfw_sentence_spell,The ___ bird flew away.,The first bird flew away.,first,,,,,no_image,N,"Create one clean child-friendly LiteracyPath cartoon scene matching this exact sentence: ""The first bird flew away."". No embedded text, labels, signs, watermarks, logos, photorealism, rainbow/babyish style, AI slop, extra hands/fingers/limbs, or distorted faces."
no_image_required,,,,HFWQ-0499,hfw_76_100,HFW 76-100,1,1,water,multiple_choice,The cup has ___ in it.,The cup has water in it.,water,in | you | water | for,,,,no_image,N,"Create one clean child-friendly LiteracyPath cartoon scene matching this exact sentence: ""The cup has water in it."". No embedded text, labels, signs, watermarks, logos, photorealism, rainbow/babyish style, AI slop, extra hands/fingers/limbs, or distorted faces."
no_image_required,,,,HFWQ-0500,hfw_76_100,HFW 76-100,1,2,water,multiple_choice,Plants need ___ to grow.,Plants need water to grow.,water,for | water | in | is,,,,no_image,N,"Create one clean child-friendly LiteracyPath cartoon scene matching this exact sentence: ""Plants need water to grow."". No embedded text, labels, signs, watermarks, logos, photorealism, rainbow/babyish style, AI slop, extra hands/fingers/limbs, or distorted faces."
no_image_required,,,,HFWQ-0501,hfw_76_100,HFW 76-100,1,2,water,multiple_choice,Drink some ___ after running.,Drink some water after running.,water,is | for | water | go,,,,no_image,N,"Create one clean child-friendly LiteracyPath cartoon scene matching this exact sentence: ""Drink some water after running."". No embedded text, labels, signs, watermarks, logos, photorealism, rainbow/babyish style, AI slop, extra hands/fingers/limbs, or distorted faces."
no_image_required,,,,HFWQ-0502,hfw_76_100,HFW 76-100,2,1,water,hfw_sentence_spell,The fish swims in ___.,The fish swims in water.,water,,,,,no_image,N,"Create one clean child-friendly LiteracyPath cartoon scene matching this exact sentence: ""The fish swims in water."". No embedded text, labels, signs, watermarks, logos, photorealism, rainbow/babyish style, AI slop, extra hands/fingers/limbs, or distorted faces."
no_image_required,,,,HFWQ-0503,hfw_76_100,HFW 76-100,2,2,water,hfw_sentence_spell,She poured ___ into the bowl.,She poured water into the bowl.,water,,,,,no_image,N,"Create one clean child-friendly LiteracyPath cartoon scene matching this exact sentence: ""She poured water into the bowl."". No embedded text, labels, signs, watermarks, logos, photorealism, rainbow/babyish style, AI slop, extra hands/fingers/limbs, or distorted faces."
no_image_required,,,,HFWQ-0504,hfw_76_100,HFW 76-100,2,2,water,hfw_sentence_spell,The dog drank ___.,The dog drank water.,water,,,,,no_image,N,"Create one clean child-friendly LiteracyPath cartoon scene matching this exact sentence: ""The dog drank water."". No embedded text, labels, signs, watermarks, logos, photorealism, rainbow/babyish style, AI slop, extra hands/fingers/limbs, or distorted faces."
no_image_required,,,,HFWQ-0505,hfw_76_100,HFW 76-100,1,1,been,multiple_choice,I have ___ to the zoo.,I have been to the zoo.,been,in | for | been | your,,,,no_image,N,"Create one clean child-friendly LiteracyPath cartoon scene matching this exact sentence: ""I have been to the zoo."". No embedded text, labels, signs, watermarks, logos, photorealism, rainbow/babyish style, AI slop, extra hands/fingers/limbs, or distorted faces."
no_image_required,,,,HFWQ-0506,hfw_76_100,HFW 76-100,1,2,been,multiple_choice,She has ___ reading all morning.,She has been reading all morning.,been,been | for | in | number,,,,no_image,N,"Create one clean child-friendly LiteracyPath cartoon scene matching this exact sentence: ""She has been reading all morning."". No embedded text, labels, signs, watermarks, logos, photorealism, rainbow/babyish style, AI slop, extra hands/fingers/limbs, or distorted faces."
no_image_required,,,,HFWQ-0507,hfw_76_100,HFW 76-100,1,2,been,multiple_choice,The dog has ___ asleep.,The dog has been asleep.,been,been | water | number | for,,,,no_image,N,"Create one clean child-friendly LiteracyPath cartoon scene matching this exact sentence: ""The dog has been asleep."". No embedded text, labels, signs, watermarks, logos, photorealism, rainbow/babyish style, AI slop, extra hands/fingers/limbs, or distorted faces."
no_image_required,,,,HFWQ-0508,hfw_76_100,HFW 76-100,2,1,been,hfw_sentence_spell,We have ___ kind today.,We have been kind today.,been,,,,,no_image,N,"Create one clean child-friendly LiteracyPath cartoon scene matching this exact sentence: ""We have been kind today."". No embedded text, labels, signs, watermarks, logos, photorealism, rainbow/babyish style, AI slop, extra hands/fingers/limbs, or distorted faces."
no_image_required,,,,HFWQ-0509,hfw_76_100,HFW 76-100,2,2,been,hfw_sentence_spell,He has ___ working hard.,He has been working hard.,been,,,,,no_image,N,"Create one clean child-friendly LiteracyPath cartoon scene matching this exact sentence: ""He has been working hard."". No embedded text, labels, signs, watermarks, logos, photorealism, rainbow/babyish style, AI slop, extra hands/fingers/limbs, or distorted faces."
no_image_required,,,,HFWQ-0510,hfw_76_100,HFW 76-100,2,2,been,hfw_sentence_spell,The book has ___ on the shelf.,The book has been on the shelf.,been,,,,,no_image,N,"Create one clean child-friendly LiteracyPath cartoon scene matching this exact sentence: ""The book has been on the shelf."". No embedded text, labels, signs, watermarks, logos, photorealism, rainbow/babyish style, AI slop, extra hands/fingers/limbs, or distorted faces."
no_image_required,,,,HFWQ-0511,hfw_76_100,HFW 76-100,1,1,called,multiple_choice,The teacher ___ my name.,The teacher called my name.,called,your | for | in | called,,,,no_image,N,"Create one clean child-friendly LiteracyPath cartoon scene matching this exact sentence: ""The teacher called my name."". No embedded text, labels, signs, watermarks, logos, photorealism, rainbow/babyish style, AI slop, extra hands/fingers/limbs, or distorted faces."
no_image_required,,,,HFWQ-0512,hfw_76_100,HFW 76-100,1,2,called,multiple_choice,The book is ___ The Red Dog.,The book is called The Red Dog.,called,in | called | number | for,,,,no_image,N,"Create one clean child-friendly LiteracyPath cartoon scene matching this exact sentence: ""The book is called The Red Dog."". No embedded text, labels, signs, watermarks, logos, photorealism, rainbow/babyish style, AI slop, extra hands/fingers/limbs, or distorted faces."
no_image_required,,,,HFWQ-0513,hfw_76_100,HFW 76-100,1,2,called,multiple_choice,She ___ her puppy Spot.,She called her puppy Spot.,called,for | water | number | called,,,,no_image,N,"Create one clean child-friendly LiteracyPath cartoon scene matching this exact sentence: ""She called her puppy Spot."". No embedded text, labels, signs, watermarks, logos, photorealism, rainbow/babyish style, AI slop, extra hands/fingers/limbs, or distorted faces."
no_image_required,,,,HFWQ-0514,hfw_76_100,HFW 76-100,2,1,called,hfw_sentence_spell,He ___ for help.,He called for help.,called,,,,,no_image,N,"Create one clean child-friendly LiteracyPath cartoon scene matching this exact sentence: ""He called for help."". No embedded text, labels, signs, watermarks, logos, photorealism, rainbow/babyish style, AI slop, extra hands/fingers/limbs, or distorted faces."
no_image_required,,,,HFWQ-0515,hfw_76_100,HFW 76-100,2,2,called,hfw_sentence_spell,The bird ___ from the tree.,The bird called from the tree.,called,,,,,no_image,N,"Create one clean child-friendly LiteracyPath cartoon scene matching this exact sentence: ""The bird called from the tree."". No embedded text, labels, signs, watermarks, logos, photorealism, rainbow/babyish style, AI slop, extra hands/fingers/limbs, or distorted faces."
no_image_required,,,,HFWQ-0516,hfw_76_100,HFW 76-100,2,2,called,hfw_sentence_spell,Mom ___ us to dinner.,Mom called us to dinner.,called,,,,,no_image,N,"Create one clean child-friendly LiteracyPath cartoon scene matching this exact sentence: ""Mom called us to dinner."". No embedded text, labels, signs, watermarks, logos, photorealism, rainbow/babyish style, AI slop, extra hands/fingers/limbs, or distorted faces."
no_image_required,,,,HFWQ-0517,hfw_76_100,HFW 76-100,1,1,who,multiple_choice,___ is at the door?,Who is at the door?,who,in | said | for | who,,,,no_image,N,"Create one clean child-friendly LiteracyPath cartoon scene matching this exact sentence: ""Who is at the door?"". No embedded text, labels, signs, watermarks, logos, photorealism, rainbow/babyish style, AI slop, extra hands/fingers/limbs, or distorted faces."
no_image_required,,,,HFWQ-0518,hfw_76_100,HFW 76-100,1,2,who,multiple_choice,___ has the red ball?,Who has the red ball?,who,said | for | who | can,,,,no_image,N,"Create one clean child-friendly LiteracyPath cartoon scene matching this exact sentence: ""Who has the red ball?"". No embedded text, labels, signs, watermarks, logos, photorealism, rainbow/babyish style, AI slop, extra hands/fingers/limbs, or distorted faces."
no_image_required,,,,HFWQ-0519,hfw_76_100,HFW 76-100,1,2,who,multiple_choice,___ can read this word?,Who can read this word?,who,who | number | said | can,,,,no_image,N,"Create one clean child-friendly LiteracyPath cartoon scene matching this exact sentence: ""Who can read this word?"". No embedded text, labels, signs, watermarks, logos, photorealism, rainbow/babyish style, AI slop, extra hands/fingers/limbs, or distorted faces."
no_image_required,,,,HFWQ-0520,hfw_76_100,HFW 76-100,2,1,who,hfw_sentence_spell,___ saw the frog?,Who saw the frog?,who,,,,,no_image,N,"Create one clean child-friendly LiteracyPath cartoon scene matching this exact sentence: ""Who saw the frog?"". No embedded text, labels, signs, watermarks, logos, photorealism, rainbow/babyish style, AI slop, extra hands/fingers/limbs, or distorted faces."
no_image_required,,,,HFWQ-0521,hfw_76_100,HFW 76-100,2,2,who,hfw_sentence_spell,___ is your friend?,Who is your friend?,who,,,,,no_image,N,"Create one clean child-friendly LiteracyPath cartoon scene matching this exact sentence: ""Who is your friend?"". No embedded text, labels, signs, watermarks, logos, photorealism, rainbow/babyish style, AI slop, extra hands/fingers/limbs, or distorted faces."
no_image_required,,,,HFWQ-0522,hfw_76_100,HFW 76-100,2,2,who,hfw_sentence_spell,___ put the book away?,Who put the book away?,who,,,,,no_image,N,"Create one clean child-friendly LiteracyPath cartoon scene matching this exact sentence: ""Who put the book away?"". No embedded text, labels, signs, watermarks, logos, photorealism, rainbow/babyish style, AI slop, extra hands/fingers/limbs, or distorted faces."
no_image_required,,,,HFWQ-0523,hfw_76_100,HFW 76-100,1,1,oil,multiple_choice,The cook used a little ___.,The cook used a little oil.,oil,oil | you | in | for,,,,no_image,N,"Create one clean child-friendly LiteracyPath cartoon scene matching this exact sentence: ""The cook used a little oil."". No embedded text, labels, signs, watermarks, logos, photorealism, rainbow/babyish style, AI slop, extra hands/fingers/limbs, or distorted faces."
no_image_required,,,,HFWQ-0524,hfw_76_100,HFW 76-100,1,2,oil,multiple_choice,___ can make the pan shiny.,Oil can make the pan shiny.,oil,in | for | oil | is,,,,no_image,N,"Create one clean child-friendly LiteracyPath cartoon scene matching this exact sentence: ""Oil can make the pan shiny."". No embedded text, labels, signs, watermarks, logos, photorealism, rainbow/babyish style, AI slop, extra hands/fingers/limbs, or distorted faces."
no_image_required,,,,HFWQ-0525,hfw_76_100,HFW 76-100,1,2,oil,multiple_choice,There is ___ in the bottle.,There is oil in the bottle.,oil,go | for | oil | is,,,,no_image,N,"Create one clean child-friendly LiteracyPath cartoon scene matching this exact sentence: ""There is oil in the bottle."". No embedded text, labels, signs, watermarks, logos, photorealism, rainbow/babyish style, AI slop, extra hands/fingers/limbs, or distorted faces."
no_image_required,,,,HFWQ-0526,hfw_76_100,HFW 76-100,2,1,oil,hfw_sentence_spell,Do not spill the ___.,Do not spill the oil.,oil,,,,,no_image,N,"Create one clean child-friendly LiteracyPath cartoon scene matching this exact sentence: ""Do not spill the oil."". No embedded text, labels, signs, watermarks, logos, photorealism, rainbow/babyish style, AI slop, extra hands/fingers/limbs, or distorted faces."
no_image_required,,,,HFWQ-0527,hfw_76_100,HFW 76-100,2,2,oil,hfw_sentence_spell,The bike needs ___ on the chain.,The bike needs oil on the chain.,oil,,,,,no_image,N,"Create one clean child-friendly LiteracyPath cartoon scene matching this exact sentence: ""The bike needs oil on the chain."". No embedded text, labels, signs, watermarks, logos, photorealism, rainbow/babyish style, AI slop, extra hands/fingers/limbs, or distorted faces."
no_image_required,,,,HFWQ-0528,hfw_76_100,HFW 76-100,2,2,oil,hfw_sentence_spell,___ and water do not mix well.,Oil and water do not mix well.,oil,,,,,no_image,N,"Create one clean child-friendly LiteracyPath cartoon scene matching this exact sentence: ""Oil and water do not mix well."". No embedded text, labels, signs, watermarks, logos, photorealism, rainbow/babyish style, AI slop, extra hands/fingers/limbs, or distorted faces."
no_image_required,,,,HFWQ-0529,hfw_76_100,HFW 76-100,1,1,sit,multiple_choice,Please ___ on the rug.,Please sit on the rug.,sit,sit | for | your | in,,,,no_image,N,"Create one clean child-friendly LiteracyPath cartoon scene matching this exact sentence: ""Please sit on the rug."". No embedded text, labels, signs, watermarks, logos, photorealism, rainbow/babyish style, AI slop, extra hands/fingers/limbs, or distorted faces."
no_image_required,,,,HFWQ-0530,hfw_76_100,HFW 76-100,1,2,sit,multiple_choice,The cat will ___ by the window.,The cat will sit by the window.,sit,number | in | sit | for,,,,no_image,N,"Create one clean child-friendly LiteracyPath cartoon scene matching this exact sentence: ""The cat will sit by the window."". No embedded text, labels, signs, watermarks, logos, photorealism, rainbow/babyish style, AI slop, extra hands/fingers/limbs, or distorted faces."
no_image_required,,,,HFWQ-0531,hfw_76_100,HFW 76-100,1,2,sit,multiple_choice,___ next to your friend.,Sit next to your friend.,sit,number | for | water | sit,,,,no_image,N,"Create one clean child-friendly LiteracyPath cartoon scene matching this exact sentence: ""Sit next to your friend."". No embedded text, labels, signs, watermarks, logos, photorealism, rainbow/babyish style, AI slop, extra hands/fingers/limbs, or distorted faces."
no_image_required,,,,HFWQ-0532,hfw_76_100,HFW 76-100,2,1,sit,hfw_sentence_spell,The bird can ___ on a branch.,The bird can sit on a branch.,sit,,,,,no_image,N,"Create one clean child-friendly LiteracyPath cartoon scene matching this exact sentence: ""The bird can sit on a branch."". No embedded text, labels, signs, watermarks, logos, photorealism, rainbow/babyish style, AI slop, extra hands/fingers/limbs, or distorted faces."
no_image_required,,,,HFWQ-0533,hfw_76_100,HFW 76-100,2,2,sit,hfw_sentence_spell,I ___ at my desk.,I sit at my desk.,sit,,,,,no_image,N,"Create one clean child-friendly LiteracyPath cartoon scene matching this exact sentence: ""I sit at my desk."". No embedded text, labels, signs, watermarks, logos, photorealism, rainbow/babyish style, AI slop, extra hands/fingers/limbs, or distorted faces."
no_image_required,,,,HFWQ-0534,hfw_76_100,HFW 76-100,2,2,sit,hfw_sentence_spell,The dog likes to ___ in the sun.,The dog likes to sit in the sun.,sit,,,,,no_image,N,"Create one clean child-friendly LiteracyPath cartoon scene matching this exact sentence: ""The dog likes to sit in the sun."". No embedded text, labels, signs, watermarks, logos, photorealism, rainbow/babyish style, AI slop, extra hands/fingers/limbs, or distorted faces."
no_image_required,,,,HFWQ-0535,hfw_76_100,HFW 76-100,1,1,now,multiple_choice,We are ready ___.,We are ready now.,now,now | you | people | number,,,,no_image,N,"Create one clean child-friendly LiteracyPath cartoon scene matching this exact sentence: ""We are ready now."". No embedded text, labels, signs, watermarks, logos, photorealism, rainbow/babyish style, AI slop, extra hands/fingers/limbs, or distorted faces."
no_image_required,,,,HFWQ-0536,hfw_76_100,HFW 76-100,1,2,now,multiple_choice,It is time to go ___.,It is time to go now.,now,now | water | people | number,,,,no_image,N,"Create one clean child-friendly LiteracyPath cartoon scene matching this exact sentence: ""It is time to go now."". No embedded text, labels, signs, watermarks, logos, photorealism, rainbow/babyish style, AI slop, extra hands/fingers/limbs, or distorted faces."
no_image_required,,,,HFWQ-0537,hfw_76_100,HFW 76-100,1,2,now,multiple_choice,The sun is out ___.,The sun is out now.,now,water | look | now | people,,,,no_image,N,"Create one clean child-friendly LiteracyPath cartoon scene matching this exact sentence: ""The sun is out now."". No embedded text, labels, signs, watermarks, logos, photorealism, rainbow/babyish style, AI slop, extra hands/fingers/limbs, or distorted faces."
no_image_required,,,,HFWQ-0538,hfw_76_100,HFW 76-100,2,1,now,hfw_sentence_spell,I can read it ___.,I can read it now.,now,,,,,no_image,N,"Create one clean child-friendly LiteracyPath cartoon scene matching this exact sentence: ""I can read it now."". No embedded text, labels, signs, watermarks, logos, photorealism, rainbow/babyish style, AI slop, extra hands/fingers/limbs, or distorted faces."
no_image_required,,,,HFWQ-0539,hfw_76_100,HFW 76-100,2,2,now,hfw_sentence_spell,Please sit down ___.,Please sit down now.,now,,,,,no_image,N,"Create one clean child-friendly LiteracyPath cartoon scene matching this exact sentence: ""Please sit down now."". No embedded text, labels, signs, watermarks, logos, photorealism, rainbow/babyish style, AI slop, extra hands/fingers/limbs, or distorted faces."
no_image_required,,,,HFWQ-0540,hfw_76_100,HFW 76-100,2,2,now,hfw_sentence_spell,The dog is asleep ___.,The dog is asleep now.,now,,,,,no_image,N,"Create one clean child-friendly LiteracyPath cartoon scene matching this exact sentence: ""The dog is asleep now."". No embedded text, labels, signs, watermarks, logos, photorealism, rainbow/babyish style, AI slop, extra hands/fingers/limbs, or distorted faces."
no_image_required,,,,HFWQ-0541,hfw_76_100,HFW 76-100,1,1,find,multiple_choice,Can you ___ the cat?,Can you find the cat?,find,find | your | for | in,,,,no_image,N,"Create one clean child-friendly LiteracyPath cartoon scene matching this exact sentence: ""Can you find the cat?"". No embedded text, labels, signs, watermarks, logos, photorealism, rainbow/babyish style, AI slop, extra hands/fingers/limbs, or distorted faces."
no_image_required,,,,HFWQ-0542,hfw_76_100,HFW 76-100,1,2,find,multiple_choice,I will ___ my pencil.,I will find my pencil.,find,in | find | for | number,,,,no_image,N,"Create one clean child-friendly LiteracyPath cartoon scene matching this exact sentence: ""I will find my pencil."". No embedded text, labels, signs, watermarks, logos, photorealism, rainbow/babyish style, AI slop, extra hands/fingers/limbs, or distorted faces."
no_image_required,,,,HFWQ-0544,hfw_76_100,HFW 76-100,2,1,find,hfw_sentence_spell,She can ___ the red block.,She can find the red block.,find,,,,,no_image,N,"Create one clean child-friendly LiteracyPath cartoon scene matching this exact sentence: ""She can find the red block."". No embedded text, labels, signs, watermarks, logos, photorealism, rainbow/babyish style, AI slop, extra hands/fingers/limbs, or distorted faces."
no_image_required,,,,HFWQ-0545,hfw_76_100,HFW 76-100,2,2,find,hfw_sentence_spell,We need to ___ the key.,We need to find the key.,find,,,,,no_image,N,"Create one clean child-friendly LiteracyPath cartoon scene matching this exact sentence: ""We need to find the key."". No embedded text, labels, signs, watermarks, logos, photorealism, rainbow/babyish style, AI slop, extra hands/fingers/limbs, or distorted faces."
no_image_required,,,,HFWQ-0546,hfw_76_100,HFW 76-100,2,2,find,hfw_sentence_spell,The dog will ___ the bone.,The dog will find the bone.,find,,,,,no_image,N,"Create one clean child-friendly LiteracyPath cartoon scene matching this exact sentence: ""The dog will find the bone."". No embedded text, labels, signs, watermarks, logos, photorealism, rainbow/babyish style, AI slop, extra hands/fingers/limbs, or distorted faces."
no_image_required,,,,HFWQ-0547,hfw_76_100,HFW 76-100,1,1,long,multiple_choice,The snake is ___.,The snake is long.,long,for | you | long | in,,,,no_image,N,"Create one clean child-friendly LiteracyPath cartoon scene matching this exact sentence: ""The snake is long."". No embedded text, labels, signs, watermarks, logos, photorealism, rainbow/babyish style, AI slop, extra hands/fingers/limbs, or distorted faces."
no_image_required,,,,HFWQ-0548,hfw_76_100,HFW 76-100,1,2,long,multiple_choice,This is a ___ rope.,This is a long rope.,long,long | is | in | for,,,,no_image,N,"Create one clean child-friendly LiteracyPath cartoon scene matching this exact sentence: ""This is a long rope."". No embedded text, labels, signs, watermarks, logos, photorealism, rainbow/babyish style, AI slop, extra hands/fingers/limbs, or distorted faces."
no_image_required,,,,HFWQ-0549,hfw_76_100,HFW 76-100,1,2,long,multiple_choice,We took a ___ walk.,We took a long walk.,long,is | go | long | for,,,,no_image,N,"Create one clean child-friendly LiteracyPath cartoon scene matching this exact sentence: ""We took a long walk."". No embedded text, labels, signs, watermarks, logos, photorealism, rainbow/babyish style, AI slop, extra hands/fingers/limbs, or distorted faces."
no_image_required,,,,HFWQ-0550,hfw_76_100,HFW 76-100,2,1,long,hfw_sentence_spell,The giraffe has a ___ neck.,The giraffe has a long neck.,long,,,,,no_image,N,"Create one clean child-friendly LiteracyPath cartoon scene matching this exact sentence: ""The giraffe has a long neck."". No embedded text, labels, signs, watermarks, logos, photorealism, rainbow/babyish style, AI slop, extra hands/fingers/limbs, or distorted faces."
no_image_required,,,,HFWQ-0551,hfw_76_100,HFW 76-100,2,2,long,hfw_sentence_spell,The story is ___ but fun.,The story is long but fun.,long,,,,,no_image,N,"Create one clean child-friendly LiteracyPath cartoon scene matching this exact sentence: ""The story is long but fun."". No embedded text, labels, signs, watermarks, logos, photorealism, rainbow/babyish style, AI slop, extra hands/fingers/limbs, or distorted faces."
no_image_required,,,,HFWQ-0552,hfw_76_100,HFW 76-100,2,2,long,hfw_sentence_spell,How ___ is the line?,How long is the line?,long,,,,,no_image,N,"Create one clean child-friendly LiteracyPath cartoon scene matching this exact sentence: ""How long is the line?"". No embedded text, labels, signs, watermarks, logos, photorealism, rainbow/babyish style, AI slop, extra hands/fingers/limbs, or distorted faces."
no_image_required,,,,HFWQ-0553,hfw_76_100,HFW 76-100,1,1,down,multiple_choice,Sit ___ on the rug.,Sit down on the rug.,down,number | you | down | people,,,,no_image,N,"Create one clean child-friendly LiteracyPath cartoon scene matching this exact sentence: ""Sit down on the rug."". No embedded text, labels, signs, watermarks, logos, photorealism, rainbow/babyish style, AI slop, extra hands/fingers/limbs, or distorted faces."
no_image_required,,,,HFWQ-0554,hfw_76_100,HFW 76-100,1,2,down,multiple_choice,The rain came ___.,The rain came down.,down,number | people | down | water,,,,no_image,N,"Create one clean child-friendly LiteracyPath cartoon scene matching this exact sentence: ""The rain came down."". No embedded text, labels, signs, watermarks, logos, photorealism, rainbow/babyish style, AI slop, extra hands/fingers/limbs, or distorted faces."
no_image_required,,,,HFWQ-0555,hfw_76_100,HFW 76-100,1,2,down,multiple_choice,The ball rolled ___ the hill.,The ball rolled down the hill.,down,down | look | water | people,,,,no_image,N,"Create one clean child-friendly LiteracyPath cartoon scene matching this exact sentence: ""The ball rolled down the hill."". No embedded text, labels, signs, watermarks, logos, photorealism, rainbow/babyish style, AI slop, extra hands/fingers/limbs, or distorted faces."
no_image_required,,,,HFWQ-0556,hfw_76_100,HFW 76-100,2,1,down,hfw_sentence_spell,Look ___ at your shoes.,Look down at your shoes.,down,,,,,no_image,N,"Create one clean child-friendly LiteracyPath cartoon scene matching this exact sentence: ""Look down at your shoes."". No embedded text, labels, signs, watermarks, logos, photorealism, rainbow/babyish style, AI slop, extra hands/fingers/limbs, or distorted faces."
no_image_required,,,,HFWQ-0557,hfw_76_100,HFW 76-100,2,2,down,hfw_sentence_spell,She wrote the word ___.,She wrote the word down.,down,,,,,no_image,N,"Create one clean child-friendly LiteracyPath cartoon scene matching this exact sentence: ""She wrote the word down."". No embedded text, labels, signs, watermarks, logos, photorealism, rainbow/babyish style, AI slop, extra hands/fingers/limbs, or distorted faces."
no_image_required,,,,HFWQ-0558,hfw_76_100,HFW 76-100,2,2,down,hfw_sentence_spell,The cat jumped ___ from the chair.,The cat jumped down from the chair.,down,,,,,no_image,N,"Create one clean child-friendly LiteracyPath cartoon scene matching this exact sentence: ""The cat jumped down from the chair."". No embedded text, labels, signs, watermarks, logos, photorealism, rainbow/babyish style, AI slop, extra hands/fingers/limbs, or distorted faces."
no_image_required,,,,HFWQ-0559,hfw_76_100,HFW 76-100,1,1,day,multiple_choice,Today is a sunny ___.,Today is a sunny day.,day,day | you | in | for,,,,no_image,N,"Create one clean child-friendly LiteracyPath cartoon scene matching this exact sentence: ""Today is a sunny day."". No embedded text, labels, signs, watermarks, logos, photorealism, rainbow/babyish style, AI slop, extra hands/fingers/limbs, or distorted faces."
no_image_required,,,,HFWQ-0560,hfw_76_100,HFW 76-100,1,2,day,multiple_choice,We had a fun ___ at school.,We had a fun day at school.,day,is | in | day | for,,,,no_image,N,"Create one clean child-friendly LiteracyPath cartoon scene matching this exact sentence: ""We had a fun day at school."". No embedded text, labels, signs, watermarks, logos, photorealism, rainbow/babyish style, AI slop, extra hands/fingers/limbs, or distorted faces."
no_image_required,,,,HFWQ-0561,hfw_76_100,HFW 76-100,1,2,day,multiple_choice,The dog slept all ___.,The dog slept all day.,day,is | go | for | day,,,,no_image,N,"Create one clean child-friendly LiteracyPath cartoon scene matching this exact sentence: ""The dog slept all day."". No embedded text, labels, signs, watermarks, logos, photorealism, rainbow/babyish style, AI slop, extra hands/fingers/limbs, or distorted faces."
no_image_required,,,,HFWQ-0562,hfw_76_100,HFW 76-100,2,1,day,hfw_sentence_spell,What ___ is it?,What day is it?,day,,,,,no_image,N,"Create one clean child-friendly LiteracyPath cartoon scene matching this exact sentence: ""What day is it?"". No embedded text, labels, signs, watermarks, logos, photorealism, rainbow/babyish style, AI slop, extra hands/fingers/limbs, or distorted faces."
no_image_required,,,,HFWQ-0563,hfw_76_100,HFW 76-100,2,2,day,hfw_sentence_spell,The first ___ was exciting.,The first day was exciting.,day,,,,,no_image,N,"Create one clean child-friendly LiteracyPath cartoon scene matching this exact sentence: ""The first day was exciting."". No embedded text, labels, signs, watermarks, logos, photorealism, rainbow/babyish style, AI slop, extra hands/fingers/limbs, or distorted faces."
no_image_required,,,,HFWQ-0564,hfw_76_100,HFW 76-100,2,2,day,hfw_sentence_spell,She read every ___.,She read every day.,day,,,,,no_image,N,"Create one clean child-friendly LiteracyPath cartoon scene matching this exact sentence: ""She read every day."". No embedded text, labels, signs, watermarks, logos, photorealism, rainbow/babyish style, AI slop, extra hands/fingers/limbs, or distorted faces."
no_image_required,,,,HFWQ-0565,hfw_76_100,HFW 76-100,1,1,did,multiple_choice,___ you see the bird?,Did you see the bird?,did,for | your | in | did,,,,no_image,N,"Create one clean child-friendly LiteracyPath cartoon scene matching this exact sentence: ""Did you see the bird?"". No embedded text, labels, signs, watermarks, logos, photorealism, rainbow/babyish style, AI slop, extra hands/fingers/limbs, or distorted faces."
no_image_required,,,,HFWQ-0566,hfw_76_100,HFW 76-100,1,2,did,multiple_choice,I ___ my homework.,I did my homework.,did,did | number | in | for,,,,no_image,N,"Create one clean child-friendly LiteracyPath cartoon scene matching this exact sentence: ""I did my homework."". No embedded text, labels, signs, watermarks, logos, photorealism, rainbow/babyish style, AI slop, extra hands/fingers/limbs, or distorted faces."
no_image_required,,,,HFWQ-0567,hfw_76_100,HFW 76-100,1,2,did,multiple_choice,She ___ a good job.,She did a good job.,did,water | did | for | number,,,,no_image,N,"Create one clean child-friendly LiteracyPath cartoon scene matching this exact sentence: ""She did a good job."". No embedded text, labels, signs, watermarks, logos, photorealism, rainbow/babyish style, AI slop, extra hands/fingers/limbs, or distorted faces."
no_image_required,,,,HFWQ-0568,hfw_76_100,HFW 76-100,2,1,did,hfw_sentence_spell,___ the dog bark?,Did the dog bark?,did,,,,,no_image,N,"Create one clean child-friendly LiteracyPath cartoon scene matching this exact sentence: ""Did the dog bark?"". No embedded text, labels, signs, watermarks, logos, photorealism, rainbow/babyish style, AI slop, extra hands/fingers/limbs, or distorted faces."
no_image_required,,,,HFWQ-0569,hfw_76_100,HFW 76-100,2,2,did,hfw_sentence_spell,We ___ the puzzle together.,We did the puzzle together.,did,,,,,no_image,N,"Create one clean child-friendly LiteracyPath cartoon scene matching this exact sentence: ""We did the puzzle together."". No embedded text, labels, signs, watermarks, logos, photorealism, rainbow/babyish style, AI slop, extra hands/fingers/limbs, or distorted faces."
no_image_required,,,,HFWQ-0570,hfw_76_100,HFW 76-100,2,2,did,hfw_sentence_spell,He ___ not spill the milk.,He did not spill the milk.,did,,,,,no_image,N,"Create one clean child-friendly LiteracyPath cartoon scene matching this exact sentence: ""He did not spill the milk."". No embedded text, labels, signs, watermarks, logos, photorealism, rainbow/babyish style, AI slop, extra hands/fingers/limbs, or distorted faces."
no_image_required,,,,HFWQ-0571,hfw_76_100,HFW 76-100,1,1,get,multiple_choice,"___ your coat, please.","Get your coat, please.",get,get | your | for | in,,,,no_image,N,"Create one clean child-friendly LiteracyPath cartoon scene matching this exact sentence: ""Get your coat, please."". No embedded text, labels, signs, watermarks, logos, photorealism, rainbow/babyish style, AI slop, extra hands/fingers/limbs, or distorted faces."
no_image_required,,,,HFWQ-0572,hfw_76_100,HFW 76-100,1,2,get,multiple_choice,I will ___ a pencil.,I will get a pencil.,get,number | in | get | for,,,,no_image,N,"Create one clean child-friendly LiteracyPath cartoon scene matching this exact sentence: ""I will get a pencil."". No embedded text, labels, signs, watermarks, logos, photorealism, rainbow/babyish style, AI slop, extra hands/fingers/limbs, or distorted faces."
no_image_required,,,,HFWQ-0573,hfw_76_100,HFW 76-100,1,2,get,multiple_choice,Can you ___ the ball?,Can you get the ball?,get,get | water | number | for,,,,no_image,N,"Create one clean child-friendly LiteracyPath cartoon scene matching this exact sentence: ""Can you get the ball?"". No embedded text, labels, signs, watermarks, logos, photorealism, rainbow/babyish style, AI slop, extra hands/fingers/limbs, or distorted faces."
no_image_required,,,,HFWQ-0574,hfw_76_100,HFW 76-100,2,1,get,hfw_sentence_spell,The dog will ___ the bone.,The dog will get the bone.,get,,,,,no_image,N,"Create one clean child-friendly LiteracyPath cartoon scene matching this exact sentence: ""The dog will get the bone."". No embedded text, labels, signs, watermarks, logos, photorealism, rainbow/babyish style, AI slop, extra hands/fingers/limbs, or distorted faces."
no_image_required,,,,HFWQ-0575,hfw_76_100,HFW 76-100,2,2,get,hfw_sentence_spell,___ in line quietly.,Get in line quietly.,get,,,,,no_image,N,"Create one clean child-friendly LiteracyPath cartoon scene matching this exact sentence: ""Get in line quietly."". No embedded text, labels, signs, watermarks, logos, photorealism, rainbow/babyish style, AI slop, extra hands/fingers/limbs, or distorted faces."
no_image_required,,,,HFWQ-0576,hfw_76_100,HFW 76-100,2,2,get,hfw_sentence_spell,She went to ___ her book.,She went to get her book.,get,,,,,no_image,N,"Create one clean child-friendly LiteracyPath cartoon scene matching this exact sentence: ""She went to get her book."". No embedded text, labels, signs, watermarks, logos, photorealism, rainbow/babyish style, AI slop, extra hands/fingers/limbs, or distorted faces."
no_image_required,,,,HFWQ-0577,hfw_76_100,HFW 76-100,1,1,come,multiple_choice,"___ here, please.","Come here, please.",come,for | your | come | in,,,,no_image,N,"Create one clean child-friendly LiteracyPath cartoon scene matching this exact sentence: ""Come here, please."". No embedded text, labels, signs, watermarks, logos, photorealism, rainbow/babyish style, AI slop, extra hands/fingers/limbs, or distorted faces."
no_image_required,,,,HFWQ-0578,hfw_76_100,HFW 76-100,1,2,come,multiple_choice,The dog will ___ when called.,The dog will come when called.,come,in | for | come | number,,,,no_image,N,"Create one clean child-friendly LiteracyPath cartoon scene matching this exact sentence: ""The dog will come when called."". No embedded text, labels, signs, watermarks, logos, photorealism, rainbow/babyish style, AI slop, extra hands/fingers/limbs, or distorted faces."
no_image_required,,,,HFWQ-0579,hfw_76_100,HFW 76-100,1,2,come,multiple_choice,___ to the rug.,Come to the rug.,come,for | come | number | water,,,,no_image,N,"Create one clean child-friendly LiteracyPath cartoon scene matching this exact sentence: ""Come to the rug."". No embedded text, labels, signs, watermarks, logos, photorealism, rainbow/babyish style, AI slop, extra hands/fingers/limbs, or distorted faces."
no_image_required,,,,HFWQ-0580,hfw_76_100,HFW 76-100,2,1,come,hfw_sentence_spell,Can you ___ with me?,Can you come with me?,come,,,,,no_image,N,"Create one clean child-friendly LiteracyPath cartoon scene matching this exact sentence: ""Can you come with me?"". No embedded text, labels, signs, watermarks, logos, photorealism, rainbow/babyish style, AI slop, extra hands/fingers/limbs, or distorted faces."
no_image_required,,,,HFWQ-0581,hfw_76_100,HFW 76-100,2,2,come,hfw_sentence_spell,The bus will ___ soon.,The bus will come soon.,come,,,,,no_image,N,"Create one clean child-friendly LiteracyPath cartoon scene matching this exact sentence: ""The bus will come soon."". No embedded text, labels, signs, watermarks, logos, photorealism, rainbow/babyish style, AI slop, extra hands/fingers/limbs, or distorted faces."
no_image_required,,,,HFWQ-0582,hfw_76_100,HFW 76-100,2,2,come,hfw_sentence_spell,___ and see my picture.,Come and see my picture.,come,,,,,no_image,N,"Create one clean child-friendly LiteracyPath cartoon scene matching this exact sentence: ""Come and see my picture."". No embedded text, labels, signs, watermarks, logos, photorealism, rainbow/babyish style, AI slop, extra hands/fingers/limbs, or distorted faces."
no_image_required,,,,HFWQ-0583,hfw_76_100,HFW 76-100,1,1,made,multiple_choice,She ___ a card.,She made a card.,made,in | for | made | your,,,,no_image,N,"Create one clean child-friendly LiteracyPath cartoon scene matching this exact sentence: ""She made a card."". No embedded text, labels, signs, watermarks, logos, photorealism, rainbow/babyish style, AI slop, extra hands/fingers/limbs, or distorted faces."
no_image_required,,,,HFWQ-0584,hfw_76_100,HFW 76-100,1,2,made,multiple_choice,We ___ a tall tower.,We made a tall tower.,made,made | number | for | in,,,,no_image,N,"Create one clean child-friendly LiteracyPath cartoon scene matching this exact sentence: ""We made a tall tower."". No embedded text, labels, signs, watermarks, logos, photorealism, rainbow/babyish style, AI slop, extra hands/fingers/limbs, or distorted faces."
no_image_required,,,,HFWQ-0585,hfw_76_100,HFW 76-100,1,2,made,multiple_choice,He ___ a paper boat.,He made a paper boat.,made,number | for | water | made,,,,no_image,N,"Create one clean child-friendly LiteracyPath cartoon scene matching this exact sentence: ""He made a paper boat."". No embedded text, labels, signs, watermarks, logos, photorealism, rainbow/babyish style, AI slop, extra hands/fingers/limbs, or distorted faces."
no_image_required,,,,HFWQ-0586,hfw_76_100,HFW 76-100,2,1,made,hfw_sentence_spell,The baker ___ bread.,The baker made bread.,made,,,,,no_image,N,"Create one clean child-friendly LiteracyPath cartoon scene matching this exact sentence: ""The baker made bread."". No embedded text, labels, signs, watermarks, logos, photorealism, rainbow/babyish style, AI slop, extra hands/fingers/limbs, or distorted faces."
no_image_required,,,,HFWQ-0587,hfw_76_100,HFW 76-100,2,2,made,hfw_sentence_spell,I ___ a picture of a dog.,I made a picture of a dog.,made,,,,,no_image,N,"Create one clean child-friendly LiteracyPath cartoon scene matching this exact sentence: ""I made a picture of a dog."". No embedded text, labels, signs, watermarks, logos, photorealism, rainbow/babyish style, AI slop, extra hands/fingers/limbs, or distorted faces."
no_image_required,,,,HFWQ-0588,hfw_76_100,HFW 76-100,2,2,made,hfw_sentence_spell,The class ___ a chart.,The class made a chart.,made,,,,,no_image,N,"Create one clean child-friendly LiteracyPath cartoon scene matching this exact sentence: ""The class made a chart."". No embedded text, labels, signs, watermarks, logos, photorealism, rainbow/babyish style, AI slop, extra hands/fingers/limbs, or distorted faces."
no_image_required,,,,HFWQ-0589,hfw_76_100,HFW 76-100,1,1,may,multiple_choice,___ I have a turn?,May I have a turn?,may,may | your | in | for,,,,no_image,N,"Create one clean child-friendly LiteracyPath cartoon scene matching this exact sentence: ""May I have a turn?"". No embedded text, labels, signs, watermarks, logos, photorealism, rainbow/babyish style, AI slop, extra hands/fingers/limbs, or distorted faces."
no_image_required,,,,HFWQ-0591,hfw_76_100,HFW 76-100,1,2,may,multiple_choice,It ___ rain today.,It may rain today.,may,for | may | number | water,,,,no_image,N,"Create one clean child-friendly LiteracyPath cartoon scene matching this exact sentence: ""It may rain today."". No embedded text, labels, signs, watermarks, logos, photorealism, rainbow/babyish style, AI slop, extra hands/fingers/limbs, or distorted faces."
no_image_required,,,,HFWQ-0592,hfw_76_100,HFW 76-100,2,1,may,hfw_sentence_spell,___ I use the blue crayon?,May I use the blue crayon?,may,,,,,no_image,N,"Create one clean child-friendly LiteracyPath cartoon scene matching this exact sentence: ""May I use the blue crayon?"". No embedded text, labels, signs, watermarks, logos, photorealism, rainbow/babyish style, AI slop, extra hands/fingers/limbs, or distorted faces."
no_image_required,,,,HFWQ-0593,hfw_76_100,HFW 76-100,2,2,may,hfw_sentence_spell,The baby ___ be sleepy.,The baby may be sleepy.,may,,,,,no_image,N,"Create one clean child-friendly LiteracyPath cartoon scene matching this exact sentence: ""The baby may be sleepy."". No embedded text, labels, signs, watermarks, logos, photorealism, rainbow/babyish style, AI slop, extra hands/fingers/limbs, or distorted faces."
no_image_required,,,,HFWQ-0594,hfw_76_100,HFW 76-100,2,2,may,hfw_sentence_spell,You ___ sit here.,You may sit here.,may,,,,,no_image,N,"Create one clean child-friendly LiteracyPath cartoon scene matching this exact sentence: ""You may sit here."". No embedded text, labels, signs, watermarks, logos, photorealism, rainbow/babyish style, AI slop, extra hands/fingers/limbs, or distorted faces."
no_image_required,,,,HFWQ-0595,hfw_76_100,HFW 76-100,1,1,part,multiple_choice,This is ___ of the puzzle.,This is part of the puzzle.,part,for | you | in | part,,,,no_image,N,"Create one clean child-friendly LiteracyPath cartoon scene matching this exact sentence: ""This is part of the puzzle."". No embedded text, labels, signs, watermarks, logos, photorealism, rainbow/babyish style, AI slop, extra hands/fingers/limbs, or distorted faces."
no_image_required,,,,HFWQ-0596,hfw_76_100,HFW 76-100,1,2,part,multiple_choice,The wheel is ___ of the bike.,The wheel is part of the bike.,part,for | is | part | in,,,,no_image,N,"Create one clean child-friendly LiteracyPath cartoon scene matching this exact sentence: ""The wheel is part of the bike."". No embedded text, labels, signs, watermarks, logos, photorealism, rainbow/babyish style, AI slop, extra hands/fingers/limbs, or distorted faces."
no_image_required,,,,HFWQ-0597,hfw_76_100,HFW 76-100,1,2,part,multiple_choice,I read the first ___ of the story.,I read the first part of the story.,part,is | part | go | for,,,,no_image,N,"Create one clean child-friendly LiteracyPath cartoon scene matching this exact sentence: ""I read the first part of the story."". No embedded text, labels, signs, watermarks, logos, photorealism, rainbow/babyish style, AI slop, extra hands/fingers/limbs, or distorted faces."
no_image_required,,,,HFWQ-0598,hfw_76_100,HFW 76-100,2,1,part,hfw_sentence_spell,The tail is ___ of the dog.,The tail is part of the dog.,part,,,,,no_image,N,"Create one clean child-friendly LiteracyPath cartoon scene matching this exact sentence: ""The tail is part of the dog."". No embedded text, labels, signs, watermarks, logos, photorealism, rainbow/babyish style, AI slop, extra hands/fingers/limbs, or distorted faces."
no_image_required,,,,HFWQ-0599,hfw_76_100,HFW 76-100,2,2,part,hfw_sentence_spell,She played a ___ in the show.,She played a part in the show.,part,,,,,no_image,N,"Create one clean child-friendly LiteracyPath cartoon scene matching this exact sentence: ""She played a part in the show."". No embedded text, labels, signs, watermarks, logos, photorealism, rainbow/babyish style, AI slop, extra hands/fingers/limbs, or distorted faces."
no_image_required,,,,HFWQ-0600,hfw_76_100,HFW 76-100,2,2,part,hfw_sentence_spell,This ___ is blue.,This part is blue.,part,,,,,no_image,N,"Create one clean child-friendly LiteracyPath cartoon scene matching this exact sentence: ""This part is blue."". No embedded text, labels, signs, watermarks, logos, photorealism, rainbow/babyish style, AI slop, extra hands/fingers/limbs, or distorted faces."
