word,missing_image,missing_audio,imageability,decodability_band,primary_section,meaning_clue,suggested_image_path,suggested_audio_path,image_prompt,audio_prompt,notes
about,TRUE,FALSE,Low,Grade 1-2,Diphthongs ou / ow,grammar/function word used to build sentences,/media/vocabulary/images/about.webp,,"Child-friendly early-reader illustration for ""about"". Classroom meaning clue: grammar/function word used to build sentences. Because this is abstract or function-word-like, use a simple situational context that suggests meaning without written words. No text, letters, labels, watermark, or unsafe content.",,Do not use as image-only target unless meaning is concrete. Useful for vowel-team decoding/spelling. Useful for advanced vowel sound work.
across,TRUE,FALSE,Low,Grade 2-3,Common function / grammar words K-3,grammar/function word used to build sentences,/media/vocabulary/images/across.webp,,"Child-friendly early-reader illustration for ""across"". Classroom meaning clue: grammar/function word used to build sentences. Because this is abstract or function-word-like, use a simple situational context that suggests meaning without written words. No text, letters, labels, watermark, or unsafe content.",,Do not use as image-only target unless meaning is concrete.
add,TRUE,FALSE,Medium,K-Grade 3 vocabulary,Common verbs K-3,action word; use in a simple sentence or picture prompt,/media/vocabulary/images/add.webp,,"Child-friendly early-reader illustration for ""add"". Classroom meaning clue: action word; use in a simple sentence or picture prompt. Make the word visually clear as a simple object, action, attribute, or scene. No text, letters, labels, watermark, or unsafe content.",,3
against,TRUE,FALSE,Low,,Common function / grammar words K-3,grammar/function word used to build sentences,/media/vocabulary/images/against.webp,,"Child-friendly early-reader illustration for ""against"". Classroom meaning clue: grammar/function word used to build sentences. Because this is abstract or function-word-like, use a simple situational context that suggests meaning without written words. No text, letters, labels, watermark, or unsafe content.",,Do not use as image-only target unless meaning is concrete. Useful for vowel-team decoding/spelling.
aid,TRUE,TRUE,Medium,Grade 1-2,Long a vowel teams ai / ay / eigh,common decodable word; check picture/context for exact meaning,/media/vocabulary/images/aid.webp,/media/vocabulary/audio/aid.mp3,"Child-friendly early-reader illustration for ""aid"". Classroom meaning clue: common decodable word; check picture/context for exact meaning. Make the word visually clear as a simple object, action, attribute, or scene. No text, letters, labels, watermark, or unsafe content.","Record clean child-friendly audio saying only the word ""aid"" once, natural pronunciation, no extra phrase, no music, no sound effects.",Useful for vowel-team decoding/spelling.
aim,TRUE,TRUE,Medium,Grade 1-2,Long a vowel teams ai / ay / eigh,common decodable word; check picture/context for exact meaning,/media/vocabulary/images/aim.webp,/media/vocabulary/audio/aim.mp3,"Child-friendly early-reader illustration for ""aim"". Classroom meaning clue: common decodable word; check picture/context for exact meaning. Make the word visually clear as a simple object, action, attribute, or scene. No text, letters, labels, watermark, or unsafe content.","Record clean child-friendly audio saying only the word ""aim"" once, natural pronunciation, no extra phrase, no music, no sound effects.",Useful for vowel-team decoding/spelling.
air,TRUE,FALSE,High,Grade 1-2,Long a vowel teams ai / ay / eigh,nature/place word,/media/vocabulary/images/air.webp,,"Child-friendly early-reader illustration for ""air"". Classroom meaning clue: nature/place word. Make the word visually clear as a simple object, action, attribute, or scene. No text, letters, labels, watermark, or unsafe content.",,Useful for r-controlled vowel sorting. Useful for vowel-team decoding/spelling.
almost,TRUE,FALSE,Low,Grade 1-2,Au / aw / al / all,grammar/function word used to build sentences,/media/vocabulary/images/almost.webp,,"Child-friendly early-reader illustration for ""almost"". Classroom meaning clue: grammar/function word used to build sentences. Because this is abstract or function-word-like, use a simple situational context that suggests meaning without written words. No text, letters, labels, watermark, or unsafe content.",,Do not use as image-only target unless meaning is concrete.
along,TRUE,FALSE,Low,Grade 2-3,Common function / grammar words K-3,grammar/function word used to build sentences,/media/vocabulary/images/along.webp,,"Child-friendly early-reader illustration for ""along"". Classroom meaning clue: grammar/function word used to build sentences. Because this is abstract or function-word-like, use a simple situational context that suggests meaning without written words. No text, letters, labels, watermark, or unsafe content.",,Do not use as image-only target unless meaning is concrete.
also,TRUE,FALSE,Low,,High-frequency regular and partly decodable K-3 words,grammar/function word used to build sentences,/media/vocabulary/images/also.webp,,"Child-friendly early-reader illustration for ""also"". Classroom meaning clue: grammar/function word used to build sentences. Because this is abstract or function-word-like, use a simple situational context that suggests meaning without written words. No text, letters, labels, watermark, or unsafe content.",,Do not use as image-only target unless meaning is concrete.
always,TRUE,FALSE,Low,,Long a vowel teams ai / ay / eigh,grammar/function word used to build sentences,/media/vocabulary/images/always.webp,,"Child-friendly early-reader illustration for ""always"". Classroom meaning clue: grammar/function word used to build sentences. Because this is abstract or function-word-like, use a simple situational context that suggests meaning without written words. No text, letters, labels, watermark, or unsafe content.",,Do not use as image-only target unless meaning is concrete. Useful for vowel-team decoding/spelling.
am,TRUE,FALSE,Low,K-Grade 1,VC / CV / very early words,grammar/function word used to build sentences,/media/vocabulary/images/am.webp,,"Child-friendly early-reader illustration for ""am"". Classroom meaning clue: grammar/function word used to build sentences. Because this is abstract or function-word-like, use a simple situational context that suggests meaning without written words. No text, letters, labels, watermark, or unsafe content.",,Do not use as image-only target unless meaning is concrete.
among,TRUE,TRUE,Low,Grade 2-3,Common function / grammar words K-3,grammar/function word used to build sentences,/media/vocabulary/images/among.webp,/media/vocabulary/audio/among.mp3,"Child-friendly early-reader illustration for ""among"". Classroom meaning clue: grammar/function word used to build sentences. Because this is abstract or function-word-like, use a simple situational context that suggests meaning without written words. No text, letters, labels, watermark, or unsafe content.","Record clean child-friendly audio saying only the word ""among"" once, natural pronunciation, no extra phrase, no music, no sound effects.",Do not use as image-only target unless meaning is concrete.
annoy,TRUE,TRUE,Medium,Grade 1-2,Diphthongs oi / oy,common decodable word; check picture/context for exact meaning,/media/vocabulary/images/annoy.webp,/media/vocabulary/audio/annoy.mp3,"Child-friendly early-reader illustration for ""annoy"". Classroom meaning clue: common decodable word; check picture/context for exact meaning. Make the word visually clear as a simple object, action, attribute, or scene. No text, letters, labels, watermark, or unsafe content.","Record clean child-friendly audio saying only the word ""annoy"" once, natural pronunciation, no extra phrase, no music, no sound effects.",Useful for vowel-team decoding/spelling. Useful for advanced vowel sound work.
another,TRUE,FALSE,Low,Grade 2-3,Common function / grammar words K-3,grammar/function word used to build sentences,/media/vocabulary/images/another.webp,,"Child-friendly early-reader illustration for ""another"". Classroom meaning clue: grammar/function word used to build sentences. Because this is abstract or function-word-like, use a simple situational context that suggests meaning without written words. No text, letters, labels, watermark, or unsafe content.",,Do not use as image-only target unless meaning is concrete. Useful for r-controlled vowel sorting.
ape,TRUE,FALSE,High,K-Grade 3 vocabulary,Common early nouns - animals,animal / creature word,/media/vocabulary/images/ape.webp,,"Child-friendly early-reader illustration for ""ape"". Classroom meaning clue: animal / creature word. Make the word visually clear as a simple object, action, attribute, or scene. No text, letters, labels, watermark, or unsafe content.",,3
argue,TRUE,TRUE,Medium,,Long u / oo / ew / ue,common K-3 vocabulary word,/media/vocabulary/images/argue.webp,/media/vocabulary/audio/argue.mp3,"Child-friendly early-reader illustration for ""argue"". Classroom meaning clue: common K-3 vocabulary word. Make the word visually clear as a simple object, action, attribute, or scene. No text, letters, labels, watermark, or unsafe content.","Record clean child-friendly audio saying only the word ""argue"" once, natural pronunciation, no extra phrase, no music, no sound effects.",Useful for r-controlled vowel sorting. Useful for vowel-team decoding/spelling.
ark,TRUE,TRUE,Medium,Grade 1-2,R-controlled ar,common decodable word; check picture/context for exact meaning,/media/vocabulary/images/ark.webp,/media/vocabulary/audio/ark.mp3,"Child-friendly early-reader illustration for ""ark"". Classroom meaning clue: common decodable word; check picture/context for exact meaning. Make the word visually clear as a simple object, action, attribute, or scene. No text, letters, labels, watermark, or unsafe content.","Record clean child-friendly audio saying only the word ""ark"" once, natural pronunciation, no extra phrase, no music, no sound effects.",Useful for r-controlled vowel sorting.
art,TRUE,TRUE,Medium,Grade 1-2,R-controlled ar,common decodable word; check picture/context for exact meaning,/media/vocabulary/images/art.webp,/media/vocabulary/audio/art.mp3,"Child-friendly early-reader illustration for ""art"". Classroom meaning clue: common decodable word; check picture/context for exact meaning. Make the word visually clear as a simple object, action, attribute, or scene. No text, letters, labels, watermark, or unsafe content.","Record clean child-friendly audio saying only the word ""art"" once, natural pronunciation, no extra phrase, no music, no sound effects.",Useful for r-controlled vowel sorting.
at,TRUE,FALSE,Low,K-Grade 1,VC / CV / very early words,grammar/function word used to build sentences,/media/vocabulary/images/at.webp,,"Child-friendly early-reader illustration for ""at"". Classroom meaning clue: grammar/function word used to build sentences. Because this is abstract or function-word-like, use a simple situational context that suggests meaning without written words. No text, letters, labels, watermark, or unsafe content.",,Do not use as image-only target unless meaning is concrete.
ate,TRUE,FALSE,Low,K-Grade 3 sight/fluency,High-frequency regular and partly decodable K-3 words,common high-frequency word for reading fluency,/media/vocabulary/images/ate.webp,,"Child-friendly early-reader illustration for ""ate"". Classroom meaning clue: common high-frequency word for reading fluency. Because this is abstract or function-word-like, use a simple situational context that suggests meaning without written words. No text, letters, labels, watermark, or unsafe content.",,Do not use as image-only target unless meaning is concrete.
august,TRUE,FALSE,Medium-Low,,Au / aw / al / all,common K-3 vocabulary word,/media/vocabulary/images/august.webp,,"Child-friendly early-reader illustration for ""august"". Classroom meaning clue: common K-3 vocabulary word. Make the word visually clear as a simple object, action, attribute, or scene. No text, letters, labels, watermark, or unsafe content.",,Useful for vowel-team decoding/spelling.
author,TRUE,TRUE,Medium-Low,,Au / aw / al / all,common K-3 vocabulary word,/media/vocabulary/images/author.webp,/media/vocabulary/audio/author.mp3,"Child-friendly early-reader illustration for ""author"". Classroom meaning clue: common K-3 vocabulary word. Make the word visually clear as a simple object, action, attribute, or scene. No text, letters, labels, watermark, or unsafe content.","Record clean child-friendly audio saying only the word ""author"" once, natural pronunciation, no extra phrase, no music, no sound effects.",Useful for r-controlled vowel sorting. Useful for vowel-team decoding/spelling.
baby,TRUE,FALSE,High,Grade 2-3,Simple two-syllable decodable words,very young child,/media/vocabulary/images/baby.webp,,"Child-friendly early-reader illustration for ""baby"". Classroom meaning clue: very young child. Make the word visually clear as a simple object, action, attribute, or scene. No text, letters, labels, watermark, or unsafe content.",,4
bags,TRUE,FALSE,Medium,,Inflections - plural / s / es,common decodable word; check picture/context for exact meaning,/media/vocabulary/images/bags.webp,,"Child-friendly early-reader illustration for ""bags"". Classroom meaning clue: common decodable word; check picture/context for exact meaning. Make the word visually clear as a simple object, action, attribute, or scene. No text, letters, labels, watermark, or unsafe content.",,Good for early blending and initial/final sound tasks.
bait,TRUE,TRUE,Medium,Grade 1-2,Long a vowel teams ai / ay / eigh,common decodable word; check picture/context for exact meaning,/media/vocabulary/images/bait.webp,/media/vocabulary/audio/bait.mp3,"Child-friendly early-reader illustration for ""bait"". Classroom meaning clue: common decodable word; check picture/context for exact meaning. Make the word visually clear as a simple object, action, attribute, or scene. No text, letters, labels, watermark, or unsafe content.","Record clean child-friendly audio saying only the word ""bait"" once, natural pronunciation, no extra phrase, no music, no sound effects.",Useful for vowel-team decoding/spelling.
bake,TRUE,FALSE,Medium,Grade 1-2,CVCe long a,action word; use in a simple sentence or picture prompt,/media/vocabulary/images/bake.webp,,"Child-friendly early-reader illustration for ""bake"". Classroom meaning clue: action word; use in a simple sentence or picture prompt. Make the word visually clear as a simple object, action, attribute, or scene. No text, letters, labels, watermark, or unsafe content.",,Good for early blending and initial/final sound tasks.
baked,TRUE,TRUE,Medium,,Inflections - ed / er / est,common decodable word; check picture/context for exact meaning,/media/vocabulary/images/baked.webp,/media/vocabulary/audio/baked.mp3,"Child-friendly early-reader illustration for ""baked"". Classroom meaning clue: common decodable word; check picture/context for exact meaning. Make the word visually clear as a simple object, action, attribute, or scene. No text, letters, labels, watermark, or unsafe content.","Record clean child-friendly audio saying only the word ""baked"" once, natural pronunciation, no extra phrase, no music, no sound effects.",5
baker,TRUE,TRUE,High,,Common early nouns - people and family,people/family word,/media/vocabulary/images/baker.webp,/media/vocabulary/audio/baker.mp3,"Child-friendly early-reader illustration for ""baker"". Classroom meaning clue: people/family word. Make the word visually clear as a simple object, action, attribute, or scene. No text, letters, labels, watermark, or unsafe content.","Record clean child-friendly audio saying only the word ""baker"" once, natural pronunciation, no extra phrase, no music, no sound effects.",Useful for r-controlled vowel sorting.
baking,TRUE,TRUE,Medium-Low,Grade 2-3,Inflections - ing,common decodable word; check picture/context for exact meaning,/media/vocabulary/images/baking.webp,/media/vocabulary/audio/baking.mp3,"Child-friendly early-reader illustration for ""baking"". Classroom meaning clue: common decodable word; check picture/context for exact meaning. Make the word visually clear as a simple object, action, attribute, or scene. No text, letters, labels, watermark, or unsafe content.","Record clean child-friendly audio saying only the word ""baking"" once, natural pronunciation, no extra phrase, no music, no sound effects.",6
balls,TRUE,TRUE,Medium,,Inflections - plural / s / es,common decodable word; check picture/context for exact meaning,/media/vocabulary/images/balls.webp,/media/vocabulary/audio/balls.mp3,"Child-friendly early-reader illustration for ""balls"". Classroom meaning clue: common decodable word; check picture/context for exact meaning. Make the word visually clear as a simple object, action, attribute, or scene. No text, letters, labels, watermark, or unsafe content.","Record clean child-friendly audio saying only the word ""balls"" once, natural pronunciation, no extra phrase, no music, no sound effects.",5
ban,TRUE,TRUE,Medium,K-Grade 1,Short a CVC,common decodable word; check picture/context for exact meaning,/media/vocabulary/images/ban.webp,/media/vocabulary/audio/ban.mp3,"Child-friendly early-reader illustration for ""ban"". Classroom meaning clue: common decodable word; check picture/context for exact meaning. Make the word visually clear as a simple object, action, attribute, or scene. No text, letters, labels, watermark, or unsafe content.","Record clean child-friendly audio saying only the word ""ban"" once, natural pronunciation, no extra phrase, no music, no sound effects.",Good for early blending and initial/final sound tasks.
band,TRUE,TRUE,Medium,Grade 1,Simple CVCC short-vowel words,common decodable word; check picture/context for exact meaning,/media/vocabulary/images/band.webp,/media/vocabulary/audio/band.mp3,"Child-friendly early-reader illustration for ""band"". Classroom meaning clue: common decodable word; check picture/context for exact meaning. Make the word visually clear as a simple object, action, attribute, or scene. No text, letters, labels, watermark, or unsafe content.","Record clean child-friendly audio saying only the word ""band"" once, natural pronunciation, no extra phrase, no music, no sound effects.",Good for early blending and initial/final sound tasks.
bank,TRUE,FALSE,Medium,Grade 1,Simple CVCC short-vowel words,common decodable word; check picture/context for exact meaning,/media/vocabulary/images/bank.webp,,"Child-friendly early-reader illustration for ""bank"". Classroom meaning clue: common decodable word; check picture/context for exact meaning. Make the word visually clear as a simple object, action, attribute, or scene. No text, letters, labels, watermark, or unsafe content.",,Good for early blending and initial/final sound tasks.
bats,TRUE,FALSE,Medium,Grade 2-3,Inflections - plural / s / es,common decodable word; check picture/context for exact meaning,/media/vocabulary/images/bats.webp,,"Child-friendly early-reader illustration for ""bats"". Classroom meaning clue: common decodable word; check picture/context for exact meaning. Make the word visually clear as a simple object, action, attribute, or scene. No text, letters, labels, watermark, or unsafe content.",,Good for early blending and initial/final sound tasks.
bay,TRUE,TRUE,Medium,Grade 1-2,Long a vowel teams ai / ay / eigh,common decodable word; check picture/context for exact meaning,/media/vocabulary/images/bay.webp,/media/vocabulary/audio/bay.mp3,"Child-friendly early-reader illustration for ""bay"". Classroom meaning clue: common decodable word; check picture/context for exact meaning. Make the word visually clear as a simple object, action, attribute, or scene. No text, letters, labels, watermark, or unsafe content.","Record clean child-friendly audio saying only the word ""bay"" once, natural pronunciation, no extra phrase, no music, no sound effects.",Useful for vowel-team decoding/spelling.
beam,TRUE,TRUE,Medium,Grade 1-2,Long e vowel teams ee / ea / ey / ie,common decodable word; check picture/context for exact meaning,/media/vocabulary/images/beam.webp,/media/vocabulary/audio/beam.mp3,"Child-friendly early-reader illustration for ""beam"". Classroom meaning clue: common decodable word; check picture/context for exact meaning. Make the word visually clear as a simple object, action, attribute, or scene. No text, letters, labels, watermark, or unsafe content.","Record clean child-friendly audio saying only the word ""beam"" once, natural pronunciation, no extra phrase, no music, no sound effects.",Useful for vowel-team decoding/spelling.
beard,TRUE,TRUE,Medium,,Air / ear / eer / are patterns,common K-3 vocabulary word,/media/vocabulary/images/beard.webp,/media/vocabulary/audio/beard.mp3,"Child-friendly early-reader illustration for ""beard"". Classroom meaning clue: common K-3 vocabulary word. Make the word visually clear as a simple object, action, attribute, or scene. No text, letters, labels, watermark, or unsafe content.","Record clean child-friendly audio saying only the word ""beard"" once, natural pronunciation, no extra phrase, no music, no sound effects.",Useful for r-controlled vowel sorting. Useful for vowel-team decoding/spelling.
beat,TRUE,TRUE,Medium,Grade 1-2,Long e vowel teams ee / ea / ey / ie,common decodable word; check picture/context for exact meaning,/media/vocabulary/images/beat.webp,/media/vocabulary/audio/beat.mp3,"Child-friendly early-reader illustration for ""beat"". Classroom meaning clue: common decodable word; check picture/context for exact meaning. Make the word visually clear as a simple object, action, attribute, or scene. No text, letters, labels, watermark, or unsafe content.","Record clean child-friendly audio saying only the word ""beat"" once, natural pronunciation, no extra phrase, no music, no sound effects.",Useful for vowel-team decoding/spelling.
because,TRUE,FALSE,Low,,Au / aw / al / all,grammar/function word used to build sentences,/media/vocabulary/images/because.webp,,"Child-friendly early-reader illustration for ""because"". Classroom meaning clue: grammar/function word used to build sentences. Because this is abstract or function-word-like, use a simple situational context that suggests meaning without written words. No text, letters, labels, watermark, or unsafe content.",,Do not use as image-only target unless meaning is concrete. Useful for vowel-team decoding/spelling.
beds,TRUE,TRUE,Medium,,Inflections - plural / s / es,common decodable word; check picture/context for exact meaning,/media/vocabulary/images/beds.webp,/media/vocabulary/audio/beds.mp3,"Child-friendly early-reader illustration for ""beds"". Classroom meaning clue: common decodable word; check picture/context for exact meaning. Make the word visually clear as a simple object, action, attribute, or scene. No text, letters, labels, watermark, or unsafe content.","Record clean child-friendly audio saying only the word ""beds"" once, natural pronunciation, no extra phrase, no music, no sound effects.",Good for early blending and initial/final sound tasks.
been,TRUE,FALSE,Low,Grade 1-2,Long e vowel teams ee / ea / ey / ie,common high-frequency word for reading fluency,/media/vocabulary/images/been.webp,,"Child-friendly early-reader illustration for ""been"". Classroom meaning clue: common high-frequency word for reading fluency. Because this is abstract or function-word-like, use a simple situational context that suggests meaning without written words. No text, letters, labels, watermark, or unsafe content.",,Do not use as image-only target unless meaning is concrete. Useful for vowel-team decoding/spelling.
beg,TRUE,TRUE,Medium,K-Grade 1,Short e CVC,common decodable word; check picture/context for exact meaning,/media/vocabulary/images/beg.webp,/media/vocabulary/audio/beg.mp3,"Child-friendly early-reader illustration for ""beg"". Classroom meaning clue: common decodable word; check picture/context for exact meaning. Make the word visually clear as a simple object, action, attribute, or scene. No text, letters, labels, watermark, or unsafe content.","Record clean child-friendly audio saying only the word ""beg"" once, natural pronunciation, no extra phrase, no music, no sound effects.",Good for early blending and initial/final sound tasks.
begin,TRUE,FALSE,Medium,Grade 2-3,Common verbs K-3,action word; use in a simple sentence or picture prompt,/media/vocabulary/images/begin.webp,,"Child-friendly early-reader illustration for ""begin"". Classroom meaning clue: action word; use in a simple sentence or picture prompt. Make the word visually clear as a simple object, action, attribute, or scene. No text, letters, labels, watermark, or unsafe content.",,5
bent,TRUE,FALSE,Medium,Grade 1,Short vowel words with final blends,common decodable word; check picture/context for exact meaning,/media/vocabulary/images/bent.webp,,"Child-friendly early-reader illustration for ""bent"". Classroom meaning clue: common decodable word; check picture/context for exact meaning. Make the word visually clear as a simple object, action, attribute, or scene. No text, letters, labels, watermark, or unsafe content.",,Good for early blending and initial/final sound tasks.
best,TRUE,FALSE,Low,Grade 1,Simple CVCC short-vowel words,common high-frequency word for reading fluency,/media/vocabulary/images/best.webp,,"Child-friendly early-reader illustration for ""best"". Classroom meaning clue: common high-frequency word for reading fluency. Because this is abstract or function-word-like, use a simple situational context that suggests meaning without written words. No text, letters, labels, watermark, or unsafe content.",,Do not use as image-only target unless meaning is concrete. Good for early blending and initial/final sound tasks.
bet,TRUE,TRUE,Medium,K-Grade 1,Short e CVC,common decodable word; check picture/context for exact meaning,/media/vocabulary/images/bet.webp,/media/vocabulary/audio/bet.mp3,"Child-friendly early-reader illustration for ""bet"". Classroom meaning clue: common decodable word; check picture/context for exact meaning. Make the word visually clear as a simple object, action, attribute, or scene. No text, letters, labels, watermark, or unsafe content.","Record clean child-friendly audio saying only the word ""bet"" once, natural pronunciation, no extra phrase, no music, no sound effects.",Good for early blending and initial/final sound tasks.
better,TRUE,FALSE,Low,Grade 1-2,R-controlled er / ir / ur,common high-frequency word for reading fluency,/media/vocabulary/images/better.webp,,"Child-friendly early-reader illustration for ""better"". Classroom meaning clue: common high-frequency word for reading fluency. Because this is abstract or function-word-like, use a simple situational context that suggests meaning without written words. No text, letters, labels, watermark, or unsafe content.",,Do not use as image-only target unless meaning is concrete. Useful for r-controlled vowel sorting.
bigger,TRUE,FALSE,Medium-Low,,Inflections - ed / er / est,common decodable word; check picture/context for exact meaning,/media/vocabulary/images/bigger.webp,,"Child-friendly early-reader illustration for ""bigger"". Classroom meaning clue: common decodable word; check picture/context for exact meaning. Make the word visually clear as a simple object, action, attribute, or scene. No text, letters, labels, watermark, or unsafe content.",,Useful for r-controlled vowel sorting.
birthday,TRUE,TRUE,Medium-Low,Grade 1-2,Long a vowel teams ai / ay / eigh,common decodable word; check picture/context for exact meaning,/media/vocabulary/images/birthday.webp,/media/vocabulary/audio/birthday.mp3,"Child-friendly early-reader illustration for ""birthday"". Classroom meaning clue: common decodable word; check picture/context for exact meaning. Make the word visually clear as a simple object, action, attribute, or scene. No text, letters, labels, watermark, or unsafe content.","Record clean child-friendly audio saying only the word ""birthday"" once, natural pronunciation, no extra phrase, no music, no sound effects.",Useful for r-controlled vowel sorting. Useful for vowel-team decoding/spelling.
bite,TRUE,TRUE,Medium,Grade 1-2,CVCe long e / i / o / u,common decodable word; check picture/context for exact meaning,/media/vocabulary/images/bite.webp,/media/vocabulary/audio/bite.mp3,"Child-friendly early-reader illustration for ""bite"". Classroom meaning clue: common decodable word; check picture/context for exact meaning. Make the word visually clear as a simple object, action, attribute, or scene. No text, letters, labels, watermark, or unsafe content.","Record clean child-friendly audio saying only the word ""bite"" once, natural pronunciation, no extra phrase, no music, no sound effects.",Good for early blending and initial/final sound tasks.
blend,TRUE,TRUE,Medium,Grade 1,Short vowel words with final blends,common decodable word; check picture/context for exact meaning,/media/vocabulary/images/blend.webp,/media/vocabulary/audio/blend.mp3,"Child-friendly early-reader illustration for ""blend"". Classroom meaning clue: common decodable word; check picture/context for exact meaning. Make the word visually clear as a simple object, action, attribute, or scene. No text, letters, labels, watermark, or unsafe content.","Record clean child-friendly audio saying only the word ""blend"" once, natural pronunciation, no extra phrase, no music, no sound effects.",5
blink,TRUE,TRUE,Medium,Grade 1,Short vowel words with final blends,common decodable word; check picture/context for exact meaning,/media/vocabulary/images/blink.webp,/media/vocabulary/audio/blink.mp3,"Child-friendly early-reader illustration for ""blink"". Classroom meaning clue: common decodable word; check picture/context for exact meaning. Make the word visually clear as a simple object, action, attribute, or scene. No text, letters, labels, watermark, or unsafe content.","Record clean child-friendly audio saying only the word ""blink"" once, natural pronunciation, no extra phrase, no music, no sound effects.",5
bloom,TRUE,TRUE,Medium,Grade 1,Common blends and clusters,common decodable word; check picture/context for exact meaning,/media/vocabulary/images/bloom.webp,/media/vocabulary/audio/bloom.mp3,"Child-friendly early-reader illustration for ""bloom"". Classroom meaning clue: common decodable word; check picture/context for exact meaning. Make the word visually clear as a simple object, action, attribute, or scene. No text, letters, labels, watermark, or unsafe content.","Record clean child-friendly audio saying only the word ""bloom"" once, natural pronunciation, no extra phrase, no music, no sound effects.",Useful for vowel-team decoding/spelling.
blow,TRUE,FALSE,Medium,K-Grade 3 vocabulary,Long o patterns o_e / oa / ow / oe,common K-3 vocabulary word,/media/vocabulary/images/blow.webp,,"Child-friendly early-reader illustration for ""blow"". Classroom meaning clue: common K-3 vocabulary word. Make the word visually clear as a simple object, action, attribute, or scene. No text, letters, labels, watermark, or unsafe content.",,Useful for vowel-team decoding/spelling. Useful for advanced vowel sound work. Good for early blending and initial/final sound tasks.
blur,TRUE,FALSE,Medium,Grade 1-2,R-controlled er / ir / ur,common decodable word; check picture/context for exact meaning,/media/vocabulary/images/blur.webp,,"Child-friendly early-reader illustration for ""blur"". Classroom meaning clue: common decodable word; check picture/context for exact meaning. Make the word visually clear as a simple object, action, attribute, or scene. No text, letters, labels, watermark, or unsafe content.",,Useful for r-controlled vowel sorting. Good for early blending and initial/final sound tasks.
bob,TRUE,FALSE,Medium,K-Grade 1,Short o CVC,common decodable word; check picture/context for exact meaning,/media/vocabulary/images/bob.webp,,"Child-friendly early-reader illustration for ""bob"". Classroom meaning clue: common decodable word; check picture/context for exact meaning. Make the word visually clear as a simple object, action, attribute, or scene. No text, letters, labels, watermark, or unsafe content.",,Good for early blending and initial/final sound tasks.
body,TRUE,FALSE,High,,Common early nouns - body and clothes,body/clothing word,/media/vocabulary/images/body.webp,,"Child-friendly early-reader illustration for ""body"". Classroom meaning clue: body/clothing word. Make the word visually clear as a simple object, action, attribute, or scene. No text, letters, labels, watermark, or unsafe content.",,4
bog,TRUE,TRUE,Medium,K-Grade 1,Short o CVC,common decodable word; check picture/context for exact meaning,/media/vocabulary/images/bog.webp,/media/vocabulary/audio/bog.mp3,"Child-friendly early-reader illustration for ""bog"". Classroom meaning clue: common decodable word; check picture/context for exact meaning. Make the word visually clear as a simple object, action, attribute, or scene. No text, letters, labels, watermark, or unsafe content.","Record clean child-friendly audio saying only the word ""bog"" once, natural pronunciation, no extra phrase, no music, no sound effects.",Good for early blending and initial/final sound tasks.
boil,TRUE,TRUE,Medium,Grade 1-2,Diphthongs oi / oy,common decodable word; check picture/context for exact meaning,/media/vocabulary/images/boil.webp,/media/vocabulary/audio/boil.mp3,"Child-friendly early-reader illustration for ""boil"". Classroom meaning clue: common decodable word; check picture/context for exact meaning. Make the word visually clear as a simple object, action, attribute, or scene. No text, letters, labels, watermark, or unsafe content.","Record clean child-friendly audio saying only the word ""boil"" once, natural pronunciation, no extra phrase, no music, no sound effects.",Useful for vowel-team decoding/spelling. Useful for advanced vowel sound work.
bony,TRUE,TRUE,Medium,,Simple two-syllable decodable words,common K-3 vocabulary word,/media/vocabulary/images/bony.webp,/media/vocabulary/audio/bony.mp3,"Child-friendly early-reader illustration for ""bony"". Classroom meaning clue: common K-3 vocabulary word. Make the word visually clear as a simple object, action, attribute, or scene. No text, letters, labels, watermark, or unsafe content.","Record clean child-friendly audio saying only the word ""bony"" once, natural pronunciation, no extra phrase, no music, no sound effects.",4
born,TRUE,FALSE,Medium,Grade 1-2,R-controlled or / ore / oar / our,common decodable word; check picture/context for exact meaning,/media/vocabulary/images/born.webp,,"Child-friendly early-reader illustration for ""born"". Classroom meaning clue: common decodable word; check picture/context for exact meaning. Make the word visually clear as a simple object, action, attribute, or scene. No text, letters, labels, watermark, or unsafe content.",,Useful for r-controlled vowel sorting. Good for early blending and initial/final sound tasks.
both,TRUE,FALSE,Low,,Consonant digraphs - th / wh / ph,grammar/function word used to build sentences,/media/vocabulary/images/both.webp,,"Child-friendly early-reader illustration for ""both"". Classroom meaning clue: grammar/function word used to build sentences. Because this is abstract or function-word-like, use a simple situational context that suggests meaning without written words. No text, letters, labels, watermark, or unsafe content.",,Do not use as image-only target unless meaning is concrete. Good for early blending and initial/final sound tasks.
boy,TRUE,FALSE,High,Grade 1-2,Diphthongs oi / oy,male child,/media/vocabulary/images/boy.webp,,"Child-friendly early-reader illustration for ""boy"". Classroom meaning clue: male child. Make the word visually clear as a simple object, action, attribute, or scene. No text, letters, labels, watermark, or unsafe content.",,Useful for vowel-team decoding/spelling. Useful for advanced vowel sound work.
brag,TRUE,TRUE,Medium,Grade 1,Simple CCVC short-vowel words,common decodable word; check picture/context for exact meaning,/media/vocabulary/images/brag.webp,/media/vocabulary/audio/brag.mp3,"Child-friendly early-reader illustration for ""brag"". Classroom meaning clue: common decodable word; check picture/context for exact meaning. Make the word visually clear as a simple object, action, attribute, or scene. No text, letters, labels, watermark, or unsafe content.","Record clean child-friendly audio saying only the word ""brag"" once, natural pronunciation, no extra phrase, no music, no sound effects.",Good for early blending and initial/final sound tasks.
brain,TRUE,FALSE,Medium,Grade 1-2,Long a vowel teams ai / ay / eigh,organ in the head used for thinking,/media/vocabulary/images/brain.webp,,"Child-friendly early-reader illustration for ""brain"". Classroom meaning clue: organ in the head used for thinking. Make the word visually clear as a simple object, action, attribute, or scene. No text, letters, labels, watermark, or unsafe content.",,Useful for vowel-team decoding/spelling.
bran,TRUE,TRUE,Medium,Grade 1,Simple CCVC short-vowel words,common decodable word; check picture/context for exact meaning,/media/vocabulary/images/bran.webp,/media/vocabulary/audio/bran.mp3,"Child-friendly early-reader illustration for ""bran"". Classroom meaning clue: common decodable word; check picture/context for exact meaning. Make the word visually clear as a simple object, action, attribute, or scene. No text, letters, labels, watermark, or unsafe content.","Record clean child-friendly audio saying only the word ""bran"" once, natural pronunciation, no extra phrase, no music, no sound effects.",Good for early blending and initial/final sound tasks.
brand,TRUE,TRUE,Medium,Grade 1,Short vowel words with final blends,common decodable word; check picture/context for exact meaning,/media/vocabulary/images/brand.webp,/media/vocabulary/audio/brand.mp3,"Child-friendly early-reader illustration for ""brand"". Classroom meaning clue: common decodable word; check picture/context for exact meaning. Make the word visually clear as a simple object, action, attribute, or scene. No text, letters, labels, watermark, or unsafe content.","Record clean child-friendly audio saying only the word ""brand"" once, natural pronunciation, no extra phrase, no music, no sound effects.",5
brat,TRUE,TRUE,Medium,Grade 1,Simple CCVC short-vowel words,common decodable word; check picture/context for exact meaning,/media/vocabulary/images/brat.webp,/media/vocabulary/audio/brat.mp3,"Child-friendly early-reader illustration for ""brat"". Classroom meaning clue: common decodable word; check picture/context for exact meaning. Make the word visually clear as a simple object, action, attribute, or scene. No text, letters, labels, watermark, or unsafe content.","Record clean child-friendly audio saying only the word ""brat"" once, natural pronunciation, no extra phrase, no music, no sound effects.",Good for early blending and initial/final sound tasks.
brave,TRUE,FALSE,Medium,Grade 1-2,CVCe long a,common decodable word; check picture/context for exact meaning,/media/vocabulary/images/brave.webp,,"Child-friendly early-reader illustration for ""brave"". Classroom meaning clue: common decodable word; check picture/context for exact meaning. Make the word visually clear as a simple object, action, attribute, or scene. No text, letters, labels, watermark, or unsafe content.",,5
breeze,TRUE,TRUE,Medium-Low,Grade 1-2,Long e vowel teams ee / ea / ey / ie,common decodable word; check picture/context for exact meaning,/media/vocabulary/images/breeze.webp,/media/vocabulary/audio/breeze.mp3,"Child-friendly early-reader illustration for ""breeze"". Classroom meaning clue: common decodable word; check picture/context for exact meaning. Make the word visually clear as a simple object, action, attribute, or scene. No text, letters, labels, watermark, or unsafe content.","Record clean child-friendly audio saying only the word ""breeze"" once, natural pronunciation, no extra phrase, no music, no sound effects.",Useful for vowel-team decoding/spelling.
brief,TRUE,TRUE,Medium,Grade 1-2,Long e vowel teams ee / ea / ey / ie,common decodable word; check picture/context for exact meaning,/media/vocabulary/images/brief.webp,/media/vocabulary/audio/brief.mp3,"Child-friendly early-reader illustration for ""brief"". Classroom meaning clue: common decodable word; check picture/context for exact meaning. Make the word visually clear as a simple object, action, attribute, or scene. No text, letters, labels, watermark, or unsafe content.","Record clean child-friendly audio saying only the word ""brief"" once, natural pronunciation, no extra phrase, no music, no sound effects.",Useful for vowel-team decoding/spelling.
brighter,TRUE,TRUE,Medium-Low,,Inflections - ed / er / est,common decodable word; check picture/context for exact meaning,/media/vocabulary/images/brighter.webp,/media/vocabulary/audio/brighter.mp3,"Child-friendly early-reader illustration for ""brighter"". Classroom meaning clue: common decodable word; check picture/context for exact meaning. Make the word visually clear as a simple object, action, attribute, or scene. No text, letters, labels, watermark, or unsafe content.","Record clean child-friendly audio saying only the word ""brighter"" once, natural pronunciation, no extra phrase, no music, no sound effects.",Useful for r-controlled vowel sorting. Useful for vowel-team decoding/spelling.
bring,TRUE,FALSE,Medium,Grade 1,Common blends and clusters,action word; use in a simple sentence or picture prompt,/media/vocabulary/images/bring.webp,,"Child-friendly early-reader illustration for ""bring"". Classroom meaning clue: action word; use in a simple sentence or picture prompt. Make the word visually clear as a simple object, action, attribute, or scene. No text, letters, labels, watermark, or unsafe content.",,Do not use as image-only target unless meaning is concrete.
broke,TRUE,TRUE,Medium,Grade 1-2,CVCe long e / i / o / u,common decodable word; check picture/context for exact meaning,/media/vocabulary/images/broke.webp,/media/vocabulary/audio/broke.mp3,"Child-friendly early-reader illustration for ""broke"". Classroom meaning clue: common decodable word; check picture/context for exact meaning. Make the word visually clear as a simple object, action, attribute, or scene. No text, letters, labels, watermark, or unsafe content.","Record clean child-friendly audio saying only the word ""broke"" once, natural pronunciation, no extra phrase, no music, no sound effects.",5
brother,TRUE,FALSE,High,Grade 1-2,R-controlled er / ir / ur,people/family word,/media/vocabulary/images/brother.webp,,"Child-friendly early-reader illustration for ""brother"". Classroom meaning clue: people/family word. Make the word visually clear as a simple object, action, attribute, or scene. No text, letters, labels, watermark, or unsafe content.",,Useful for r-controlled vowel sorting.
brute,TRUE,TRUE,Medium,Grade 1-2,CVCe long e / i / o / u,common decodable word; check picture/context for exact meaning,/media/vocabulary/images/brute.webp,/media/vocabulary/audio/brute.mp3,"Child-friendly early-reader illustration for ""brute"". Classroom meaning clue: common decodable word; check picture/context for exact meaning. Make the word visually clear as a simple object, action, attribute, or scene. No text, letters, labels, watermark, or unsafe content.","Record clean child-friendly audio saying only the word ""brute"" once, natural pronunciation, no extra phrase, no music, no sound effects.",5
build,TRUE,FALSE,Medium,,Common verbs K-3,action word; use in a simple sentence or picture prompt,/media/vocabulary/images/build.webp,,"Child-friendly early-reader illustration for ""build"". Classroom meaning clue: action word; use in a simple sentence or picture prompt. Make the word visually clear as a simple object, action, attribute, or scene. No text, letters, labels, watermark, or unsafe content.",,Useful for vowel-team decoding/spelling.
bunch,TRUE,TRUE,Medium,Grade 1,Consonant digraphs - ch,common decodable word; check picture/context for exact meaning,/media/vocabulary/images/bunch.webp,/media/vocabulary/audio/bunch.mp3,"Child-friendly early-reader illustration for ""bunch"". Classroom meaning clue: common decodable word; check picture/context for exact meaning. Make the word visually clear as a simple object, action, attribute, or scene. No text, letters, labels, watermark, or unsafe content.","Record clean child-friendly audio saying only the word ""bunch"" once, natural pronunciation, no extra phrase, no music, no sound effects.",5
burger,TRUE,TRUE,Medium-Low,,R-controlled er / ir / ur,common decodable word; check picture/context for exact meaning,/media/vocabulary/images/burger.webp,/media/vocabulary/audio/burger.mp3,"Child-friendly early-reader illustration for ""burger"". Classroom meaning clue: common decodable word; check picture/context for exact meaning. Make the word visually clear as a simple object, action, attribute, or scene. No text, letters, labels, watermark, or unsafe content.","Record clean child-friendly audio saying only the word ""burger"" once, natural pronunciation, no extra phrase, no music, no sound effects.",Useful for r-controlled vowel sorting.
burn,TRUE,FALSE,Medium,Grade 1-2,R-controlled er / ir / ur,common decodable word; check picture/context for exact meaning,/media/vocabulary/images/burn.webp,,"Child-friendly early-reader illustration for ""burn"". Classroom meaning clue: common decodable word; check picture/context for exact meaning. Make the word visually clear as a simple object, action, attribute, or scene. No text, letters, labels, watermark, or unsafe content.",,Useful for r-controlled vowel sorting. Good for early blending and initial/final sound tasks.
burst,TRUE,FALSE,Medium,Grade 1-2,R-controlled er / ir / ur,common decodable word; check picture/context for exact meaning,/media/vocabulary/images/burst.webp,,"Child-friendly early-reader illustration for ""burst"". Classroom meaning clue: common decodable word; check picture/context for exact meaning. Make the word visually clear as a simple object, action, attribute, or scene. No text, letters, labels, watermark, or unsafe content.",,Useful for r-controlled vowel sorting.
buses,TRUE,FALSE,Medium,,Inflections - plural / s / es,common decodable word; check picture/context for exact meaning,/media/vocabulary/images/buses.webp,,"Child-friendly early-reader illustration for ""buses"". Classroom meaning clue: common decodable word; check picture/context for exact meaning. Make the word visually clear as a simple object, action, attribute, or scene. No text, letters, labels, watermark, or unsafe content.",,5
bush,TRUE,FALSE,Medium,Grade 1,Consonant digraphs - sh,common decodable word; check picture/context for exact meaning,/media/vocabulary/images/bush.webp,,"Child-friendly early-reader illustration for ""bush"". Classroom meaning clue: common decodable word; check picture/context for exact meaning. Make the word visually clear as a simple object, action, attribute, or scene. No text, letters, labels, watermark, or unsafe content.",,Good for early blending and initial/final sound tasks.
buy,TRUE,TRUE,Medium,K-Grade 3 sight/fluency,High-frequency regular and partly decodable K-3 words,action word; use in a simple sentence or picture prompt,/media/vocabulary/images/buy.webp,/media/vocabulary/audio/buy.mp3,"Child-friendly early-reader illustration for ""buy"". Classroom meaning clue: action word; use in a simple sentence or picture prompt. Make the word visually clear as a simple object, action, attribute, or scene. No text, letters, labels, watermark, or unsafe content.","Record clean child-friendly audio saying only the word ""buy"" once, natural pronunciation, no extra phrase, no music, no sound effects.",Do not use as image-only target unless meaning is concrete.
cabin,TRUE,TRUE,Medium,,Simple two-syllable decodable words,common K-3 vocabulary word,/media/vocabulary/images/cabin.webp,/media/vocabulary/audio/cabin.mp3,"Child-friendly early-reader illustration for ""cabin"". Classroom meaning clue: common K-3 vocabulary word. Make the word visually clear as a simple object, action, attribute, or scene. No text, letters, labels, watermark, or unsafe content.","Record clean child-friendly audio saying only the word ""cabin"" once, natural pronunciation, no extra phrase, no music, no sound effects.",5
call,TRUE,FALSE,Medium,Grade 1-2,Au / aw / al / all,action word; use in a simple sentence or picture prompt,/media/vocabulary/images/call.webp,,"Child-friendly early-reader illustration for ""call"". Classroom meaning clue: action word; use in a simple sentence or picture prompt. Make the word visually clear as a simple object, action, attribute, or scene. No text, letters, labels, watermark, or unsafe content.",,Do not use as image-only target unless meaning is concrete. Good for early blending and initial/final sound tasks.
care,TRUE,FALSE,Medium,K-Grade 3 vocabulary,Air / ear / eer / are patterns,common K-3 vocabulary word,/media/vocabulary/images/care.webp,,"Child-friendly early-reader illustration for ""care"". Classroom meaning clue: common K-3 vocabulary word. Make the word visually clear as a simple object, action, attribute, or scene. No text, letters, labels, watermark, or unsafe content.",,Useful for r-controlled vowel sorting. Good for early blending and initial/final sound tasks.
carpet,TRUE,TRUE,Medium-Low,,Simple two-syllable decodable words,common K-3 vocabulary word,/media/vocabulary/images/carpet.webp,/media/vocabulary/audio/carpet.mp3,"Child-friendly early-reader illustration for ""carpet"". Classroom meaning clue: common K-3 vocabulary word. Make the word visually clear as a simple object, action, attribute, or scene. No text, letters, labels, watermark, or unsafe content.","Record clean child-friendly audio saying only the word ""carpet"" once, natural pronunciation, no extra phrase, no music, no sound effects.",Useful for r-controlled vowel sorting.
carry,TRUE,FALSE,Medium,,High-frequency regular and partly decodable K-3 words,action word; use in a simple sentence or picture prompt,/media/vocabulary/images/carry.webp,,"Child-friendly early-reader illustration for ""carry"". Classroom meaning clue: action word; use in a simple sentence or picture prompt. Make the word visually clear as a simple object, action, attribute, or scene. No text, letters, labels, watermark, or unsafe content.",,Do not use as image-only target unless meaning is concrete. Useful for r-controlled vowel sorting.
cars,TRUE,TRUE,Medium,,Inflections - plural / s / es,common decodable word; check picture/context for exact meaning,/media/vocabulary/images/cars.webp,/media/vocabulary/audio/cars.mp3,"Child-friendly early-reader illustration for ""cars"". Classroom meaning clue: common decodable word; check picture/context for exact meaning. Make the word visually clear as a simple object, action, attribute, or scene. No text, letters, labels, watermark, or unsafe content.","Record clean child-friendly audio saying only the word ""cars"" once, natural pronunciation, no extra phrase, no music, no sound effects.",Useful for r-controlled vowel sorting. Good for early blending and initial/final sound tasks.
cash,TRUE,TRUE,Medium,Grade 1,Consonant digraphs - sh,common decodable word; check picture/context for exact meaning,/media/vocabulary/images/cash.webp,/media/vocabulary/audio/cash.mp3,"Child-friendly early-reader illustration for ""cash"". Classroom meaning clue: common decodable word; check picture/context for exact meaning. Make the word visually clear as a simple object, action, attribute, or scene. No text, letters, labels, watermark, or unsafe content.","Record clean child-friendly audio saying only the word ""cash"" once, natural pronunciation, no extra phrase, no music, no sound effects.",Good for early blending and initial/final sound tasks.
cast,TRUE,TRUE,Medium,Grade 1,Simple CVCC short-vowel words,common decodable word; check picture/context for exact meaning,/media/vocabulary/images/cast.webp,/media/vocabulary/audio/cast.mp3,"Child-friendly early-reader illustration for ""cast"". Classroom meaning clue: common decodable word; check picture/context for exact meaning. Make the word visually clear as a simple object, action, attribute, or scene. No text, letters, labels, watermark, or unsafe content.","Record clean child-friendly audio saying only the word ""cast"" once, natural pronunciation, no extra phrase, no music, no sound effects.",Good for early blending and initial/final sound tasks.
catch,TRUE,TRUE,Medium,,Common verbs K-3,action word; use in a simple sentence or picture prompt,/media/vocabulary/images/catch.webp,/media/vocabulary/audio/catch.mp3,"Child-friendly early-reader illustration for ""catch"". Classroom meaning clue: action word; use in a simple sentence or picture prompt. Make the word visually clear as a simple object, action, attribute, or scene. No text, letters, labels, watermark, or unsafe content.","Record clean child-friendly audio saying only the word ""catch"" once, natural pronunciation, no extra phrase, no music, no sound effects.",5
caught,TRUE,FALSE,Medium-Low,Grade 1-2,Au / aw / al / all,common K-3 vocabulary word,/media/vocabulary/images/caught.webp,,"Child-friendly early-reader illustration for ""caught"". Classroom meaning clue: common K-3 vocabulary word. Make the word visually clear as a simple object, action, attribute, or scene. No text, letters, labels, watermark, or unsafe content.",,Useful for vowel-team decoding/spelling.
change,TRUE,FALSE,Medium,,Common verbs K-3,action word; use in a simple sentence or picture prompt,/media/vocabulary/images/change.webp,,"Child-friendly early-reader illustration for ""change"". Classroom meaning clue: action word; use in a simple sentence or picture prompt. Make the word visually clear as a simple object, action, attribute, or scene. No text, letters, labels, watermark, or unsafe content.",,6
charm,TRUE,TRUE,Medium,Grade 1,Consonant digraphs - ch,common decodable word; check picture/context for exact meaning,/media/vocabulary/images/charm.webp,/media/vocabulary/audio/charm.mp3,"Child-friendly early-reader illustration for ""charm"". Classroom meaning clue: common decodable word; check picture/context for exact meaning. Make the word visually clear as a simple object, action, attribute, or scene. No text, letters, labels, watermark, or unsafe content.","Record clean child-friendly audio saying only the word ""charm"" once, natural pronunciation, no extra phrase, no music, no sound effects.",Useful for r-controlled vowel sorting.
chart,TRUE,FALSE,Medium,Grade 1-2,R-controlled ar,common decodable word; check picture/context for exact meaning,/media/vocabulary/images/chart.webp,,"Child-friendly early-reader illustration for ""chart"". Classroom meaning clue: common decodable word; check picture/context for exact meaning. Make the word visually clear as a simple object, action, attribute, or scene. No text, letters, labels, watermark, or unsafe content.",,Useful for r-controlled vowel sorting.
chase,TRUE,FALSE,Medium,Grade 1,Consonant digraphs - ch,common decodable word; check picture/context for exact meaning,/media/vocabulary/images/chase.webp,,"Child-friendly early-reader illustration for ""chase"". Classroom meaning clue: common decodable word; check picture/context for exact meaning. Make the word visually clear as a simple object, action, attribute, or scene. No text, letters, labels, watermark, or unsafe content.",,5
chat,TRUE,TRUE,Medium,Grade 1,Consonant digraphs - ch,common decodable word; check picture/context for exact meaning,/media/vocabulary/images/chat.webp,/media/vocabulary/audio/chat.mp3,"Child-friendly early-reader illustration for ""chat"". Classroom meaning clue: common decodable word; check picture/context for exact meaning. Make the word visually clear as a simple object, action, attribute, or scene. No text, letters, labels, watermark, or unsafe content.","Record clean child-friendly audio saying only the word ""chat"" once, natural pronunciation, no extra phrase, no music, no sound effects.",Good for early blending and initial/final sound tasks.
check,TRUE,FALSE,Medium,,Consonant digraphs - ch,action word; use in a simple sentence or picture prompt,/media/vocabulary/images/check.webp,,"Child-friendly early-reader illustration for ""check"". Classroom meaning clue: action word; use in a simple sentence or picture prompt. Make the word visually clear as a simple object, action, attribute, or scene. No text, letters, labels, watermark, or unsafe content.",,5
cheek,TRUE,FALSE,Medium,Grade 1,Consonant digraphs - ch,common decodable word; check picture/context for exact meaning,/media/vocabulary/images/cheek.webp,,"Child-friendly early-reader illustration for ""cheek"". Classroom meaning clue: common decodable word; check picture/context for exact meaning. Make the word visually clear as a simple object, action, attribute, or scene. No text, letters, labels, watermark, or unsafe content.",,Useful for vowel-team decoding/spelling.
cheer,TRUE,TRUE,Medium,K-Grade 3 vocabulary,Air / ear / eer / are patterns,common K-3 vocabulary word,/media/vocabulary/images/cheer.webp,/media/vocabulary/audio/cheer.mp3,"Child-friendly early-reader illustration for ""cheer"". Classroom meaning clue: common K-3 vocabulary word. Make the word visually clear as a simple object, action, attribute, or scene. No text, letters, labels, watermark, or unsafe content.","Record clean child-friendly audio saying only the word ""cheer"" once, natural pronunciation, no extra phrase, no music, no sound effects.",Useful for r-controlled vowel sorting. Useful for vowel-team decoding/spelling.
chess,TRUE,TRUE,Medium,Grade 1,Consonant digraphs - ch,common decodable word; check picture/context for exact meaning,/media/vocabulary/images/chess.webp,/media/vocabulary/audio/chess.mp3,"Child-friendly early-reader illustration for ""chess"". Classroom meaning clue: common decodable word; check picture/context for exact meaning. Make the word visually clear as a simple object, action, attribute, or scene. No text, letters, labels, watermark, or unsafe content.","Record clean child-friendly audio saying only the word ""chess"" once, natural pronunciation, no extra phrase, no music, no sound effects.",5
chief,TRUE,TRUE,Medium,Grade 1-2,Long e vowel teams ee / ea / ey / ie,common decodable word; check picture/context for exact meaning,/media/vocabulary/images/chief.webp,/media/vocabulary/audio/chief.mp3,"Child-friendly early-reader illustration for ""chief"". Classroom meaning clue: common decodable word; check picture/context for exact meaning. Make the word visually clear as a simple object, action, attribute, or scene. No text, letters, labels, watermark, or unsafe content.","Record clean child-friendly audio saying only the word ""chief"" once, natural pronunciation, no extra phrase, no music, no sound effects.",Useful for vowel-team decoding/spelling.
child,TRUE,TRUE,High,Grade 1,Consonant digraphs - ch,young person,/media/vocabulary/images/child.webp,/media/vocabulary/audio/child.mp3,"Child-friendly early-reader illustration for ""child"". Classroom meaning clue: young person. Make the word visually clear as a simple object, action, attribute, or scene. No text, letters, labels, watermark, or unsafe content.","Record clean child-friendly audio saying only the word ""child"" once, natural pronunciation, no extra phrase, no music, no sound effects.",5
children,TRUE,FALSE,High,,Consonant digraphs - ch,more than one child,/media/vocabulary/images/children.webp,,"Child-friendly early-reader illustration for ""children"". Classroom meaning clue: more than one child. Make the word visually clear as a simple object, action, attribute, or scene. No text, letters, labels, watermark, or unsafe content.",,8
choice,TRUE,FALSE,Medium-Low,Grade 1-2,Diphthongs oi / oy,common decodable word; check picture/context for exact meaning,/media/vocabulary/images/choice.webp,,"Child-friendly early-reader illustration for ""choice"". Classroom meaning clue: common decodable word; check picture/context for exact meaning. Make the word visually clear as a simple object, action, attribute, or scene. No text, letters, labels, watermark, or unsafe content.",,Useful for vowel-team decoding/spelling. Useful for advanced vowel sound work.
choose,TRUE,FALSE,Medium,,Consonant digraphs - ch,action word; use in a simple sentence or picture prompt,/media/vocabulary/images/choose.webp,,"Child-friendly early-reader illustration for ""choose"". Classroom meaning clue: action word; use in a simple sentence or picture prompt. Make the word visually clear as a simple object, action, attribute, or scene. No text, letters, labels, watermark, or unsafe content.",,Useful for vowel-team decoding/spelling.
chore,TRUE,TRUE,Medium,Grade 1-2,R-controlled or / ore / oar / our,common decodable word; check picture/context for exact meaning,/media/vocabulary/images/chore.webp,/media/vocabulary/audio/chore.mp3,"Child-friendly early-reader illustration for ""chore"". Classroom meaning clue: common decodable word; check picture/context for exact meaning. Make the word visually clear as a simple object, action, attribute, or scene. No text, letters, labels, watermark, or unsafe content.","Record clean child-friendly audio saying only the word ""chore"" once, natural pronunciation, no extra phrase, no music, no sound effects.",Useful for r-controlled vowel sorting.
chose,TRUE,FALSE,Medium,Grade 1-2,CVCe long e / i / o / u,common decodable word; check picture/context for exact meaning,/media/vocabulary/images/chose.webp,,"Child-friendly early-reader illustration for ""chose"". Classroom meaning clue: common decodable word; check picture/context for exact meaning. Make the word visually clear as a simple object, action, attribute, or scene. No text, letters, labels, watermark, or unsafe content.",,5
chum,TRUE,TRUE,Medium,Grade 1,Consonant digraphs - ch,common decodable word; check picture/context for exact meaning,/media/vocabulary/images/chum.webp,/media/vocabulary/audio/chum.mp3,"Child-friendly early-reader illustration for ""chum"". Classroom meaning clue: common decodable word; check picture/context for exact meaning. Make the word visually clear as a simple object, action, attribute, or scene. No text, letters, labels, watermark, or unsafe content.","Record clean child-friendly audio saying only the word ""chum"" once, natural pronunciation, no extra phrase, no music, no sound effects.",Good for early blending and initial/final sound tasks.
churches,TRUE,TRUE,Medium-Low,,Inflections - plural / s / es,common decodable word; check picture/context for exact meaning,/media/vocabulary/images/churches.webp,/media/vocabulary/audio/churches.mp3,"Child-friendly early-reader illustration for ""churches"". Classroom meaning clue: common decodable word; check picture/context for exact meaning. Make the word visually clear as a simple object, action, attribute, or scene. No text, letters, labels, watermark, or unsafe content.","Record clean child-friendly audio saying only the word ""churches"" once, natural pronunciation, no extra phrase, no music, no sound effects.",Useful for r-controlled vowel sorting.
clapping,TRUE,TRUE,Medium-Low,,Inflections - ing,common decodable word; check picture/context for exact meaning,/media/vocabulary/images/clapping.webp,/media/vocabulary/audio/clapping.mp3,"Child-friendly early-reader illustration for ""clapping"". Classroom meaning clue: common decodable word; check picture/context for exact meaning. Make the word visually clear as a simple object, action, attribute, or scene. No text, letters, labels, watermark, or unsafe content.","Record clean child-friendly audio saying only the word ""clapping"" once, natural pronunciation, no extra phrase, no music, no sound effects.",8
clasp,TRUE,TRUE,Medium,,Short vowel words with final blends,common decodable word; check picture/context for exact meaning,/media/vocabulary/images/clasp.webp,/media/vocabulary/audio/clasp.mp3,"Child-friendly early-reader illustration for ""clasp"". Classroom meaning clue: common decodable word; check picture/context for exact meaning. Make the word visually clear as a simple object, action, attribute, or scene. No text, letters, labels, watermark, or unsafe content.","Record clean child-friendly audio saying only the word ""clasp"" once, natural pronunciation, no extra phrase, no music, no sound effects.",5
class,TRUE,FALSE,High,K-Grade 3 vocabulary,Common early nouns - home and school,home/school object or place,/media/vocabulary/images/class.webp,,"Child-friendly early-reader illustration for ""class"". Classroom meaning clue: home/school object or place. Make the word visually clear as a simple object, action, attribute, or scene. No text, letters, labels, watermark, or unsafe content.",,5
classes,TRUE,TRUE,Medium-Low,Grade 2-3,Inflections - plural / s / es,common decodable word; check picture/context for exact meaning,/media/vocabulary/images/classes.webp,/media/vocabulary/audio/classes.mp3,"Child-friendly early-reader illustration for ""classes"". Classroom meaning clue: common decodable word; check picture/context for exact meaning. Make the word visually clear as a simple object, action, attribute, or scene. No text, letters, labels, watermark, or unsafe content.","Record clean child-friendly audio saying only the word ""classes"" once, natural pronunciation, no extra phrase, no music, no sound effects.",7
clear,TRUE,FALSE,Medium,K-Grade 3 vocabulary,Air / ear / eer / are patterns,common K-3 vocabulary word,/media/vocabulary/images/clear.webp,,"Child-friendly early-reader illustration for ""clear"". Classroom meaning clue: common K-3 vocabulary word. Make the word visually clear as a simple object, action, attribute, or scene. No text, letters, labels, watermark, or unsafe content.",,Useful for r-controlled vowel sorting. Useful for vowel-team decoding/spelling.
clerk,TRUE,TRUE,Medium,Grade 1-2,R-controlled er / ir / ur,common decodable word; check picture/context for exact meaning,/media/vocabulary/images/clerk.webp,/media/vocabulary/audio/clerk.mp3,"Child-friendly early-reader illustration for ""clerk"". Classroom meaning clue: common decodable word; check picture/context for exact meaning. Make the word visually clear as a simple object, action, attribute, or scene. No text, letters, labels, watermark, or unsafe content.","Record clean child-friendly audio saying only the word ""clerk"" once, natural pronunciation, no extra phrase, no music, no sound effects.",Useful for r-controlled vowel sorting.
close,TRUE,FALSE,Medium,,CVCe long e / i / o / u,action word; use in a simple sentence or picture prompt,/media/vocabulary/images/close.webp,,"Child-friendly early-reader illustration for ""close"". Classroom meaning clue: action word; use in a simple sentence or picture prompt. Make the word visually clear as a simple object, action, attribute, or scene. No text, letters, labels, watermark, or unsafe content.",,5
clown,TRUE,TRUE,Medium,Grade 1-2,Diphthongs ou / ow,common decodable word; check picture/context for exact meaning,/media/vocabulary/images/clown.webp,/media/vocabulary/audio/clown.mp3,"Child-friendly early-reader illustration for ""clown"". Classroom meaning clue: common decodable word; check picture/context for exact meaning. Make the word visually clear as a simple object, action, attribute, or scene. No text, letters, labels, watermark, or unsafe content.","Record clean child-friendly audio saying only the word ""clown"" once, natural pronunciation, no extra phrase, no music, no sound effects.",Useful for vowel-team decoding/spelling. Useful for advanced vowel sound work.
clue,TRUE,TRUE,Medium,K-Grade 3 vocabulary,Long u / oo / ew / ue,common K-3 vocabulary word,/media/vocabulary/images/clue.webp,/media/vocabulary/audio/clue.mp3,"Child-friendly early-reader illustration for ""clue"". Classroom meaning clue: common K-3 vocabulary word. Make the word visually clear as a simple object, action, attribute, or scene. No text, letters, labels, watermark, or unsafe content.","Record clean child-friendly audio saying only the word ""clue"" once, natural pronunciation, no extra phrase, no music, no sound effects.",Useful for vowel-team decoding/spelling.
coach,TRUE,TRUE,Medium,,Consonant digraphs - ch,common decodable word; check picture/context for exact meaning,/media/vocabulary/images/coach.webp,/media/vocabulary/audio/coach.mp3,"Child-friendly early-reader illustration for ""coach"". Classroom meaning clue: common decodable word; check picture/context for exact meaning. Make the word visually clear as a simple object, action, attribute, or scene. No text, letters, labels, watermark, or unsafe content.","Record clean child-friendly audio saying only the word ""coach"" once, natural pronunciation, no extra phrase, no music, no sound effects.",Useful for vowel-team decoding/spelling.
cod,TRUE,TRUE,Medium,K-Grade 1,Short o CVC,common decodable word; check picture/context for exact meaning,/media/vocabulary/images/cod.webp,/media/vocabulary/audio/cod.mp3,"Child-friendly early-reader illustration for ""cod"". Classroom meaning clue: common decodable word; check picture/context for exact meaning. Make the word visually clear as a simple object, action, attribute, or scene. No text, letters, labels, watermark, or unsafe content.","Record clean child-friendly audio saying only the word ""cod"" once, natural pronunciation, no extra phrase, no music, no sound effects.",Good for early blending and initial/final sound tasks.
cog,TRUE,TRUE,Medium,K-Grade 1,Short o CVC,common decodable word; check picture/context for exact meaning,/media/vocabulary/images/cog.webp,/media/vocabulary/audio/cog.mp3,"Child-friendly early-reader illustration for ""cog"". Classroom meaning clue: common decodable word; check picture/context for exact meaning. Make the word visually clear as a simple object, action, attribute, or scene. No text, letters, labels, watermark, or unsafe content.","Record clean child-friendly audio saying only the word ""cog"" once, natural pronunciation, no extra phrase, no music, no sound effects.",Good for early blending and initial/final sound tasks.
coil,TRUE,TRUE,Medium,Grade 1-2,Diphthongs oi / oy,common decodable word; check picture/context for exact meaning,/media/vocabulary/images/coil.webp,/media/vocabulary/audio/coil.mp3,"Child-friendly early-reader illustration for ""coil"". Classroom meaning clue: common decodable word; check picture/context for exact meaning. Make the word visually clear as a simple object, action, attribute, or scene. No text, letters, labels, watermark, or unsafe content.","Record clean child-friendly audio saying only the word ""coil"" once, natural pronunciation, no extra phrase, no music, no sound effects.",Useful for vowel-team decoding/spelling. Useful for advanced vowel sound work.
colder,TRUE,TRUE,Medium-Low,,Inflections - ed / er / est,common decodable word; check picture/context for exact meaning,/media/vocabulary/images/colder.webp,/media/vocabulary/audio/colder.mp3,"Child-friendly early-reader illustration for ""colder"". Classroom meaning clue: common decodable word; check picture/context for exact meaning. Make the word visually clear as a simple object, action, attribute, or scene. No text, letters, labels, watermark, or unsafe content.","Record clean child-friendly audio saying only the word ""colder"" once, natural pronunciation, no extra phrase, no music, no sound effects.",Useful for r-controlled vowel sorting.
coldest,TRUE,TRUE,Medium-Low,,Inflections - ed / er / est,common decodable word; check picture/context for exact meaning,/media/vocabulary/images/coldest.webp,/media/vocabulary/audio/coldest.mp3,"Child-friendly early-reader illustration for ""coldest"". Classroom meaning clue: common decodable word; check picture/context for exact meaning. Make the word visually clear as a simple object, action, attribute, or scene. No text, letters, labels, watermark, or unsafe content.","Record clean child-friendly audio saying only the word ""coldest"" once, natural pronunciation, no extra phrase, no music, no sound effects.",7
cook,TRUE,TRUE,Medium,K-Grade 3 vocabulary,Long u / oo / ew / ue,action word; use in a simple sentence or picture prompt,/media/vocabulary/images/cook.webp,/media/vocabulary/audio/cook.mp3,"Child-friendly early-reader illustration for ""cook"". Classroom meaning clue: action word; use in a simple sentence or picture prompt. Make the word visually clear as a simple object, action, attribute, or scene. No text, letters, labels, watermark, or unsafe content.","Record clean child-friendly audio saying only the word ""cook"" once, natural pronunciation, no extra phrase, no music, no sound effects.",Useful for vowel-team decoding/spelling.
cooked,TRUE,TRUE,Medium-Low,Grade 2-3,Inflections - ed / er / est,common decodable word; check picture/context for exact meaning,/media/vocabulary/images/cooked.webp,/media/vocabulary/audio/cooked.mp3,"Child-friendly early-reader illustration for ""cooked"". Classroom meaning clue: common decodable word; check picture/context for exact meaning. Make the word visually clear as a simple object, action, attribute, or scene. No text, letters, labels, watermark, or unsafe content.","Record clean child-friendly audio saying only the word ""cooked"" once, natural pronunciation, no extra phrase, no music, no sound effects.",Useful for vowel-team decoding/spelling.
cooking,TRUE,FALSE,Medium-Low,Grade 2-3,Inflections - ing,common decodable word; check picture/context for exact meaning,/media/vocabulary/images/cooking.webp,,"Child-friendly early-reader illustration for ""cooking"". Classroom meaning clue: common decodable word; check picture/context for exact meaning. Make the word visually clear as a simple object, action, attribute, or scene. No text, letters, labels, watermark, or unsafe content.",,Useful for vowel-team decoding/spelling.
cool,TRUE,FALSE,Medium,K-Grade 3 vocabulary,Long u / oo / ew / ue,describing word; tells what something is like,/media/vocabulary/images/cool.webp,,"Child-friendly early-reader illustration for ""cool"". Classroom meaning clue: describing word; tells what something is like. Make the word visually clear as a simple object, action, attribute, or scene. No text, letters, labels, watermark, or unsafe content.",,Useful for vowel-team decoding/spelling.
cop,TRUE,TRUE,Medium,K-Grade 1,Short o CVC,common decodable word; check picture/context for exact meaning,/media/vocabulary/images/cop.webp,/media/vocabulary/audio/cop.mp3,"Child-friendly early-reader illustration for ""cop"". Classroom meaning clue: common decodable word; check picture/context for exact meaning. Make the word visually clear as a simple object, action, attribute, or scene. No text, letters, labels, watermark, or unsafe content.","Record clean child-friendly audio saying only the word ""cop"" once, natural pronunciation, no extra phrase, no music, no sound effects.",Good for early blending and initial/final sound tasks.
core,TRUE,TRUE,Medium,Grade 1-2,R-controlled or / ore / oar / our,common decodable word; check picture/context for exact meaning,/media/vocabulary/images/core.webp,/media/vocabulary/audio/core.mp3,"Child-friendly early-reader illustration for ""core"". Classroom meaning clue: common decodable word; check picture/context for exact meaning. Make the word visually clear as a simple object, action, attribute, or scene. No text, letters, labels, watermark, or unsafe content.","Record clean child-friendly audio saying only the word ""core"" once, natural pronunciation, no extra phrase, no music, no sound effects.",Useful for r-controlled vowel sorting. Good for early blending and initial/final sound tasks.
count,TRUE,FALSE,Medium,,Diphthongs ou / ow,action word; use in a simple sentence or picture prompt,/media/vocabulary/images/count.webp,,"Child-friendly early-reader illustration for ""count"". Classroom meaning clue: action word; use in a simple sentence or picture prompt. Make the word visually clear as a simple object, action, attribute, or scene. No text, letters, labels, watermark, or unsafe content.",,Useful for vowel-team decoding/spelling. Useful for advanced vowel sound work.
course,TRUE,FALSE,Medium-Low,Grade 1-2,R-controlled or / ore / oar / our,common decodable word; check picture/context for exact meaning,/media/vocabulary/images/course.webp,,"Child-friendly early-reader illustration for ""course"". Classroom meaning clue: common decodable word; check picture/context for exact meaning. Make the word visually clear as a simple object, action, attribute, or scene. No text, letters, labels, watermark, or unsafe content.",,Useful for r-controlled vowel sorting. Useful for vowel-team decoding/spelling. Useful for advanced vowel sound work.
cozy,TRUE,FALSE,Medium,,Simple two-syllable decodable words,common K-3 vocabulary word,/media/vocabulary/images/cozy.webp,,"Child-friendly early-reader illustration for ""cozy"". Classroom meaning clue: common K-3 vocabulary word. Make the word visually clear as a simple object, action, attribute, or scene. No text, letters, labels, watermark, or unsafe content.",,4
crack,TRUE,FALSE,Medium,Grade 1,Common blends and clusters,common decodable word; check picture/context for exact meaning,/media/vocabulary/images/crack.webp,,"Child-friendly early-reader illustration for ""crack"". Classroom meaning clue: common decodable word; check picture/context for exact meaning. Make the word visually clear as a simple object, action, attribute, or scene. No text, letters, labels, watermark, or unsafe content.",,5
craft,TRUE,FALSE,Medium,,Short vowel words with final blends,common decodable word; check picture/context for exact meaning,/media/vocabulary/images/craft.webp,,"Child-friendly early-reader illustration for ""craft"". Classroom meaning clue: common decodable word; check picture/context for exact meaning. Make the word visually clear as a simple object, action, attribute, or scene. No text, letters, labels, watermark, or unsafe content.",,5
cram,TRUE,TRUE,Medium,Grade 1,Simple CCVC short-vowel words,common decodable word; check picture/context for exact meaning,/media/vocabulary/images/cram.webp,/media/vocabulary/audio/cram.mp3,"Child-friendly early-reader illustration for ""cram"". Classroom meaning clue: common decodable word; check picture/context for exact meaning. Make the word visually clear as a simple object, action, attribute, or scene. No text, letters, labels, watermark, or unsafe content.","Record clean child-friendly audio saying only the word ""cram"" once, natural pronunciation, no extra phrase, no music, no sound effects.",Good for early blending and initial/final sound tasks.
crash,TRUE,FALSE,Medium,Grade 1,Common blends and clusters,common decodable word; check picture/context for exact meaning,/media/vocabulary/images/crash.webp,,"Child-friendly early-reader illustration for ""crash"". Classroom meaning clue: common decodable word; check picture/context for exact meaning. Make the word visually clear as a simple object, action, attribute, or scene. No text, letters, labels, watermark, or unsafe content.",,5
crazy,TRUE,TRUE,Medium,Grade 2-3,Simple two-syllable decodable words,common K-3 vocabulary word,/media/vocabulary/images/crazy.webp,/media/vocabulary/audio/crazy.mp3,"Child-friendly early-reader illustration for ""crazy"". Classroom meaning clue: common K-3 vocabulary word. Make the word visually clear as a simple object, action, attribute, or scene. No text, letters, labels, watermark, or unsafe content.","Record clean child-friendly audio saying only the word ""crazy"" once, natural pronunciation, no extra phrase, no music, no sound effects.",5
cream,TRUE,TRUE,Medium,Grade 1,Long e vowel teams ee / ea / ey / ie,common decodable word; check picture/context for exact meaning,/media/vocabulary/images/cream.webp,/media/vocabulary/audio/cream.mp3,"Child-friendly early-reader illustration for ""cream"". Classroom meaning clue: common decodable word; check picture/context for exact meaning. Make the word visually clear as a simple object, action, attribute, or scene. No text, letters, labels, watermark, or unsafe content.","Record clean child-friendly audio saying only the word ""cream"" once, natural pronunciation, no extra phrase, no music, no sound effects.",Useful for vowel-team decoding/spelling.
crew,TRUE,TRUE,Medium,K-Grade 3 vocabulary,Long u / oo / ew / ue,common K-3 vocabulary word,/media/vocabulary/images/crew.webp,/media/vocabulary/audio/crew.mp3,"Child-friendly early-reader illustration for ""crew"". Classroom meaning clue: common K-3 vocabulary word. Make the word visually clear as a simple object, action, attribute, or scene. No text, letters, labels, watermark, or unsafe content.","Record clean child-friendly audio saying only the word ""crew"" once, natural pronunciation, no extra phrase, no music, no sound effects.",Useful for vowel-team decoding/spelling. Good for early blending and initial/final sound tasks.
cried,TRUE,FALSE,Medium,K-Grade 3 vocabulary,Long i patterns i_e / igh / y / ie,common K-3 vocabulary word,/media/vocabulary/images/cried.webp,,"Child-friendly early-reader illustration for ""cried"". Classroom meaning clue: common K-3 vocabulary word. Make the word visually clear as a simple object, action, attribute, or scene. No text, letters, labels, watermark, or unsafe content.",,Useful for vowel-team decoding/spelling.
crisp,TRUE,TRUE,Medium,,Short vowel words with final blends,common decodable word; check picture/context for exact meaning,/media/vocabulary/images/crisp.webp,/media/vocabulary/audio/crisp.mp3,"Child-friendly early-reader illustration for ""crisp"". Classroom meaning clue: common decodable word; check picture/context for exact meaning. Make the word visually clear as a simple object, action, attribute, or scene. No text, letters, labels, watermark, or unsafe content.","Record clean child-friendly audio saying only the word ""crisp"" once, natural pronunciation, no extra phrase, no music, no sound effects.",5
cross,TRUE,FALSE,Medium,Grade 1,Common blends and clusters,common decodable word; check picture/context for exact meaning,/media/vocabulary/images/cross.webp,,"Child-friendly early-reader illustration for ""cross"". Classroom meaning clue: common decodable word; check picture/context for exact meaning. Make the word visually clear as a simple object, action, attribute, or scene. No text, letters, labels, watermark, or unsafe content.",,5
cry,TRUE,TRUE,Medium,K-Grade 3 vocabulary,Long i patterns i_e / igh / y / ie,common K-3 vocabulary word,/media/vocabulary/images/cry.webp,/media/vocabulary/audio/cry.mp3,"Child-friendly early-reader illustration for ""cry"". Classroom meaning clue: common K-3 vocabulary word. Make the word visually clear as a simple object, action, attribute, or scene. No text, letters, labels, watermark, or unsafe content.","Record clean child-friendly audio saying only the word ""cry"" once, natural pronunciation, no extra phrase, no music, no sound effects.",3
dam,TRUE,TRUE,Medium,K-Grade 1,Short a CVC,common decodable word; check picture/context for exact meaning,/media/vocabulary/images/dam.webp,/media/vocabulary/audio/dam.mp3,"Child-friendly early-reader illustration for ""dam"". Classroom meaning clue: common decodable word; check picture/context for exact meaning. Make the word visually clear as a simple object, action, attribute, or scene. No text, letters, labels, watermark, or unsafe content.","Record clean child-friendly audio saying only the word ""dam"" once, natural pronunciation, no extra phrase, no music, no sound effects.",Good for early blending and initial/final sound tasks.
damp,TRUE,TRUE,Medium,Grade 1,Simple CVCC short-vowel words,common decodable word; check picture/context for exact meaning,/media/vocabulary/images/damp.webp,/media/vocabulary/audio/damp.mp3,"Child-friendly early-reader illustration for ""damp"". Classroom meaning clue: common decodable word; check picture/context for exact meaning. Make the word visually clear as a simple object, action, attribute, or scene. No text, letters, labels, watermark, or unsafe content.","Record clean child-friendly audio saying only the word ""damp"" once, natural pronunciation, no extra phrase, no music, no sound effects.",Good for early blending and initial/final sound tasks.
dare,TRUE,TRUE,Medium,K-Grade 3 vocabulary,Air / ear / eer / are patterns,common K-3 vocabulary word,/media/vocabulary/images/dare.webp,/media/vocabulary/audio/dare.mp3,"Child-friendly early-reader illustration for ""dare"". Classroom meaning clue: common K-3 vocabulary word. Make the word visually clear as a simple object, action, attribute, or scene. No text, letters, labels, watermark, or unsafe content.","Record clean child-friendly audio saying only the word ""dare"" once, natural pronunciation, no extra phrase, no music, no sound effects.",Useful for r-controlled vowel sorting. Good for early blending and initial/final sound tasks.
date,TRUE,FALSE,Medium,Grade 1-2,CVCe long a,common decodable word; check picture/context for exact meaning,/media/vocabulary/images/date.webp,,"Child-friendly early-reader illustration for ""date"". Classroom meaning clue: common decodable word; check picture/context for exact meaning. Make the word visually clear as a simple object, action, attribute, or scene. No text, letters, labels, watermark, or unsafe content.",,Good for early blending and initial/final sound tasks.
daughter,TRUE,TRUE,Medium-Low,Grade 1-2,Au / aw / al / all,common K-3 vocabulary word,/media/vocabulary/images/daughter.webp,/media/vocabulary/audio/daughter.mp3,"Child-friendly early-reader illustration for ""daughter"". Classroom meaning clue: common K-3 vocabulary word. Make the word visually clear as a simple object, action, attribute, or scene. No text, letters, labels, watermark, or unsafe content.","Record clean child-friendly audio saying only the word ""daughter"" once, natural pronunciation, no extra phrase, no music, no sound effects.",Useful for r-controlled vowel sorting. Useful for vowel-team decoding/spelling.
day,TRUE,FALSE,Low,Grade 1-2,Long a vowel teams ai / ay / eigh,common high-frequency word for reading fluency,/media/vocabulary/images/day.webp,,"Child-friendly early-reader illustration for ""day"". Classroom meaning clue: common high-frequency word for reading fluency. Because this is abstract or function-word-like, use a simple situational context that suggests meaning without written words. No text, letters, labels, watermark, or unsafe content.",,Do not use as image-only target unless meaning is concrete. Useful for vowel-team decoding/spelling.
dear,TRUE,TRUE,Medium,K-Grade 3 vocabulary,Air / ear / eer / are patterns,common K-3 vocabulary word,/media/vocabulary/images/dear.webp,/media/vocabulary/audio/dear.mp3,"Child-friendly early-reader illustration for ""dear"". Classroom meaning clue: common K-3 vocabulary word. Make the word visually clear as a simple object, action, attribute, or scene. No text, letters, labels, watermark, or unsafe content.","Record clean child-friendly audio saying only the word ""dear"" once, natural pronunciation, no extra phrase, no music, no sound effects.",Useful for r-controlled vowel sorting. Useful for vowel-team decoding/spelling.
deep,TRUE,FALSE,Medium,Grade 1-2,Long e vowel teams ee / ea / ey / ie,common decodable word; check picture/context for exact meaning,/media/vocabulary/images/deep.webp,,"Child-friendly early-reader illustration for ""deep"". Classroom meaning clue: common decodable word; check picture/context for exact meaning. Make the word visually clear as a simple object, action, attribute, or scene. No text, letters, labels, watermark, or unsafe content.",,Useful for vowel-team decoding/spelling.
dentist,TRUE,FALSE,Medium-Low,,Simple two-syllable decodable words,common K-3 vocabulary word,/media/vocabulary/images/dentist.webp,,"Child-friendly early-reader illustration for ""dentist"". Classroom meaning clue: common K-3 vocabulary word. Make the word visually clear as a simple object, action, attribute, or scene. No text, letters, labels, watermark, or unsafe content.",,7
did,TRUE,FALSE,Low,K-Grade 3 sight/fluency,High-frequency regular and partly decodable K-3 words,grammar/function word used to build sentences,/media/vocabulary/images/did.webp,,"Child-friendly early-reader illustration for ""did"". Classroom meaning clue: grammar/function word used to build sentences. Because this is abstract or function-word-like, use a simple situational context that suggests meaning without written words. No text, letters, labels, watermark, or unsafe content.",,Do not use as image-only target unless meaning is concrete. Good for early blending and initial/final sound tasks.
die,TRUE,TRUE,Medium,K-Grade 3 vocabulary,Long i patterns i_e / igh / y / ie,common K-3 vocabulary word,/media/vocabulary/images/die.webp,/media/vocabulary/audio/die.mp3,"Child-friendly early-reader illustration for ""die"". Classroom meaning clue: common K-3 vocabulary word. Make the word visually clear as a simple object, action, attribute, or scene. No text, letters, labels, watermark, or unsafe content.","Record clean child-friendly audio saying only the word ""die"" once, natural pronunciation, no extra phrase, no music, no sound effects.",Useful for vowel-team decoding/spelling.
different,TRUE,FALSE,Medium,,High-frequency regular and partly decodable K-3 words,describing word; tells what something is like,/media/vocabulary/images/different.webp,,"Child-friendly early-reader illustration for ""different"". Classroom meaning clue: describing word; tells what something is like. Make the word visually clear as a simple object, action, attribute, or scene. No text, letters, labels, watermark, or unsafe content.",,Do not use as image-only target unless meaning is concrete. Useful for r-controlled vowel sorting.
digging,TRUE,TRUE,Medium-Low,,Inflections - ing,common decodable word; check picture/context for exact meaning,/media/vocabulary/images/digging.webp,/media/vocabulary/audio/digging.mp3,"Child-friendly early-reader illustration for ""digging"". Classroom meaning clue: common decodable word; check picture/context for exact meaning. Make the word visually clear as a simple object, action, attribute, or scene. No text, letters, labels, watermark, or unsafe content.","Record clean child-friendly audio saying only the word ""digging"" once, natural pronunciation, no extra phrase, no music, no sound effects.",7
dim,TRUE,TRUE,Medium,K-Grade 1,Short i CVC,common decodable word; check picture/context for exact meaning,/media/vocabulary/images/dim.webp,/media/vocabulary/audio/dim.mp3,"Child-friendly early-reader illustration for ""dim"". Classroom meaning clue: common decodable word; check picture/context for exact meaning. Make the word visually clear as a simple object, action, attribute, or scene. No text, letters, labels, watermark, or unsafe content.","Record clean child-friendly audio saying only the word ""dim"" once, natural pronunciation, no extra phrase, no music, no sound effects.",Good for early blending and initial/final sound tasks.
dinner,TRUE,FALSE,Medium-Low,,Simple two-syllable decodable words,common K-3 vocabulary word,/media/vocabulary/images/dinner.webp,,"Child-friendly early-reader illustration for ""dinner"". Classroom meaning clue: common K-3 vocabulary word. Make the word visually clear as a simple object, action, attribute, or scene. No text, letters, labels, watermark, or unsafe content.",,Useful for r-controlled vowel sorting.
dirt,TRUE,FALSE,High,Grade 1-2,R-controlled er / ir / ur,nature/place word,/media/vocabulary/images/dirt.webp,,"Child-friendly early-reader illustration for ""dirt"". Classroom meaning clue: nature/place word. Make the word visually clear as a simple object, action, attribute, or scene. No text, letters, labels, watermark, or unsafe content.",,Useful for r-controlled vowel sorting. Good for early blending and initial/final sound tasks.
do,TRUE,FALSE,Medium,K-Grade 1,VC / CV / very early words,action word; use in a simple sentence or picture prompt,/media/vocabulary/images/do.webp,,"Child-friendly early-reader illustration for ""do"". Classroom meaning clue: action word; use in a simple sentence or picture prompt. Make the word visually clear as a simple object, action, attribute, or scene. No text, letters, labels, watermark, or unsafe content.",,Do not use as image-only target unless meaning is concrete.
does,TRUE,FALSE,Low,,High-frequency regular and partly decodable K-3 words,grammar/function word used to build sentences,/media/vocabulary/images/does.webp,,"Child-friendly early-reader illustration for ""does"". Classroom meaning clue: grammar/function word used to build sentences. Because this is abstract or function-word-like, use a simple situational context that suggests meaning without written words. No text, letters, labels, watermark, or unsafe content.",,Do not use as image-only target unless meaning is concrete. Useful for vowel-team decoding/spelling.
doing,TRUE,FALSE,Medium,,Inflections - ing,common decodable word; check picture/context for exact meaning,/media/vocabulary/images/doing.webp,,"Child-friendly early-reader illustration for ""doing"". Classroom meaning clue: common decodable word; check picture/context for exact meaning. Make the word visually clear as a simple object, action, attribute, or scene. No text, letters, labels, watermark, or unsafe content.",,Useful for vowel-team decoding/spelling. Useful for advanced vowel sound work.
dome,TRUE,TRUE,Medium,Grade 1-2,CVCe long e / i / o / u,common decodable word; check picture/context for exact meaning,/media/vocabulary/images/dome.webp,/media/vocabulary/audio/dome.mp3,"Child-friendly early-reader illustration for ""dome"". Classroom meaning clue: common decodable word; check picture/context for exact meaning. Make the word visually clear as a simple object, action, attribute, or scene. No text, letters, labels, watermark, or unsafe content.","Record clean child-friendly audio saying only the word ""dome"" once, natural pronunciation, no extra phrase, no music, no sound effects.",Good for early blending and initial/final sound tasks.
don't,TRUE,FALSE,Low,,High-frequency regular and partly decodable K-3 words,common high-frequency word for reading fluency,/media/vocabulary/images/dont.webp,,"Child-friendly early-reader illustration for ""don't"". Classroom meaning clue: common high-frequency word for reading fluency. Because this is abstract or function-word-like, use a simple situational context that suggests meaning without written words. No text, letters, labels, watermark, or unsafe content.",,Do not use as image-only target unless meaning is concrete.
done,TRUE,FALSE,Low,K-Grade 3 sight/fluency,High-frequency regular and partly decodable K-3 words,common high-frequency word for reading fluency,/media/vocabulary/images/done.webp,,"Child-friendly early-reader illustration for ""done"". Classroom meaning clue: common high-frequency word for reading fluency. Because this is abstract or function-word-like, use a simple situational context that suggests meaning without written words. No text, letters, labels, watermark, or unsafe content.",,Do not use as image-only target unless meaning is concrete. Good for early blending and initial/final sound tasks.
drag,TRUE,TRUE,Medium,Grade 1,Simple CCVC short-vowel words,common decodable word; check picture/context for exact meaning,/media/vocabulary/images/drag.webp,/media/vocabulary/audio/drag.mp3,"Child-friendly early-reader illustration for ""drag"". Classroom meaning clue: common decodable word; check picture/context for exact meaning. Make the word visually clear as a simple object, action, attribute, or scene. No text, letters, labels, watermark, or unsafe content.","Record clean child-friendly audio saying only the word ""drag"" once, natural pronunciation, no extra phrase, no music, no sound effects.",Good for early blending and initial/final sound tasks.
drank,TRUE,FALSE,Medium,Grade 1,Short vowel words with final blends,common decodable word; check picture/context for exact meaning,/media/vocabulary/images/drank.webp,,"Child-friendly early-reader illustration for ""drank"". Classroom meaning clue: common decodable word; check picture/context for exact meaning. Make the word visually clear as a simple object, action, attribute, or scene. No text, letters, labels, watermark, or unsafe content.",,5
dream,TRUE,FALSE,Medium,Grade 1-2,Long e vowel teams ee / ea / ey / ie,common decodable word; check picture/context for exact meaning,/media/vocabulary/images/dream.webp,,"Child-friendly early-reader illustration for ""dream"". Classroom meaning clue: common decodable word; check picture/context for exact meaning. Make the word visually clear as a simple object, action, attribute, or scene. No text, letters, labels, watermark, or unsafe content.",,Useful for vowel-team decoding/spelling.
drew,TRUE,FALSE,Medium,K-Grade 3 vocabulary,Long u / oo / ew / ue,common K-3 vocabulary word,/media/vocabulary/images/drew.webp,,"Child-friendly early-reader illustration for ""drew"". Classroom meaning clue: common K-3 vocabulary word. Make the word visually clear as a simple object, action, attribute, or scene. No text, letters, labels, watermark, or unsafe content.",,Useful for vowel-team decoding/spelling. Good for early blending and initial/final sound tasks.
drive,TRUE,FALSE,Medium,Grade 1,CVCe long e / i / o / u,action word; use in a simple sentence or picture prompt,/media/vocabulary/images/drive.webp,,"Child-friendly early-reader illustration for ""drive"". Classroom meaning clue: action word; use in a simple sentence or picture prompt. Make the word visually clear as a simple object, action, attribute, or scene. No text, letters, labels, watermark, or unsafe content.",,5
driver,TRUE,TRUE,High,,Common early nouns - people and family,people/family word,/media/vocabulary/images/driver.webp,/media/vocabulary/audio/driver.mp3,"Child-friendly early-reader illustration for ""driver"". Classroom meaning clue: people/family word. Make the word visually clear as a simple object, action, attribute, or scene. No text, letters, labels, watermark, or unsafe content.","Record clean child-friendly audio saying only the word ""driver"" once, natural pronunciation, no extra phrase, no music, no sound effects.",Useful for r-controlled vowel sorting.
dropping,TRUE,TRUE,Medium-Low,Grade 2-3,Inflections - ing,common decodable word; check picture/context for exact meaning,/media/vocabulary/images/dropping.webp,/media/vocabulary/audio/dropping.mp3,"Child-friendly early-reader illustration for ""dropping"". Classroom meaning clue: common decodable word; check picture/context for exact meaning. Make the word visually clear as a simple object, action, attribute, or scene. No text, letters, labels, watermark, or unsafe content.","Record clean child-friendly audio saying only the word ""dropping"" once, natural pronunciation, no extra phrase, no music, no sound effects.",8
ducks,TRUE,FALSE,Medium,,Inflections - plural / s / es,common decodable word; check picture/context for exact meaning,/media/vocabulary/images/ducks.webp,,"Child-friendly early-reader illustration for ""ducks"". Classroom meaning clue: common decodable word; check picture/context for exact meaning. Make the word visually clear as a simple object, action, attribute, or scene. No text, letters, labels, watermark, or unsafe content.",,5
due,TRUE,TRUE,Medium,K-Grade 3 vocabulary,Long u / oo / ew / ue,common K-3 vocabulary word,/media/vocabulary/images/due.webp,/media/vocabulary/audio/due.mp3,"Child-friendly early-reader illustration for ""due"". Classroom meaning clue: common K-3 vocabulary word. Make the word visually clear as a simple object, action, attribute, or scene. No text, letters, labels, watermark, or unsafe content.","Record clean child-friendly audio saying only the word ""due"" once, natural pronunciation, no extra phrase, no music, no sound effects.",Useful for vowel-team decoding/spelling.
dune,TRUE,FALSE,Medium,Grade 1-2,CVCe long e / i / o / u,common decodable word; check picture/context for exact meaning,/media/vocabulary/images/dune.webp,,"Child-friendly early-reader illustration for ""dune"". Classroom meaning clue: common decodable word; check picture/context for exact meaning. Make the word visually clear as a simple object, action, attribute, or scene. No text, letters, labels, watermark, or unsafe content.",,Good for early blending and initial/final sound tasks.
during,TRUE,TRUE,Low,,Common function / grammar words K-3,grammar/function word used to build sentences,/media/vocabulary/images/during.webp,/media/vocabulary/audio/during.mp3,"Child-friendly early-reader illustration for ""during"". Classroom meaning clue: grammar/function word used to build sentences. Because this is abstract or function-word-like, use a simple situational context that suggests meaning without written words. No text, letters, labels, watermark, or unsafe content.","Record clean child-friendly audio saying only the word ""during"" once, natural pronunciation, no extra phrase, no music, no sound effects.",Do not use as image-only target unless meaning is concrete. Useful for r-controlled vowel sorting.
each,TRUE,FALSE,Low,Grade 1-2,Long e vowel teams ee / ea / ey / ie,grammar/function word used to build sentences,/media/vocabulary/images/each.webp,,"Child-friendly early-reader illustration for ""each"". Classroom meaning clue: grammar/function word used to build sentences. Because this is abstract or function-word-like, use a simple situational context that suggests meaning without written words. No text, letters, labels, watermark, or unsafe content.",,Do not use as image-only target unless meaning is concrete. Useful for vowel-team decoding/spelling.
eat,TRUE,FALSE,Medium,Grade 1-2,Long e vowel teams ee / ea / ey / ie,take food into the mouth,/media/vocabulary/images/eat.webp,,"Child-friendly early-reader illustration for ""eat"". Classroom meaning clue: take food into the mouth. Make the word visually clear as a simple object, action, attribute, or scene. No text, letters, labels, watermark, or unsafe content.",,Useful for vowel-team decoding/spelling.
eating,TRUE,FALSE,Medium-Low,,Inflections - ing,common decodable word; check picture/context for exact meaning,/media/vocabulary/images/eating.webp,,"Child-friendly early-reader illustration for ""eating"". Classroom meaning clue: common decodable word; check picture/context for exact meaning. Make the word visually clear as a simple object, action, attribute, or scene. No text, letters, labels, watermark, or unsafe content.",,Useful for vowel-team decoding/spelling.
either,TRUE,FALSE,Low,,Common function / grammar words K-3,grammar/function word used to build sentences,/media/vocabulary/images/either.webp,,"Child-friendly early-reader illustration for ""either"". Classroom meaning clue: grammar/function word used to build sentences. Because this is abstract or function-word-like, use a simple situational context that suggests meaning without written words. No text, letters, labels, watermark, or unsafe content.",,Do not use as image-only target unless meaning is concrete. Useful for r-controlled vowel sorting.
enjoy,TRUE,TRUE,Medium,Grade 1-2,Diphthongs oi / oy,common decodable word; check picture/context for exact meaning,/media/vocabulary/images/enjoy.webp,/media/vocabulary/audio/enjoy.mp3,"Child-friendly early-reader illustration for ""enjoy"". Classroom meaning clue: common decodable word; check picture/context for exact meaning. Make the word visually clear as a simple object, action, attribute, or scene. No text, letters, labels, watermark, or unsafe content.","Record clean child-friendly audio saying only the word ""enjoy"" once, natural pronunciation, no extra phrase, no music, no sound effects.",Useful for vowel-team decoding/spelling. Useful for advanced vowel sound work.
eve,TRUE,TRUE,Medium,Grade 1-2,CVCe long e / i / o / u,common decodable word; check picture/context for exact meaning,/media/vocabulary/images/eve.webp,/media/vocabulary/audio/eve.mp3,"Child-friendly early-reader illustration for ""eve"". Classroom meaning clue: common decodable word; check picture/context for exact meaning. Make the word visually clear as a simple object, action, attribute, or scene. No text, letters, labels, watermark, or unsafe content.","Record clean child-friendly audio saying only the word ""eve"" once, natural pronunciation, no extra phrase, no music, no sound effects.",3
even,TRUE,FALSE,Medium,,Simple two-syllable decodable words,common K-3 vocabulary word,/media/vocabulary/images/even.webp,,"Child-friendly early-reader illustration for ""even"". Classroom meaning clue: common K-3 vocabulary word. Make the word visually clear as a simple object, action, attribute, or scene. No text, letters, labels, watermark, or unsafe content.",,4
evil,TRUE,TRUE,Medium,,Simple two-syllable decodable words,common K-3 vocabulary word,/media/vocabulary/images/evil.webp,/media/vocabulary/audio/evil.mp3,"Child-friendly early-reader illustration for ""evil"". Classroom meaning clue: common K-3 vocabulary word. Make the word visually clear as a simple object, action, attribute, or scene. No text, letters, labels, watermark, or unsafe content.","Record clean child-friendly audio saying only the word ""evil"" once, natural pronunciation, no extra phrase, no music, no sound effects.",4
face,TRUE,FALSE,High,K-Grade 3 vocabulary,Common early nouns - body and clothes,body/clothing word,/media/vocabulary/images/face.webp,,"Child-friendly early-reader illustration for ""face"". Classroom meaning clue: body/clothing word. Make the word visually clear as a simple object, action, attribute, or scene. No text, letters, labels, watermark, or unsafe content.",,Good for early blending and initial/final sound tasks.
fact,TRUE,FALSE,Medium,,Simple CVCC short-vowel words,common decodable word; check picture/context for exact meaning,/media/vocabulary/images/fact.webp,,"Child-friendly early-reader illustration for ""fact"". Classroom meaning clue: common decodable word; check picture/context for exact meaning. Make the word visually clear as a simple object, action, attribute, or scene. No text, letters, labels, watermark, or unsafe content.",,Good for early blending and initial/final sound tasks.
fail,TRUE,TRUE,Medium,Grade 1-2,Long a vowel teams ai / ay / eigh,common decodable word; check picture/context for exact meaning,/media/vocabulary/images/fail.webp,/media/vocabulary/audio/fail.mp3,"Child-friendly early-reader illustration for ""fail"". Classroom meaning clue: common decodable word; check picture/context for exact meaning. Make the word visually clear as a simple object, action, attribute, or scene. No text, letters, labels, watermark, or unsafe content.","Record clean child-friendly audio saying only the word ""fail"" once, natural pronunciation, no extra phrase, no music, no sound effects.",Useful for vowel-team decoding/spelling.
fair,TRUE,FALSE,Medium,K-Grade 3 vocabulary,Air / ear / eer / are patterns,common K-3 vocabulary word,/media/vocabulary/images/fair.webp,,"Child-friendly early-reader illustration for ""fair"". Classroom meaning clue: common K-3 vocabulary word. Make the word visually clear as a simple object, action, attribute, or scene. No text, letters, labels, watermark, or unsafe content.",,Useful for r-controlled vowel sorting. Useful for vowel-team decoding/spelling.
fall,TRUE,FALSE,Medium,Grade 1-2,Au / aw / al / all,action word; use in a simple sentence or picture prompt,/media/vocabulary/images/fall.webp,,"Child-friendly early-reader illustration for ""fall"". Classroom meaning clue: action word; use in a simple sentence or picture prompt. Make the word visually clear as a simple object, action, attribute, or scene. No text, letters, labels, watermark, or unsafe content.",,Do not use as image-only target unless meaning is concrete. Good for early blending and initial/final sound tasks.
fame,TRUE,TRUE,Medium,Grade 1-2,CVCe long a,common decodable word; check picture/context for exact meaning,/media/vocabulary/images/fame.webp,/media/vocabulary/audio/fame.mp3,"Child-friendly early-reader illustration for ""fame"". Classroom meaning clue: common decodable word; check picture/context for exact meaning. Make the word visually clear as a simple object, action, attribute, or scene. No text, letters, labels, watermark, or unsafe content.","Record clean child-friendly audio saying only the word ""fame"" once, natural pronunciation, no extra phrase, no music, no sound effects.",Good for early blending and initial/final sound tasks.
family,TRUE,TRUE,High,,Common early nouns - people and family,people/family word,/media/vocabulary/images/family.webp,/media/vocabulary/audio/family.mp3,"Child-friendly early-reader illustration for ""family"". Classroom meaning clue: people/family word. Make the word visually clear as a simple object, action, attribute, or scene. No text, letters, labels, watermark, or unsafe content.","Record clean child-friendly audio saying only the word ""family"" once, natural pronunciation, no extra phrase, no music, no sound effects.",6
farmer,TRUE,TRUE,High,,Simple two-syllable decodable words,people/family word,/media/vocabulary/images/farmer.webp,/media/vocabulary/audio/farmer.mp3,"Child-friendly early-reader illustration for ""farmer"". Classroom meaning clue: people/family word. Make the word visually clear as a simple object, action, attribute, or scene. No text, letters, labels, watermark, or unsafe content.","Record clean child-friendly audio saying only the word ""farmer"" once, natural pronunciation, no extra phrase, no music, no sound effects.",Useful for r-controlled vowel sorting.
faster,TRUE,FALSE,Medium-Low,,Inflections - ed / er / est,common decodable word; check picture/context for exact meaning,/media/vocabulary/images/faster.webp,,"Child-friendly early-reader illustration for ""faster"". Classroom meaning clue: common decodable word; check picture/context for exact meaning. Make the word visually clear as a simple object, action, attribute, or scene. No text, letters, labels, watermark, or unsafe content.",,Useful for r-controlled vowel sorting.
fastest,TRUE,TRUE,Medium-Low,,Inflections - ed / er / est,common decodable word; check picture/context for exact meaning,/media/vocabulary/images/fastest.webp,/media/vocabulary/audio/fastest.mp3,"Child-friendly early-reader illustration for ""fastest"". Classroom meaning clue: common decodable word; check picture/context for exact meaning. Make the word visually clear as a simple object, action, attribute, or scene. No text, letters, labels, watermark, or unsafe content.","Record clean child-friendly audio saying only the word ""fastest"" once, natural pronunciation, no extra phrase, no music, no sound effects.",7
fat,TRUE,FALSE,Medium,K-Grade 1,Short a CVC,common decodable word; check picture/context for exact meaning,/media/vocabulary/images/fat.webp,,"Child-friendly early-reader illustration for ""fat"". Classroom meaning clue: common decodable word; check picture/context for exact meaning. Make the word visually clear as a simple object, action, attribute, or scene. No text, letters, labels, watermark, or unsafe content.",,Good for early blending and initial/final sound tasks.
father,TRUE,TRUE,High,,R-controlled er / ir / ur,male parent,/media/vocabulary/images/father.webp,/media/vocabulary/audio/father.mp3,"Child-friendly early-reader illustration for ""father"". Classroom meaning clue: male parent. Make the word visually clear as a simple object, action, attribute, or scene. No text, letters, labels, watermark, or unsafe content.","Record clean child-friendly audio saying only the word ""father"" once, natural pronunciation, no extra phrase, no music, no sound effects.",Useful for r-controlled vowel sorting.
fault,TRUE,TRUE,Medium,,Au / aw / al / all,common K-3 vocabulary word,/media/vocabulary/images/fault.webp,/media/vocabulary/audio/fault.mp3,"Child-friendly early-reader illustration for ""fault"". Classroom meaning clue: common K-3 vocabulary word. Make the word visually clear as a simple object, action, attribute, or scene. No text, letters, labels, watermark, or unsafe content.","Record clean child-friendly audio saying only the word ""fault"" once, natural pronunciation, no extra phrase, no music, no sound effects.",Useful for vowel-team decoding/spelling.
fear,TRUE,TRUE,Medium,K-Grade 3 vocabulary,Air / ear / eer / are patterns,common K-3 vocabulary word,/media/vocabulary/images/fear.webp,/media/vocabulary/audio/fear.mp3,"Child-friendly early-reader illustration for ""fear"". Classroom meaning clue: common K-3 vocabulary word. Make the word visually clear as a simple object, action, attribute, or scene. No text, letters, labels, watermark, or unsafe content.","Record clean child-friendly audio saying only the word ""fear"" once, natural pronunciation, no extra phrase, no music, no sound effects.",Useful for r-controlled vowel sorting. Useful for vowel-team decoding/spelling.
feast,TRUE,TRUE,Medium,,Long e vowel teams ee / ea / ey / ie,common decodable word; check picture/context for exact meaning,/media/vocabulary/images/feast.webp,/media/vocabulary/audio/feast.mp3,"Child-friendly early-reader illustration for ""feast"". Classroom meaning clue: common decodable word; check picture/context for exact meaning. Make the word visually clear as a simple object, action, attribute, or scene. No text, letters, labels, watermark, or unsafe content.","Record clean child-friendly audio saying only the word ""feast"" once, natural pronunciation, no extra phrase, no music, no sound effects.",Useful for vowel-team decoding/spelling.
fed,TRUE,FALSE,Medium,K-Grade 1,Short e CVC,common decodable word; check picture/context for exact meaning,/media/vocabulary/images/fed.webp,,"Child-friendly early-reader illustration for ""fed"". Classroom meaning clue: common decodable word; check picture/context for exact meaning. Make the word visually clear as a simple object, action, attribute, or scene. No text, letters, labels, watermark, or unsafe content.",,Good for early blending and initial/final sound tasks.
feed,TRUE,FALSE,Medium,Grade 1-2,Long e vowel teams ee / ea / ey / ie,action word; use in a simple sentence or picture prompt,/media/vocabulary/images/feed.webp,,"Child-friendly early-reader illustration for ""feed"". Classroom meaning clue: action word; use in a simple sentence or picture prompt. Make the word visually clear as a simple object, action, attribute, or scene. No text, letters, labels, watermark, or unsafe content.",,Useful for vowel-team decoding/spelling.
feel,TRUE,FALSE,Medium,Grade 1-2,Long e vowel teams ee / ea / ey / ie,action word; use in a simple sentence or picture prompt,/media/vocabulary/images/feel.webp,,"Child-friendly early-reader illustration for ""feel"". Classroom meaning clue: action word; use in a simple sentence or picture prompt. Make the word visually clear as a simple object, action, attribute, or scene. No text, letters, labels, watermark, or unsafe content.",,Useful for vowel-team decoding/spelling.
fell,TRUE,FALSE,Medium,K-Grade 1,Short e CVC,common decodable word; check picture/context for exact meaning,/media/vocabulary/images/fell.webp,,"Child-friendly early-reader illustration for ""fell"". Classroom meaning clue: common decodable word; check picture/context for exact meaning. Make the word visually clear as a simple object, action, attribute, or scene. No text, letters, labels, watermark, or unsafe content.",,Good for early blending and initial/final sound tasks.
felt,TRUE,FALSE,Medium,Grade 1,Simple CVCC short-vowel words,common decodable word; check picture/context for exact meaning,/media/vocabulary/images/felt.webp,,"Child-friendly early-reader illustration for ""felt"". Classroom meaning clue: common decodable word; check picture/context for exact meaning. Make the word visually clear as a simple object, action, attribute, or scene. No text, letters, labels, watermark, or unsafe content.",,Good for early blending and initial/final sound tasks.
few,TRUE,FALSE,Medium,K-Grade 3 vocabulary,Long u / oo / ew / ue,describing word; tells what something is like,/media/vocabulary/images/few.webp,,"Child-friendly early-reader illustration for ""few"". Classroom meaning clue: describing word; tells what something is like. Make the word visually clear as a simple object, action, attribute, or scene. No text, letters, labels, watermark, or unsafe content.",,Useful for vowel-team decoding/spelling. Good for early blending and initial/final sound tasks.
fight,TRUE,TRUE,Medium,K-Grade 3 vocabulary,Long i patterns i_e / igh / y / ie,common K-3 vocabulary word,/media/vocabulary/images/fight.webp,/media/vocabulary/audio/fight.mp3,"Child-friendly early-reader illustration for ""fight"". Classroom meaning clue: common K-3 vocabulary word. Make the word visually clear as a simple object, action, attribute, or scene. No text, letters, labels, watermark, or unsafe content.","Record clean child-friendly audio saying only the word ""fight"" once, natural pronunciation, no extra phrase, no music, no sound effects.",Useful for vowel-team decoding/spelling.
finish,TRUE,FALSE,Medium,,Simple two-syllable decodable words,action word; use in a simple sentence or picture prompt,/media/vocabulary/images/finish.webp,,"Child-friendly early-reader illustration for ""finish"". Classroom meaning clue: action word; use in a simple sentence or picture prompt. Make the word visually clear as a simple object, action, attribute, or scene. No text, letters, labels, watermark, or unsafe content.",,6
first,TRUE,FALSE,Medium,Grade 1-2,R-controlled er / ir / ur,describing word; tells what something is like,/media/vocabulary/images/first.webp,,"Child-friendly early-reader illustration for ""first"". Classroom meaning clue: describing word; tells what something is like. Make the word visually clear as a simple object, action, attribute, or scene. No text, letters, labels, watermark, or unsafe content.",,Do not use as image-only target unless meaning is concrete. Useful for r-controlled vowel sorting.
fist,TRUE,TRUE,Medium,Grade 1,Simple CVCC short-vowel words,common decodable word; check picture/context for exact meaning,/media/vocabulary/images/fist.webp,/media/vocabulary/audio/fist.mp3,"Child-friendly early-reader illustration for ""fist"". Classroom meaning clue: common decodable word; check picture/context for exact meaning. Make the word visually clear as a simple object, action, attribute, or scene. No text, letters, labels, watermark, or unsafe content.","Record clean child-friendly audio saying only the word ""fist"" once, natural pronunciation, no extra phrase, no music, no sound effects.",Good for early blending and initial/final sound tasks.
fit,TRUE,FALSE,Medium,K-Grade 1,Short i CVC,common decodable word; check picture/context for exact meaning,/media/vocabulary/images/fit.webp,,"Child-friendly early-reader illustration for ""fit"". Classroom meaning clue: common decodable word; check picture/context for exact meaning. Make the word visually clear as a simple object, action, attribute, or scene. No text, letters, labels, watermark, or unsafe content.",,Good for early blending and initial/final sound tasks.
fix,TRUE,TRUE,Medium,K-Grade 1,Short i CVC,action word; use in a simple sentence or picture prompt,/media/vocabulary/images/fix.webp,/media/vocabulary/audio/fix.mp3,"Child-friendly early-reader illustration for ""fix"". Classroom meaning clue: action word; use in a simple sentence or picture prompt. Make the word visually clear as a simple object, action, attribute, or scene. No text, letters, labels, watermark, or unsafe content.","Record clean child-friendly audio saying only the word ""fix"" once, natural pronunciation, no extra phrase, no music, no sound effects.",Good for early blending and initial/final sound tasks.
flew,TRUE,FALSE,Medium,K-Grade 3 vocabulary,Long u / oo / ew / ue,common K-3 vocabulary word,/media/vocabulary/images/flew.webp,,"Child-friendly early-reader illustration for ""flew"". Classroom meaning clue: common K-3 vocabulary word. Make the word visually clear as a simple object, action, attribute, or scene. No text, letters, labels, watermark, or unsafe content.",,Useful for vowel-team decoding/spelling. Good for early blending and initial/final sound tasks.
flight,TRUE,TRUE,Medium-Low,K-Grade 3 vocabulary,Long i patterns i_e / igh / y / ie,common K-3 vocabulary word,/media/vocabulary/images/flight.webp,/media/vocabulary/audio/flight.mp3,"Child-friendly early-reader illustration for ""flight"". Classroom meaning clue: common K-3 vocabulary word. Make the word visually clear as a simple object, action, attribute, or scene. No text, letters, labels, watermark, or unsafe content.","Record clean child-friendly audio saying only the word ""flight"" once, natural pronunciation, no extra phrase, no music, no sound effects.",Useful for vowel-team decoding/spelling.
float,TRUE,FALSE,Medium,K-Grade 3 vocabulary,Long o patterns o_e / oa / ow / oe,common K-3 vocabulary word,/media/vocabulary/images/float.webp,,"Child-friendly early-reader illustration for ""float"". Classroom meaning clue: common K-3 vocabulary word. Make the word visually clear as a simple object, action, attribute, or scene. No text, letters, labels, watermark, or unsafe content.",,Useful for vowel-team decoding/spelling.
flow,TRUE,TRUE,Medium,K-Grade 3 vocabulary,Long o patterns o_e / oa / ow / oe,common K-3 vocabulary word,/media/vocabulary/images/flow.webp,/media/vocabulary/audio/flow.mp3,"Child-friendly early-reader illustration for ""flow"". Classroom meaning clue: common K-3 vocabulary word. Make the word visually clear as a simple object, action, attribute, or scene. No text, letters, labels, watermark, or unsafe content.","Record clean child-friendly audio saying only the word ""flow"" once, natural pronunciation, no extra phrase, no music, no sound effects.",Useful for vowel-team decoding/spelling. Useful for advanced vowel sound work. Good for early blending and initial/final sound tasks.
foe,TRUE,TRUE,Medium,K-Grade 3 vocabulary,Long o patterns o_e / oa / ow / oe,common K-3 vocabulary word,/media/vocabulary/images/foe.webp,/media/vocabulary/audio/foe.mp3,"Child-friendly early-reader illustration for ""foe"". Classroom meaning clue: common K-3 vocabulary word. Make the word visually clear as a simple object, action, attribute, or scene. No text, letters, labels, watermark, or unsafe content.","Record clean child-friendly audio saying only the word ""foe"" once, natural pronunciation, no extra phrase, no music, no sound effects.",Useful for vowel-team decoding/spelling.
foil,TRUE,FALSE,Medium,Grade 1-2,Diphthongs oi / oy,common decodable word; check picture/context for exact meaning,/media/vocabulary/images/foil.webp,,"Child-friendly early-reader illustration for ""foil"". Classroom meaning clue: common decodable word; check picture/context for exact meaning. Make the word visually clear as a simple object, action, attribute, or scene. No text, letters, labels, watermark, or unsafe content.",,Useful for vowel-team decoding/spelling. Useful for advanced vowel sound work.
folded,TRUE,FALSE,Medium-Low,,Inflections - ed / er / est,common decodable word; check picture/context for exact meaning,/media/vocabulary/images/folded.webp,,"Child-friendly early-reader illustration for ""folded"". Classroom meaning clue: common decodable word; check picture/context for exact meaning. Make the word visually clear as a simple object, action, attribute, or scene. No text, letters, labels, watermark, or unsafe content.",,6
follow,TRUE,FALSE,Medium,,Common verbs K-3,action word; use in a simple sentence or picture prompt,/media/vocabulary/images/follow.webp,,"Child-friendly early-reader illustration for ""follow"". Classroom meaning clue: action word; use in a simple sentence or picture prompt. Make the word visually clear as a simple object, action, attribute, or scene. No text, letters, labels, watermark, or unsafe content.",,Useful for vowel-team decoding/spelling. Useful for advanced vowel sound work.
fond,TRUE,TRUE,Medium,Grade 1,Simple CVCC short-vowel words,common decodable word; check picture/context for exact meaning,/media/vocabulary/images/fond.webp,/media/vocabulary/audio/fond.mp3,"Child-friendly early-reader illustration for ""fond"". Classroom meaning clue: common decodable word; check picture/context for exact meaning. Make the word visually clear as a simple object, action, attribute, or scene. No text, letters, labels, watermark, or unsafe content.","Record clean child-friendly audio saying only the word ""fond"" once, natural pronunciation, no extra phrase, no music, no sound effects.",Good for early blending and initial/final sound tasks.
food,TRUE,FALSE,High,,Long u / oo / ew / ue,food word,/media/vocabulary/images/food.webp,,"Child-friendly early-reader illustration for ""food"". Classroom meaning clue: food word. Make the word visually clear as a simple object, action, attribute, or scene. No text, letters, labels, watermark, or unsafe content.",,Useful for vowel-team decoding/spelling.
foot,TRUE,FALSE,High,K-Grade 3 vocabulary,Long u / oo / ew / ue,body part used for standing/walking,/media/vocabulary/images/foot.webp,,"Child-friendly early-reader illustration for ""foot"". Classroom meaning clue: body part used for standing/walking. Make the word visually clear as a simple object, action, attribute, or scene. No text, letters, labels, watermark, or unsafe content.",,Useful for vowel-team decoding/spelling.
fort,TRUE,TRUE,Medium,Grade 1-2,R-controlled or / ore / oar / our,common decodable word; check picture/context for exact meaning,/media/vocabulary/images/fort.webp,/media/vocabulary/audio/fort.mp3,"Child-friendly early-reader illustration for ""fort"". Classroom meaning clue: common decodable word; check picture/context for exact meaning. Make the word visually clear as a simple object, action, attribute, or scene. No text, letters, labels, watermark, or unsafe content.","Record clean child-friendly audio saying only the word ""fort"" once, natural pronunciation, no extra phrase, no music, no sound effects.",Useful for r-controlled vowel sorting. Good for early blending and initial/final sound tasks.
four,TRUE,FALSE,Low,Grade 1-2,R-controlled or / ore / oar / our,number 4,/media/vocabulary/images/four.webp,,"Child-friendly early-reader illustration for ""four"". Classroom meaning clue: number 4. Because this is abstract or function-word-like, use a simple situational context that suggests meaning without written words. No text, letters, labels, watermark, or unsafe content.",,Do not use as image-only target unless meaning is concrete. Useful for r-controlled vowel sorting. Useful for vowel-team decoding/spelling. Useful for advanced vowel sound work.
foxes,TRUE,TRUE,Medium,Grade 2-3,Inflections - plural / s / es,common decodable word; check picture/context for exact meaning,/media/vocabulary/images/foxes.webp,/media/vocabulary/audio/foxes.mp3,"Child-friendly early-reader illustration for ""foxes"". Classroom meaning clue: common decodable word; check picture/context for exact meaning. Make the word visually clear as a simple object, action, attribute, or scene. No text, letters, labels, watermark, or unsafe content.","Record clean child-friendly audio saying only the word ""foxes"" once, natural pronunciation, no extra phrase, no music, no sound effects.",5
free,TRUE,FALSE,Medium,Grade 1-2,Long e vowel teams ee / ea / ey / ie,common decodable word; check picture/context for exact meaning,/media/vocabulary/images/free.webp,,"Child-friendly early-reader illustration for ""free"". Classroom meaning clue: common decodable word; check picture/context for exact meaning. Make the word visually clear as a simple object, action, attribute, or scene. No text, letters, labels, watermark, or unsafe content.",,Useful for vowel-team decoding/spelling.
freeze,TRUE,TRUE,Medium-Low,Grade 1-2,Long e vowel teams ee / ea / ey / ie,common decodable word; check picture/context for exact meaning,/media/vocabulary/images/freeze.webp,/media/vocabulary/audio/freeze.mp3,"Child-friendly early-reader illustration for ""freeze"". Classroom meaning clue: common decodable word; check picture/context for exact meaning. Make the word visually clear as a simple object, action, attribute, or scene. No text, letters, labels, watermark, or unsafe content.","Record clean child-friendly audio saying only the word ""freeze"" once, natural pronunciation, no extra phrase, no music, no sound effects.",Useful for vowel-team decoding/spelling.
friend,TRUE,FALSE,High,K-Grade 3 sight/fluency,High-frequency regular and partly decodable K-3 words,people/family word,/media/vocabulary/images/friend.webp,,"Child-friendly early-reader illustration for ""friend"". Classroom meaning clue: people/family word. Make the word visually clear as a simple object, action, attribute, or scene. No text, letters, labels, watermark, or unsafe content.",,Do not use as image-only target unless meaning is concrete. Useful for vowel-team decoding/spelling.
fright,TRUE,TRUE,Medium-Low,K-Grade 3 vocabulary,Long i patterns i_e / igh / y / ie,common K-3 vocabulary word,/media/vocabulary/images/fright.webp,/media/vocabulary/audio/fright.mp3,"Child-friendly early-reader illustration for ""fright"". Classroom meaning clue: common K-3 vocabulary word. Make the word visually clear as a simple object, action, attribute, or scene. No text, letters, labels, watermark, or unsafe content.","Record clean child-friendly audio saying only the word ""fright"" once, natural pronunciation, no extra phrase, no music, no sound effects.",Useful for vowel-team decoding/spelling.
frogs,TRUE,TRUE,Medium,Grade 2-3,Inflections - plural / s / es,common decodable word; check picture/context for exact meaning,/media/vocabulary/images/frogs.webp,/media/vocabulary/audio/frogs.mp3,"Child-friendly early-reader illustration for ""frogs"". Classroom meaning clue: common decodable word; check picture/context for exact meaning. Make the word visually clear as a simple object, action, attribute, or scene. No text, letters, labels, watermark, or unsafe content.","Record clean child-friendly audio saying only the word ""frogs"" once, natural pronunciation, no extra phrase, no music, no sound effects.",5
fuel,TRUE,TRUE,Medium,,Long u / oo / ew / ue,common K-3 vocabulary word,/media/vocabulary/images/fuel.webp,/media/vocabulary/audio/fuel.mp3,"Child-friendly early-reader illustration for ""fuel"". Classroom meaning clue: common K-3 vocabulary word. Make the word visually clear as a simple object, action, attribute, or scene. No text, letters, labels, watermark, or unsafe content.","Record clean child-friendly audio saying only the word ""fuel"" once, natural pronunciation, no extra phrase, no music, no sound effects.",Useful for vowel-team decoding/spelling.
fume,TRUE,TRUE,Medium,Grade 1-2,CVCe long e / i / o / u,common decodable word; check picture/context for exact meaning,/media/vocabulary/images/fume.webp,/media/vocabulary/audio/fume.mp3,"Child-friendly early-reader illustration for ""fume"". Classroom meaning clue: common decodable word; check picture/context for exact meaning. Make the word visually clear as a simple object, action, attribute, or scene. No text, letters, labels, watermark, or unsafe content.","Record clean child-friendly audio saying only the word ""fume"" once, natural pronunciation, no extra phrase, no music, no sound effects.",Good for early blending and initial/final sound tasks.
fur,TRUE,FALSE,Medium,Grade 1-2,R-controlled er / ir / ur,common decodable word; check picture/context for exact meaning,/media/vocabulary/images/fur.webp,,"Child-friendly early-reader illustration for ""fur"". Classroom meaning clue: common decodable word; check picture/context for exact meaning. Make the word visually clear as a simple object, action, attribute, or scene. No text, letters, labels, watermark, or unsafe content.",,Useful for r-controlled vowel sorting. Good for early blending and initial/final sound tasks.
gain,TRUE,TRUE,Medium,Grade 1-2,Long a vowel teams ai / ay / eigh,common decodable word; check picture/context for exact meaning,/media/vocabulary/images/gain.webp,/media/vocabulary/audio/gain.mp3,"Child-friendly early-reader illustration for ""gain"". Classroom meaning clue: common decodable word; check picture/context for exact meaning. Make the word visually clear as a simple object, action, attribute, or scene. No text, letters, labels, watermark, or unsafe content.","Record clean child-friendly audio saying only the word ""gain"" once, natural pronunciation, no extra phrase, no music, no sound effects.",Useful for vowel-team decoding/spelling.
game,TRUE,FALSE,High,Grade 1-2,CVCe long a,home/school object or place,/media/vocabulary/images/game.webp,,"Child-friendly early-reader illustration for ""game"". Classroom meaning clue: home/school object or place. Make the word visually clear as a simple object, action, attribute, or scene. No text, letters, labels, watermark, or unsafe content.",,Good for early blending and initial/final sound tasks.
gap,TRUE,FALSE,Medium,K-Grade 1,Short a CVC,common decodable word; check picture/context for exact meaning,/media/vocabulary/images/gap.webp,,"Child-friendly early-reader illustration for ""gap"". Classroom meaning clue: common decodable word; check picture/context for exact meaning. Make the word visually clear as a simple object, action, attribute, or scene. No text, letters, labels, watermark, or unsafe content.",,Good for early blending and initial/final sound tasks.
gas,TRUE,TRUE,Medium,K-Grade 1,Short a CVC,common decodable word; check picture/context for exact meaning,/media/vocabulary/images/gas.webp,/media/vocabulary/audio/gas.mp3,"Child-friendly early-reader illustration for ""gas"". Classroom meaning clue: common decodable word; check picture/context for exact meaning. Make the word visually clear as a simple object, action, attribute, or scene. No text, letters, labels, watermark, or unsafe content.","Record clean child-friendly audio saying only the word ""gas"" once, natural pronunciation, no extra phrase, no music, no sound effects.",Good for early blending and initial/final sound tasks.
gave,TRUE,FALSE,Low,Grade 1-2,CVCe long a,common high-frequency word for reading fluency,/media/vocabulary/images/gave.webp,,"Child-friendly early-reader illustration for ""gave"". Classroom meaning clue: common high-frequency word for reading fluency. Because this is abstract or function-word-like, use a simple situational context that suggests meaning without written words. No text, letters, labels, watermark, or unsafe content.",,Do not use as image-only target unless meaning is concrete. Good for early blending and initial/final sound tasks.
get,TRUE,FALSE,Medium,K-Grade 1,Short e CVC,action word; use in a simple sentence or picture prompt,/media/vocabulary/images/get.webp,,"Child-friendly early-reader illustration for ""get"". Classroom meaning clue: action word; use in a simple sentence or picture prompt. Make the word visually clear as a simple object, action, attribute, or scene. No text, letters, labels, watermark, or unsafe content.",,Do not use as image-only target unless meaning is concrete. Good for early blending and initial/final sound tasks.
glad,TRUE,FALSE,Medium,Grade 1,Simple CCVC short-vowel words,describing word; tells what something is like,/media/vocabulary/images/glad.webp,,"Child-friendly early-reader illustration for ""glad"". Classroom meaning clue: describing word; tells what something is like. Make the word visually clear as a simple object, action, attribute, or scene. No text, letters, labels, watermark, or unsafe content.",,Good for early blending and initial/final sound tasks.
glow,TRUE,TRUE,Medium,Grade 1,Long o patterns o_e / oa / ow / oe,common decodable word; check picture/context for exact meaning,/media/vocabulary/images/glow.webp,/media/vocabulary/audio/glow.mp3,"Child-friendly early-reader illustration for ""glow"". Classroom meaning clue: common decodable word; check picture/context for exact meaning. Make the word visually clear as a simple object, action, attribute, or scene. No text, letters, labels, watermark, or unsafe content.","Record clean child-friendly audio saying only the word ""glow"" once, natural pronunciation, no extra phrase, no music, no sound effects.",Useful for vowel-team decoding/spelling. Useful for advanced vowel sound work. Good for early blending and initial/final sound tasks.
glum,TRUE,TRUE,Medium,Grade 1,Simple CCVC short-vowel words,common decodable word; check picture/context for exact meaning,/media/vocabulary/images/glum.webp,/media/vocabulary/audio/glum.mp3,"Child-friendly early-reader illustration for ""glum"". Classroom meaning clue: common decodable word; check picture/context for exact meaning. Make the word visually clear as a simple object, action, attribute, or scene. No text, letters, labels, watermark, or unsafe content.","Record clean child-friendly audio saying only the word ""glum"" once, natural pronunciation, no extra phrase, no music, no sound effects.",Good for early blending and initial/final sound tasks.
goal,TRUE,TRUE,Medium,K-Grade 3 vocabulary,Long o patterns o_e / oa / ow / oe,common K-3 vocabulary word,/media/vocabulary/images/goal.webp,/media/vocabulary/audio/goal.mp3,"Child-friendly early-reader illustration for ""goal"". Classroom meaning clue: common K-3 vocabulary word. Make the word visually clear as a simple object, action, attribute, or scene. No text, letters, labels, watermark, or unsafe content.","Record clean child-friendly audio saying only the word ""goal"" once, natural pronunciation, no extra phrase, no music, no sound effects.",Useful for vowel-team decoding/spelling.
goes,TRUE,FALSE,Low,K-Grade 3 sight/fluency,Long o patterns o_e / oa / ow / oe,common high-frequency word for reading fluency,/media/vocabulary/images/goes.webp,,"Child-friendly early-reader illustration for ""goes"". Classroom meaning clue: common high-frequency word for reading fluency. Because this is abstract or function-word-like, use a simple situational context that suggests meaning without written words. No text, letters, labels, watermark, or unsafe content.",,Do not use as image-only target unless meaning is concrete. Useful for vowel-team decoding/spelling.
good,TRUE,FALSE,Medium,K-Grade 3 sight/fluency,Long u / oo / ew / ue,"right, kind, or useful",/media/vocabulary/images/good.webp,,"Child-friendly early-reader illustration for ""good"". Classroom meaning clue: right, kind, or useful. Make the word visually clear as a simple object, action, attribute, or scene. No text, letters, labels, watermark, or unsafe content.",,Do not use as image-only target unless meaning is concrete. Useful for vowel-team decoding/spelling.
got,TRUE,FALSE,Low,K-Grade 1,Short o CVC,common high-frequency word for reading fluency,/media/vocabulary/images/got.webp,,"Child-friendly early-reader illustration for ""got"". Classroom meaning clue: common high-frequency word for reading fluency. Because this is abstract or function-word-like, use a simple situational context that suggests meaning without written words. No text, letters, labels, watermark, or unsafe content.",,Do not use as image-only target unless meaning is concrete. Good for early blending and initial/final sound tasks.
grabbing,TRUE,TRUE,Medium-Low,,Inflections - ing,common decodable word; check picture/context for exact meaning,/media/vocabulary/images/grabbing.webp,/media/vocabulary/audio/grabbing.mp3,"Child-friendly early-reader illustration for ""grabbing"". Classroom meaning clue: common decodable word; check picture/context for exact meaning. Make the word visually clear as a simple object, action, attribute, or scene. No text, letters, labels, watermark, or unsafe content.","Record clean child-friendly audio saying only the word ""grabbing"" once, natural pronunciation, no extra phrase, no music, no sound effects.",8
grade,TRUE,FALSE,Medium,Grade 1-2,CVCe long a,common decodable word; check picture/context for exact meaning,/media/vocabulary/images/grade.webp,,"Child-friendly early-reader illustration for ""grade"". Classroom meaning clue: common decodable word; check picture/context for exact meaning. Make the word visually clear as a simple object, action, attribute, or scene. No text, letters, labels, watermark, or unsafe content.",,5
gram,TRUE,TRUE,Medium,Grade 1,Simple CCVC short-vowel words,common decodable word; check picture/context for exact meaning,/media/vocabulary/images/gram.webp,/media/vocabulary/audio/gram.mp3,"Child-friendly early-reader illustration for ""gram"". Classroom meaning clue: common decodable word; check picture/context for exact meaning. Make the word visually clear as a simple object, action, attribute, or scene. No text, letters, labels, watermark, or unsafe content.","Record clean child-friendly audio saying only the word ""gram"" once, natural pronunciation, no extra phrase, no music, no sound effects.",Good for early blending and initial/final sound tasks.
grand,TRUE,TRUE,Medium,Grade 1,Short vowel words with final blends,common decodable word; check picture/context for exact meaning,/media/vocabulary/images/grand.webp,/media/vocabulary/audio/grand.mp3,"Child-friendly early-reader illustration for ""grand"". Classroom meaning clue: common decodable word; check picture/context for exact meaning. Make the word visually clear as a simple object, action, attribute, or scene. No text, letters, labels, watermark, or unsafe content.","Record clean child-friendly audio saying only the word ""grand"" once, natural pronunciation, no extra phrase, no music, no sound effects.",5
grandma,TRUE,FALSE,High,,Common early nouns - people and family,people/family word,/media/vocabulary/images/grandma.webp,,"Child-friendly early-reader illustration for ""grandma"". Classroom meaning clue: people/family word. Make the word visually clear as a simple object, action, attribute, or scene. No text, letters, labels, watermark, or unsafe content.",,7
grandpa,TRUE,TRUE,High,Grade 2-3,Common early nouns - people and family,people/family word,/media/vocabulary/images/grandpa.webp,/media/vocabulary/audio/grandpa.mp3,"Child-friendly early-reader illustration for ""grandpa"". Classroom meaning clue: people/family word. Make the word visually clear as a simple object, action, attribute, or scene. No text, letters, labels, watermark, or unsafe content.","Record clean child-friendly audio saying only the word ""grandpa"" once, natural pronunciation, no extra phrase, no music, no sound effects.",7
gray,TRUE,TRUE,Medium,Grade 1-2,Long a vowel teams ai / ay / eigh,describing word; tells what something is like,/media/vocabulary/images/gray.webp,/media/vocabulary/audio/gray.mp3,"Child-friendly early-reader illustration for ""gray"". Classroom meaning clue: describing word; tells what something is like. Make the word visually clear as a simple object, action, attribute, or scene. No text, letters, labels, watermark, or unsafe content.","Record clean child-friendly audio saying only the word ""gray"" once, natural pronunciation, no extra phrase, no music, no sound effects.",Useful for vowel-team decoding/spelling.
grew,TRUE,FALSE,Medium,K-Grade 3 vocabulary,Long u / oo / ew / ue,common K-3 vocabulary word,/media/vocabulary/images/grew.webp,,"Child-friendly early-reader illustration for ""grew"". Classroom meaning clue: common K-3 vocabulary word. Make the word visually clear as a simple object, action, attribute, or scene. No text, letters, labels, watermark, or unsafe content.",,Useful for vowel-team decoding/spelling. Good for early blending and initial/final sound tasks.
groan,TRUE,TRUE,Medium,K-Grade 3 vocabulary,Long o patterns o_e / oa / ow / oe,common K-3 vocabulary word,/media/vocabulary/images/groan.webp,/media/vocabulary/audio/groan.mp3,"Child-friendly early-reader illustration for ""groan"". Classroom meaning clue: common K-3 vocabulary word. Make the word visually clear as a simple object, action, attribute, or scene. No text, letters, labels, watermark, or unsafe content.","Record clean child-friendly audio saying only the word ""groan"" once, natural pronunciation, no extra phrase, no music, no sound effects.",Useful for vowel-team decoding/spelling.
ground,TRUE,FALSE,High,Grade 1,Diphthongs ou / ow,nature/place word,/media/vocabulary/images/ground.webp,,"Child-friendly early-reader illustration for ""ground"". Classroom meaning clue: nature/place word. Make the word visually clear as a simple object, action, attribute, or scene. No text, letters, labels, watermark, or unsafe content.",,Useful for vowel-team decoding/spelling. Useful for advanced vowel sound work.
grow,TRUE,FALSE,Medium,K-Grade 3 sight/fluency,Long o patterns o_e / oa / ow / oe,action word; use in a simple sentence or picture prompt,/media/vocabulary/images/grow.webp,,"Child-friendly early-reader illustration for ""grow"". Classroom meaning clue: action word; use in a simple sentence or picture prompt. Make the word visually clear as a simple object, action, attribute, or scene. No text, letters, labels, watermark, or unsafe content.",,Do not use as image-only target unless meaning is concrete. Useful for vowel-team decoding/spelling. Useful for advanced vowel sound work. Good for early blending and initial/final sound tasks.
growl,TRUE,TRUE,Medium,Grade 1-2,Diphthongs ou / ow,common decodable word; check picture/context for exact meaning,/media/vocabulary/images/growl.webp,/media/vocabulary/audio/growl.mp3,"Child-friendly early-reader illustration for ""growl"". Classroom meaning clue: common decodable word; check picture/context for exact meaning. Make the word visually clear as a simple object, action, attribute, or scene. No text, letters, labels, watermark, or unsafe content.","Record clean child-friendly audio saying only the word ""growl"" once, natural pronunciation, no extra phrase, no music, no sound effects.",Useful for vowel-team decoding/spelling. Useful for advanced vowel sound work.
grunt,TRUE,TRUE,Medium,,Short vowel words with final blends,common decodable word; check picture/context for exact meaning,/media/vocabulary/images/grunt.webp,/media/vocabulary/audio/grunt.mp3,"Child-friendly early-reader illustration for ""grunt"". Classroom meaning clue: common decodable word; check picture/context for exact meaning. Make the word visually clear as a simple object, action, attribute, or scene. No text, letters, labels, watermark, or unsafe content.","Record clean child-friendly audio saying only the word ""grunt"" once, natural pronunciation, no extra phrase, no music, no sound effects.",5
guess,TRUE,TRUE,Medium,K-Grade 3 vocabulary,Common verbs K-3,action word; use in a simple sentence or picture prompt,/media/vocabulary/images/guess.webp,/media/vocabulary/audio/guess.mp3,"Child-friendly early-reader illustration for ""guess"". Classroom meaning clue: action word; use in a simple sentence or picture prompt. Make the word visually clear as a simple object, action, attribute, or scene. No text, letters, labels, watermark, or unsafe content.","Record clean child-friendly audio saying only the word ""guess"" once, natural pronunciation, no extra phrase, no music, no sound effects.",Useful for vowel-team decoding/spelling.
gun,TRUE,TRUE,Medium,K-Grade 1,Short u CVC,common decodable word; check picture/context for exact meaning,/media/vocabulary/images/gun.webp,/media/vocabulary/audio/gun.mp3,"Child-friendly early-reader illustration for ""gun"". Classroom meaning clue: common decodable word; check picture/context for exact meaning. Make the word visually clear as a simple object, action, attribute, or scene. No text, letters, labels, watermark, or unsafe content.","Record clean child-friendly audio saying only the word ""gun"" once, natural pronunciation, no extra phrase, no music, no sound effects.",Good for early blending and initial/final sound tasks.
habit,TRUE,TRUE,Medium,Grade 2-3,Simple two-syllable decodable words,common K-3 vocabulary word,/media/vocabulary/images/habit.webp,/media/vocabulary/audio/habit.mp3,"Child-friendly early-reader illustration for ""habit"". Classroom meaning clue: common K-3 vocabulary word. Make the word visually clear as a simple object, action, attribute, or scene. No text, letters, labels, watermark, or unsafe content.","Record clean child-friendly audio saying only the word ""habit"" once, natural pronunciation, no extra phrase, no music, no sound effects.",5
hair,TRUE,FALSE,High,K-Grade 3 vocabulary,Air / ear / eer / are patterns,body/clothing word,/media/vocabulary/images/hair.webp,,"Child-friendly early-reader illustration for ""hair"". Classroom meaning clue: body/clothing word. Make the word visually clear as a simple object, action, attribute, or scene. No text, letters, labels, watermark, or unsafe content.",,Useful for r-controlled vowel sorting. Useful for vowel-team decoding/spelling.
hall,TRUE,FALSE,Medium,Grade 1-2,Au / aw / al / all,common K-3 vocabulary word,/media/vocabulary/images/hall.webp,,"Child-friendly early-reader illustration for ""hall"". Classroom meaning clue: common K-3 vocabulary word. Make the word visually clear as a simple object, action, attribute, or scene. No text, letters, labels, watermark, or unsafe content.",,Good for early blending and initial/final sound tasks.
hang,FALSE,TRUE,Medium,,Common verbs K-3,action word; use in a simple sentence or picture prompt,,/media/vocabulary/audio/hang.mp3,,"Record clean child-friendly audio saying only the word ""hang"" once, natural pronunciation, no extra phrase, no music, no sound effects.",Good for early blending and initial/final sound tasks.
happen,TRUE,FALSE,Medium-Low,,Simple two-syllable decodable words,common K-3 vocabulary word,/media/vocabulary/images/happen.webp,,"Child-friendly early-reader illustration for ""happen"". Classroom meaning clue: common K-3 vocabulary word. Make the word visually clear as a simple object, action, attribute, or scene. No text, letters, labels, watermark, or unsafe content.",,6
hare,TRUE,TRUE,Medium,K-Grade 3 vocabulary,Air / ear / eer / are patterns,common K-3 vocabulary word,/media/vocabulary/images/hare.webp,/media/vocabulary/audio/hare.mp3,"Child-friendly early-reader illustration for ""hare"". Classroom meaning clue: common K-3 vocabulary word. Make the word visually clear as a simple object, action, attribute, or scene. No text, letters, labels, watermark, or unsafe content.","Record clean child-friendly audio saying only the word ""hare"" once, natural pronunciation, no extra phrase, no music, no sound effects.",Useful for r-controlled vowel sorting. Good for early blending and initial/final sound tasks.
harm,TRUE,FALSE,Medium,Grade 1-2,R-controlled ar,common decodable word; check picture/context for exact meaning,/media/vocabulary/images/harm.webp,,"Child-friendly early-reader illustration for ""harm"". Classroom meaning clue: common decodable word; check picture/context for exact meaning. Make the word visually clear as a simple object, action, attribute, or scene. No text, letters, labels, watermark, or unsafe content.",,Useful for r-controlled vowel sorting. Good for early blending and initial/final sound tasks.
haul,TRUE,TRUE,Medium,Grade 1-2,Au / aw / al / all,common K-3 vocabulary word,/media/vocabulary/images/haul.webp,/media/vocabulary/audio/haul.mp3,"Child-friendly early-reader illustration for ""haul"". Classroom meaning clue: common K-3 vocabulary word. Make the word visually clear as a simple object, action, attribute, or scene. No text, letters, labels, watermark, or unsafe content.","Record clean child-friendly audio saying only the word ""haul"" once, natural pronunciation, no extra phrase, no music, no sound effects.",Useful for vowel-team decoding/spelling.
hear,TRUE,FALSE,Medium,K-Grade 3 vocabulary,Air / ear / eer / are patterns,action word; use in a simple sentence or picture prompt,/media/vocabulary/images/hear.webp,,"Child-friendly early-reader illustration for ""hear"". Classroom meaning clue: action word; use in a simple sentence or picture prompt. Make the word visually clear as a simple object, action, attribute, or scene. No text, letters, labels, watermark, or unsafe content.",,Useful for r-controlled vowel sorting. Useful for vowel-team decoding/spelling.
held,TRUE,FALSE,Medium,,Short vowel words with final blends,common decodable word; check picture/context for exact meaning,/media/vocabulary/images/held.webp,,"Child-friendly early-reader illustration for ""held"". Classroom meaning clue: common decodable word; check picture/context for exact meaning. Make the word visually clear as a simple object, action, attribute, or scene. No text, letters, labels, watermark, or unsafe content.",,Good for early blending and initial/final sound tasks.
helped,TRUE,FALSE,Medium-Low,,Inflections - ed / er / est,common decodable word; check picture/context for exact meaning,/media/vocabulary/images/helped.webp,,"Child-friendly early-reader illustration for ""helped"". Classroom meaning clue: common decodable word; check picture/context for exact meaning. Make the word visually clear as a simple object, action, attribute, or scene. No text, letters, labels, watermark, or unsafe content.",,6
helper,TRUE,FALSE,High,,Common early nouns - people and family,people/family word,/media/vocabulary/images/helper.webp,,"Child-friendly early-reader illustration for ""helper"". Classroom meaning clue: people/family word. Make the word visually clear as a simple object, action, attribute, or scene. No text, letters, labels, watermark, or unsafe content.",,Useful for r-controlled vowel sorting.
helping,TRUE,TRUE,Medium-Low,,Inflections - ing,common decodable word; check picture/context for exact meaning,/media/vocabulary/images/helping.webp,/media/vocabulary/audio/helping.mp3,"Child-friendly early-reader illustration for ""helping"". Classroom meaning clue: common decodable word; check picture/context for exact meaning. Make the word visually clear as a simple object, action, attribute, or scene. No text, letters, labels, watermark, or unsafe content.","Record clean child-friendly audio saying only the word ""helping"" once, natural pronunciation, no extra phrase, no music, no sound effects.",7
hens,TRUE,FALSE,Medium,Grade 2-3,Inflections - plural / s / es,common decodable word; check picture/context for exact meaning,/media/vocabulary/images/hens.webp,,"Child-friendly early-reader illustration for ""hens"". Classroom meaning clue: common decodable word; check picture/context for exact meaning. Make the word visually clear as a simple object, action, attribute, or scene. No text, letters, labels, watermark, or unsafe content.",,Good for early blending and initial/final sound tasks.
hers,TRUE,FALSE,Low,,Common function / grammar words K-3,grammar/function word used to build sentences,/media/vocabulary/images/hers.webp,,"Child-friendly early-reader illustration for ""hers"". Classroom meaning clue: grammar/function word used to build sentences. Because this is abstract or function-word-like, use a simple situational context that suggests meaning without written words. No text, letters, labels, watermark, or unsafe content.",,Do not use as image-only target unless meaning is concrete. Useful for r-controlled vowel sorting. Good for early blending and initial/final sound tasks.
hid,TRUE,FALSE,Medium,K-Grade 1,Short i CVC,common decodable word; check picture/context for exact meaning,/media/vocabulary/images/hid.webp,,"Child-friendly early-reader illustration for ""hid"". Classroom meaning clue: common decodable word; check picture/context for exact meaning. Make the word visually clear as a simple object, action, attribute, or scene. No text, letters, labels, watermark, or unsafe content.",,Good for early blending and initial/final sound tasks.
hide,TRUE,FALSE,Medium,Grade 1-2,CVCe long e / i / o / u,action word; use in a simple sentence or picture prompt,/media/vocabulary/images/hide.webp,,"Child-friendly early-reader illustration for ""hide"". Classroom meaning clue: action word; use in a simple sentence or picture prompt. Make the word visually clear as a simple object, action, attribute, or scene. No text, letters, labels, watermark, or unsafe content.",,Good for early blending and initial/final sound tasks.
hiding,TRUE,FALSE,Medium-Low,Grade 2-3,Inflections - ing,common decodable word; check picture/context for exact meaning,/media/vocabulary/images/hiding.webp,,"Child-friendly early-reader illustration for ""hiding"". Classroom meaning clue: common decodable word; check picture/context for exact meaning. Make the word visually clear as a simple object, action, attribute, or scene. No text, letters, labels, watermark, or unsafe content.",,6
high,TRUE,FALSE,Medium,K-Grade 3 vocabulary,Long i patterns i_e / igh / y / ie,describing word; tells what something is like,/media/vocabulary/images/high.webp,,"Child-friendly early-reader illustration for ""high"". Classroom meaning clue: describing word; tells what something is like. Make the word visually clear as a simple object, action, attribute, or scene. No text, letters, labels, watermark, or unsafe content.",,Useful for vowel-team decoding/spelling. Good for early blending and initial/final sound tasks.
hike,TRUE,TRUE,Medium,Grade 1-2,CVCe long e / i / o / u,common decodable word; check picture/context for exact meaning,/media/vocabulary/images/hike.webp,/media/vocabulary/audio/hike.mp3,"Child-friendly early-reader illustration for ""hike"". Classroom meaning clue: common decodable word; check picture/context for exact meaning. Make the word visually clear as a simple object, action, attribute, or scene. No text, letters, labels, watermark, or unsafe content.","Record clean child-friendly audio saying only the word ""hike"" once, natural pronunciation, no extra phrase, no music, no sound effects.",Good for early blending and initial/final sound tasks.
hint,TRUE,TRUE,Medium,Grade 1,Simple CVCC short-vowel words,common decodable word; check picture/context for exact meaning,/media/vocabulary/images/hint.webp,/media/vocabulary/audio/hint.mp3,"Child-friendly early-reader illustration for ""hint"". Classroom meaning clue: common decodable word; check picture/context for exact meaning. Make the word visually clear as a simple object, action, attribute, or scene. No text, letters, labels, watermark, or unsafe content.","Record clean child-friendly audio saying only the word ""hint"" once, natural pronunciation, no extra phrase, no music, no sound effects.",Good for early blending and initial/final sound tasks.
hoe,TRUE,TRUE,Medium,K-Grade 3 vocabulary,Long o patterns o_e / oa / ow / oe,common K-3 vocabulary word,/media/vocabulary/images/hoe.webp,/media/vocabulary/audio/hoe.mp3,"Child-friendly early-reader illustration for ""hoe"". Classroom meaning clue: common K-3 vocabulary word. Make the word visually clear as a simple object, action, attribute, or scene. No text, letters, labels, watermark, or unsafe content.","Record clean child-friendly audio saying only the word ""hoe"" once, natural pronunciation, no extra phrase, no music, no sound effects.",Useful for vowel-team decoding/spelling.
hold,TRUE,FALSE,Medium,K-Grade 3 sight/fluency,High-frequency regular and partly decodable K-3 words,action word; use in a simple sentence or picture prompt,/media/vocabulary/images/hold.webp,,"Child-friendly early-reader illustration for ""hold"". Classroom meaning clue: action word; use in a simple sentence or picture prompt. Make the word visually clear as a simple object, action, attribute, or scene. No text, letters, labels, watermark, or unsafe content.",,Do not use as image-only target unless meaning is concrete. Good for early blending and initial/final sound tasks.
hole,TRUE,FALSE,Medium,Grade 1-2,CVCe long e / i / o / u,common decodable word; check picture/context for exact meaning,/media/vocabulary/images/hole.webp,,"Child-friendly early-reader illustration for ""hole"". Classroom meaning clue: common decodable word; check picture/context for exact meaning. Make the word visually clear as a simple object, action, attribute, or scene. No text, letters, labels, watermark, or unsafe content.",,Good for early blending and initial/final sound tasks.
hood,TRUE,TRUE,Medium,K-Grade 3 vocabulary,Long u / oo / ew / ue,common K-3 vocabulary word,/media/vocabulary/images/hood.webp,/media/vocabulary/audio/hood.mp3,"Child-friendly early-reader illustration for ""hood"". Classroom meaning clue: common K-3 vocabulary word. Make the word visually clear as a simple object, action, attribute, or scene. No text, letters, labels, watermark, or unsafe content.","Record clean child-friendly audio saying only the word ""hood"" once, natural pronunciation, no extra phrase, no music, no sound effects.",Useful for vowel-team decoding/spelling.
hope,TRUE,TRUE,Medium,Grade 1-2,CVCe long e / i / o / u,common decodable word; check picture/context for exact meaning,/media/vocabulary/images/hope.webp,/media/vocabulary/audio/hope.mp3,"Child-friendly early-reader illustration for ""hope"". Classroom meaning clue: common decodable word; check picture/context for exact meaning. Make the word visually clear as a simple object, action, attribute, or scene. No text, letters, labels, watermark, or unsafe content.","Record clean child-friendly audio saying only the word ""hope"" once, natural pronunciation, no extra phrase, no music, no sound effects.",Good for early blending and initial/final sound tasks.
hoped,TRUE,FALSE,Medium,,Inflections - ed / er / est,common decodable word; check picture/context for exact meaning,/media/vocabulary/images/hoped.webp,,"Child-friendly early-reader illustration for ""hoped"". Classroom meaning clue: common decodable word; check picture/context for exact meaning. Make the word visually clear as a simple object, action, attribute, or scene. No text, letters, labels, watermark, or unsafe content.",,5
hoping,TRUE,TRUE,Medium-Low,,Inflections - ing,common decodable word; check picture/context for exact meaning,/media/vocabulary/images/hoping.webp,/media/vocabulary/audio/hoping.mp3,"Child-friendly early-reader illustration for ""hoping"". Classroom meaning clue: common decodable word; check picture/context for exact meaning. Make the word visually clear as a simple object, action, attribute, or scene. No text, letters, labels, watermark, or unsafe content.","Record clean child-friendly audio saying only the word ""hoping"" once, natural pronunciation, no extra phrase, no music, no sound effects.",6
hopping,TRUE,TRUE,Medium-Low,Grade 2-3,Inflections - ing,common decodable word; check picture/context for exact meaning,/media/vocabulary/images/hopping.webp,/media/vocabulary/audio/hopping.mp3,"Child-friendly early-reader illustration for ""hopping"". Classroom meaning clue: common decodable word; check picture/context for exact meaning. Make the word visually clear as a simple object, action, attribute, or scene. No text, letters, labels, watermark, or unsafe content.","Record clean child-friendly audio saying only the word ""hopping"" once, natural pronunciation, no extra phrase, no music, no sound effects.",7
hotel,TRUE,TRUE,Medium,Grade 2-3,Simple two-syllable decodable words,common K-3 vocabulary word,/media/vocabulary/images/hotel.webp,/media/vocabulary/audio/hotel.mp3,"Child-friendly early-reader illustration for ""hotel"". Classroom meaning clue: common K-3 vocabulary word. Make the word visually clear as a simple object, action, attribute, or scene. No text, letters, labels, watermark, or unsafe content.","Record clean child-friendly audio saying only the word ""hotel"" once, natural pronunciation, no extra phrase, no music, no sound effects.",5
hottest,TRUE,FALSE,Medium-Low,,Inflections - ed / er / est,common decodable word; check picture/context for exact meaning,/media/vocabulary/images/hottest.webp,,"Child-friendly early-reader illustration for ""hottest"". Classroom meaning clue: common decodable word; check picture/context for exact meaning. Make the word visually clear as a simple object, action, attribute, or scene. No text, letters, labels, watermark, or unsafe content.",,7
hug,TRUE,FALSE,Medium,K-Grade 1,Short u CVC,common decodable word; check picture/context for exact meaning,/media/vocabulary/images/hug.webp,,"Child-friendly early-reader illustration for ""hug"". Classroom meaning clue: common decodable word; check picture/context for exact meaning. Make the word visually clear as a simple object, action, attribute, or scene. No text, letters, labels, watermark, or unsafe content.",,Good for early blending and initial/final sound tasks.
hum,TRUE,TRUE,Medium,K-Grade 1,Short u CVC,common decodable word; check picture/context for exact meaning,/media/vocabulary/images/hum.webp,/media/vocabulary/audio/hum.mp3,"Child-friendly early-reader illustration for ""hum"". Classroom meaning clue: common decodable word; check picture/context for exact meaning. Make the word visually clear as a simple object, action, attribute, or scene. No text, letters, labels, watermark, or unsafe content.","Record clean child-friendly audio saying only the word ""hum"" once, natural pronunciation, no extra phrase, no music, no sound effects.",Good for early blending and initial/final sound tasks.
hump,TRUE,TRUE,Medium,Grade 1,Short vowel words with final blends,common decodable word; check picture/context for exact meaning,/media/vocabulary/images/hump.webp,/media/vocabulary/audio/hump.mp3,"Child-friendly early-reader illustration for ""hump"". Classroom meaning clue: common decodable word; check picture/context for exact meaning. Make the word visually clear as a simple object, action, attribute, or scene. No text, letters, labels, watermark, or unsafe content.","Record clean child-friendly audio saying only the word ""hump"" once, natural pronunciation, no extra phrase, no music, no sound effects.",Good for early blending and initial/final sound tasks.
hurt,TRUE,FALSE,Low,Grade 1-2,R-controlled er / ir / ur,common high-frequency word for reading fluency,/media/vocabulary/images/hurt.webp,,"Child-friendly early-reader illustration for ""hurt"". Classroom meaning clue: common high-frequency word for reading fluency. Because this is abstract or function-word-like, use a simple situational context that suggests meaning without written words. No text, letters, labels, watermark, or unsafe content.",,Do not use as image-only target unless meaning is concrete. Useful for r-controlled vowel sorting. Good for early blending and initial/final sound tasks.
if,TRUE,FALSE,Low,,VC / CV / very early words,grammar/function word used to build sentences,/media/vocabulary/images/if.webp,,"Child-friendly early-reader illustration for ""if"". Classroom meaning clue: grammar/function word used to build sentences. Because this is abstract or function-word-like, use a simple situational context that suggests meaning without written words. No text, letters, labels, watermark, or unsafe content.",,Do not use as image-only target unless meaning is concrete.
its,TRUE,FALSE,Low,,High-frequency regular and partly decodable K-3 words,grammar/function word used to build sentences,/media/vocabulary/images/its.webp,,"Child-friendly early-reader illustration for ""its"". Classroom meaning clue: grammar/function word used to build sentences. Because this is abstract or function-word-like, use a simple situational context that suggests meaning without written words. No text, letters, labels, watermark, or unsafe content.",,Do not use as image-only target unless meaning is concrete.
jay,TRUE,TRUE,Medium,Grade 1-2,Long a vowel teams ai / ay / eigh,common decodable word; check picture/context for exact meaning,/media/vocabulary/images/jay.webp,/media/vocabulary/audio/jay.mp3,"Child-friendly early-reader illustration for ""jay"". Classroom meaning clue: common decodable word; check picture/context for exact meaning. Make the word visually clear as a simple object, action, attribute, or scene. No text, letters, labels, watermark, or unsafe content.","Record clean child-friendly audio saying only the word ""jay"" once, natural pronunciation, no extra phrase, no music, no sound effects.",Useful for vowel-team decoding/spelling.
job,TRUE,TRUE,Medium,K-Grade 1,Short o CVC,common decodable word; check picture/context for exact meaning,/media/vocabulary/images/job.webp,/media/vocabulary/audio/job.mp3,"Child-friendly early-reader illustration for ""job"". Classroom meaning clue: common decodable word; check picture/context for exact meaning. Make the word visually clear as a simple object, action, attribute, or scene. No text, letters, labels, watermark, or unsafe content.","Record clean child-friendly audio saying only the word ""job"" once, natural pronunciation, no extra phrase, no music, no sound effects.",Good for early blending and initial/final sound tasks.
jog,TRUE,TRUE,Medium,K-Grade 1,Short o CVC,common decodable word; check picture/context for exact meaning,/media/vocabulary/images/jog.webp,/media/vocabulary/audio/jog.mp3,"Child-friendly early-reader illustration for ""jog"". Classroom meaning clue: common decodable word; check picture/context for exact meaning. Make the word visually clear as a simple object, action, attribute, or scene. No text, letters, labels, watermark, or unsafe content.","Record clean child-friendly audio saying only the word ""jog"" once, natural pronunciation, no extra phrase, no music, no sound effects.",Good for early blending and initial/final sound tasks.
join,TRUE,TRUE,Medium,Grade 1-2,Diphthongs oi / oy,common decodable word; check picture/context for exact meaning,/media/vocabulary/images/join.webp,/media/vocabulary/audio/join.mp3,"Child-friendly early-reader illustration for ""join"". Classroom meaning clue: common decodable word; check picture/context for exact meaning. Make the word visually clear as a simple object, action, attribute, or scene. No text, letters, labels, watermark, or unsafe content.","Record clean child-friendly audio saying only the word ""join"" once, natural pronunciation, no extra phrase, no music, no sound effects.",Useful for vowel-team decoding/spelling. Useful for advanced vowel sound work.
joint,TRUE,TRUE,Medium,Grade 1-2,Diphthongs oi / oy,common decodable word; check picture/context for exact meaning,/media/vocabulary/images/joint.webp,/media/vocabulary/audio/joint.mp3,"Child-friendly early-reader illustration for ""joint"". Classroom meaning clue: common decodable word; check picture/context for exact meaning. Make the word visually clear as a simple object, action, attribute, or scene. No text, letters, labels, watermark, or unsafe content.","Record clean child-friendly audio saying only the word ""joint"" once, natural pronunciation, no extra phrase, no music, no sound effects.",Useful for vowel-team decoding/spelling. Useful for advanced vowel sound work.
joke,TRUE,TRUE,Medium,Grade 1-2,CVCe long e / i / o / u,common decodable word; check picture/context for exact meaning,/media/vocabulary/images/joke.webp,/media/vocabulary/audio/joke.mp3,"Child-friendly early-reader illustration for ""joke"". Classroom meaning clue: common decodable word; check picture/context for exact meaning. Make the word visually clear as a simple object, action, attribute, or scene. No text, letters, labels, watermark, or unsafe content.","Record clean child-friendly audio saying only the word ""joke"" once, natural pronunciation, no extra phrase, no music, no sound effects.",Good for early blending and initial/final sound tasks.
joking,TRUE,TRUE,Medium-Low,,Inflections - ing,common decodable word; check picture/context for exact meaning,/media/vocabulary/images/joking.webp,/media/vocabulary/audio/joking.mp3,"Child-friendly early-reader illustration for ""joking"". Classroom meaning clue: common decodable word; check picture/context for exact meaning. Make the word visually clear as a simple object, action, attribute, or scene. No text, letters, labels, watermark, or unsafe content.","Record clean child-friendly audio saying only the word ""joking"" once, natural pronunciation, no extra phrase, no music, no sound effects.",6
joy,TRUE,TRUE,Medium,Grade 1-2,Diphthongs oi / oy,common decodable word; check picture/context for exact meaning,/media/vocabulary/images/joy.webp,/media/vocabulary/audio/joy.mp3,"Child-friendly early-reader illustration for ""joy"". Classroom meaning clue: common decodable word; check picture/context for exact meaning. Make the word visually clear as a simple object, action, attribute, or scene. No text, letters, labels, watermark, or unsafe content.","Record clean child-friendly audio saying only the word ""joy"" once, natural pronunciation, no extra phrase, no music, no sound effects.",Useful for vowel-team decoding/spelling. Useful for advanced vowel sound work.
jumped,TRUE,FALSE,Medium-Low,,Inflections - ed / er / est,common decodable word; check picture/context for exact meaning,/media/vocabulary/images/jumped.webp,,"Child-friendly early-reader illustration for ""jumped"". Classroom meaning clue: common decodable word; check picture/context for exact meaning. Make the word visually clear as a simple object, action, attribute, or scene. No text, letters, labels, watermark, or unsafe content.",,6
jumping,TRUE,FALSE,Medium-Low,,Inflections - ing,common decodable word; check picture/context for exact meaning,/media/vocabulary/images/jumping.webp,,"Child-friendly early-reader illustration for ""jumping"". Classroom meaning clue: common decodable word; check picture/context for exact meaning. Make the word visually clear as a simple object, action, attribute, or scene. No text, letters, labels, watermark, or unsafe content.",,7
june,TRUE,FALSE,Medium,Grade 1-2,CVCe long e / i / o / u,common decodable word; check picture/context for exact meaning,/media/vocabulary/images/june.webp,,"Child-friendly early-reader illustration for ""june"". Classroom meaning clue: common decodable word; check picture/context for exact meaning. Make the word visually clear as a simple object, action, attribute, or scene. No text, letters, labels, watermark, or unsafe content.",,Good for early blending and initial/final sound tasks.
keep,TRUE,FALSE,Medium,Grade 1-2,Long e vowel teams ee / ea / ey / ie,action word; use in a simple sentence or picture prompt,/media/vocabulary/images/keep.webp,,"Child-friendly early-reader illustration for ""keep"". Classroom meaning clue: action word; use in a simple sentence or picture prompt. Make the word visually clear as a simple object, action, attribute, or scene. No text, letters, labels, watermark, or unsafe content.",,Do not use as image-only target unless meaning is concrete. Useful for vowel-team decoding/spelling.
kind,TRUE,FALSE,Medium,K-Grade 3 sight/fluency,High-frequency regular and partly decodable K-3 words,describing word; tells what something is like,/media/vocabulary/images/kind.webp,,"Child-friendly early-reader illustration for ""kind"". Classroom meaning clue: describing word; tells what something is like. Make the word visually clear as a simple object, action, attribute, or scene. No text, letters, labels, watermark, or unsafe content.",,Do not use as image-only target unless meaning is concrete. Good for early blending and initial/final sound tasks.
kinder,TRUE,TRUE,Medium-Low,,Inflections - ed / er / est,common decodable word; check picture/context for exact meaning,/media/vocabulary/images/kinder.webp,/media/vocabulary/audio/kinder.mp3,"Child-friendly early-reader illustration for ""kinder"". Classroom meaning clue: common decodable word; check picture/context for exact meaning. Make the word visually clear as a simple object, action, attribute, or scene. No text, letters, labels, watermark, or unsafe content.","Record clean child-friendly audio saying only the word ""kinder"" once, natural pronunciation, no extra phrase, no music, no sound effects.",Useful for r-controlled vowel sorting.
kisses,TRUE,TRUE,Medium-Low,,Inflections - plural / s / es,common decodable word; check picture/context for exact meaning,/media/vocabulary/images/kisses.webp,/media/vocabulary/audio/kisses.mp3,"Child-friendly early-reader illustration for ""kisses"". Classroom meaning clue: common decodable word; check picture/context for exact meaning. Make the word visually clear as a simple object, action, attribute, or scene. No text, letters, labels, watermark, or unsafe content.","Record clean child-friendly audio saying only the word ""kisses"" once, natural pronunciation, no extra phrase, no music, no sound effects.",6
knew,TRUE,FALSE,Medium,K-Grade 3 vocabulary,Long u / oo / ew / ue,common K-3 vocabulary word,/media/vocabulary/images/knew.webp,,"Child-friendly early-reader illustration for ""knew"". Classroom meaning clue: common K-3 vocabulary word. Make the word visually clear as a simple object, action, attribute, or scene. No text, letters, labels, watermark, or unsafe content.",,Useful for vowel-team decoding/spelling. Good for early blending and initial/final sound tasks.
lad,TRUE,TRUE,Medium,K-Grade 1,Short a CVC,common decodable word; check picture/context for exact meaning,/media/vocabulary/images/lad.webp,/media/vocabulary/audio/lad.mp3,"Child-friendly early-reader illustration for ""lad"". Classroom meaning clue: common decodable word; check picture/context for exact meaning. Make the word visually clear as a simple object, action, attribute, or scene. No text, letters, labels, watermark, or unsafe content.","Record clean child-friendly audio saying only the word ""lad"" once, natural pronunciation, no extra phrase, no music, no sound effects.",Good for early blending and initial/final sound tasks.
lady,TRUE,TRUE,Medium,,Simple two-syllable decodable words,common K-3 vocabulary word,/media/vocabulary/images/lady.webp,/media/vocabulary/audio/lady.mp3,"Child-friendly early-reader illustration for ""lady"". Classroom meaning clue: common K-3 vocabulary word. Make the word visually clear as a simple object, action, attribute, or scene. No text, letters, labels, watermark, or unsafe content.","Record clean child-friendly audio saying only the word ""lady"" once, natural pronunciation, no extra phrase, no music, no sound effects.",4
lamb,TRUE,FALSE,High,K-Grade 3 vocabulary,Common early nouns - animals,animal / creature word,/media/vocabulary/images/lamb.webp,,"Child-friendly early-reader illustration for ""lamb"". Classroom meaning clue: animal / creature word. Make the word visually clear as a simple object, action, attribute, or scene. No text, letters, labels, watermark, or unsafe content.",,Good for early blending and initial/final sound tasks.
land,TRUE,FALSE,High,Grade 1,Simple CVCC short-vowel words,nature/place word,/media/vocabulary/images/land.webp,,"Child-friendly early-reader illustration for ""land"". Classroom meaning clue: nature/place word. Make the word visually clear as a simple object, action, attribute, or scene. No text, letters, labels, watermark, or unsafe content.",,Good for early blending and initial/final sound tasks.
lane,TRUE,FALSE,Medium,Grade 1-2,CVCe long a,common decodable word; check picture/context for exact meaning,/media/vocabulary/images/lane.webp,,"Child-friendly early-reader illustration for ""lane"". Classroom meaning clue: common decodable word; check picture/context for exact meaning. Make the word visually clear as a simple object, action, attribute, or scene. No text, letters, labels, watermark, or unsafe content.",,Good for early blending and initial/final sound tasks.
last,TRUE,FALSE,Medium,Grade 1,Simple CVCC short-vowel words,describing word; tells what something is like,/media/vocabulary/images/last.webp,,"Child-friendly early-reader illustration for ""last"". Classroom meaning clue: describing word; tells what something is like. Make the word visually clear as a simple object, action, attribute, or scene. No text, letters, labels, watermark, or unsafe content.",,Good for early blending and initial/final sound tasks.
late,TRUE,FALSE,Medium,Grade 1-2,CVCe long a,common decodable word; check picture/context for exact meaning,/media/vocabulary/images/late.webp,,"Child-friendly early-reader illustration for ""late"". Classroom meaning clue: common decodable word; check picture/context for exact meaning. Make the word visually clear as a simple object, action, attribute, or scene. No text, letters, labels, watermark, or unsafe content.",,Good for early blending and initial/final sound tasks.
law,TRUE,TRUE,Medium,Grade 1-2,Au / aw / al / all,common K-3 vocabulary word,/media/vocabulary/images/law.webp,/media/vocabulary/audio/law.mp3,"Child-friendly early-reader illustration for ""law"". Classroom meaning clue: common K-3 vocabulary word. Make the word visually clear as a simple object, action, attribute, or scene. No text, letters, labels, watermark, or unsafe content.","Record clean child-friendly audio saying only the word ""law"" once, natural pronunciation, no extra phrase, no music, no sound effects.",Useful for vowel-team decoding/spelling. Good for early blending and initial/final sound tasks.
lay,TRUE,FALSE,Medium,Grade 1-2,Long a vowel teams ai / ay / eigh,common decodable word; check picture/context for exact meaning,/media/vocabulary/images/lay.webp,,"Child-friendly early-reader illustration for ""lay"". Classroom meaning clue: common decodable word; check picture/context for exact meaning. Make the word visually clear as a simple object, action, attribute, or scene. No text, letters, labels, watermark, or unsafe content.",,Useful for vowel-team decoding/spelling.
lazy,TRUE,TRUE,Medium,Grade 2-3,Simple two-syllable decodable words,common K-3 vocabulary word,/media/vocabulary/images/lazy.webp,/media/vocabulary/audio/lazy.mp3,"Child-friendly early-reader illustration for ""lazy"". Classroom meaning clue: common K-3 vocabulary word. Make the word visually clear as a simple object, action, attribute, or scene. No text, letters, labels, watermark, or unsafe content.","Record clean child-friendly audio saying only the word ""lazy"" once, natural pronunciation, no extra phrase, no music, no sound effects.",4
learn,TRUE,FALSE,Medium,K-Grade 3 vocabulary,Common verbs K-3,action word; use in a simple sentence or picture prompt,/media/vocabulary/images/learn.webp,,"Child-friendly early-reader illustration for ""learn"". Classroom meaning clue: action word; use in a simple sentence or picture prompt. Make the word visually clear as a simple object, action, attribute, or scene. No text, letters, labels, watermark, or unsafe content.",,Useful for r-controlled vowel sorting. Useful for vowel-team decoding/spelling.
leave,TRUE,FALSE,Medium,K-Grade 3 vocabulary,Common verbs K-3,action word; use in a simple sentence or picture prompt,/media/vocabulary/images/leave.webp,,"Child-friendly early-reader illustration for ""leave"". Classroom meaning clue: action word; use in a simple sentence or picture prompt. Make the word visually clear as a simple object, action, attribute, or scene. No text, letters, labels, watermark, or unsafe content.",,Useful for vowel-team decoding/spelling.
left,TRUE,FALSE,Medium,,Simple CVCC short-vowel words,common decodable word; check picture/context for exact meaning,/media/vocabulary/images/left.webp,,"Child-friendly early-reader illustration for ""left"". Classroom meaning clue: common decodable word; check picture/context for exact meaning. Make the word visually clear as a simple object, action, attribute, or scene. No text, letters, labels, watermark, or unsafe content.",,Good for early blending and initial/final sound tasks.
less,TRUE,FALSE,Medium,K-Grade 3 vocabulary,Common adjectives and describing words K-3,describing word; tells what something is like,/media/vocabulary/images/less.webp,,"Child-friendly early-reader illustration for ""less"". Classroom meaning clue: describing word; tells what something is like. Make the word visually clear as a simple object, action, attribute, or scene. No text, letters, labels, watermark, or unsafe content.",,Good for early blending and initial/final sound tasks.
lesson,TRUE,FALSE,Medium-Low,,Simple two-syllable decodable words,common K-3 vocabulary word,/media/vocabulary/images/lesson.webp,,"Child-friendly early-reader illustration for ""lesson"". Classroom meaning clue: common K-3 vocabulary word. Make the word visually clear as a simple object, action, attribute, or scene. No text, letters, labels, watermark, or unsafe content.",,6
letter,TRUE,FALSE,Medium-Low,Grade 1-2,R-controlled er / ir / ur,common decodable word; check picture/context for exact meaning,/media/vocabulary/images/letter.webp,,"Child-friendly early-reader illustration for ""letter"". Classroom meaning clue: common decodable word; check picture/context for exact meaning. Make the word visually clear as a simple object, action, attribute, or scene. No text, letters, labels, watermark, or unsafe content.",,Useful for r-controlled vowel sorting.
lie,TRUE,TRUE,Medium,K-Grade 3 vocabulary,Long i patterns i_e / igh / y / ie,common K-3 vocabulary word,/media/vocabulary/images/lie.webp,/media/vocabulary/audio/lie.mp3,"Child-friendly early-reader illustration for ""lie"". Classroom meaning clue: common K-3 vocabulary word. Make the word visually clear as a simple object, action, attribute, or scene. No text, letters, labels, watermark, or unsafe content.","Record clean child-friendly audio saying only the word ""lie"" once, natural pronunciation, no extra phrase, no music, no sound effects.",Useful for vowel-team decoding/spelling.
life,TRUE,FALSE,Medium,Grade 1-2,CVCe long e / i / o / u,common decodable word; check picture/context for exact meaning,/media/vocabulary/images/life.webp,,"Child-friendly early-reader illustration for ""life"". Classroom meaning clue: common decodable word; check picture/context for exact meaning. Make the word visually clear as a simple object, action, attribute, or scene. No text, letters, labels, watermark, or unsafe content.",,Good for early blending and initial/final sound tasks.
liked,TRUE,FALSE,Medium,,Inflections - ed / er / est,common decodable word; check picture/context for exact meaning,/media/vocabulary/images/liked.webp,,"Child-friendly early-reader illustration for ""liked"". Classroom meaning clue: common decodable word; check picture/context for exact meaning. Make the word visually clear as a simple object, action, attribute, or scene. No text, letters, labels, watermark, or unsafe content.",,5
limp,TRUE,TRUE,Medium,,Short vowel words with final blends,common decodable word; check picture/context for exact meaning,/media/vocabulary/images/limp.webp,/media/vocabulary/audio/limp.mp3,"Child-friendly early-reader illustration for ""limp"". Classroom meaning clue: common decodable word; check picture/context for exact meaning. Make the word visually clear as a simple object, action, attribute, or scene. No text, letters, labels, watermark, or unsafe content.","Record clean child-friendly audio saying only the word ""limp"" once, natural pronunciation, no extra phrase, no music, no sound effects.",Good for early blending and initial/final sound tasks.
line,TRUE,FALSE,Medium,Grade 1-2,CVCe long e / i / o / u,common decodable word; check picture/context for exact meaning,/media/vocabulary/images/line.webp,,"Child-friendly early-reader illustration for ""line"". Classroom meaning clue: common decodable word; check picture/context for exact meaning. Make the word visually clear as a simple object, action, attribute, or scene. No text, letters, labels, watermark, or unsafe content.",,Good for early blending and initial/final sound tasks.
list,TRUE,FALSE,Medium,Grade 1,Short vowel words with final blends,common decodable word; check picture/context for exact meaning,/media/vocabulary/images/list.webp,,"Child-friendly early-reader illustration for ""list"". Classroom meaning clue: common decodable word; check picture/context for exact meaning. Make the word visually clear as a simple object, action, attribute, or scene. No text, letters, labels, watermark, or unsafe content.",,Good for early blending and initial/final sound tasks.
listen,TRUE,FALSE,Medium,,Common verbs K-3,action word; use in a simple sentence or picture prompt,/media/vocabulary/images/listen.webp,,"Child-friendly early-reader illustration for ""listen"". Classroom meaning clue: action word; use in a simple sentence or picture prompt. Make the word visually clear as a simple object, action, attribute, or scene. No text, letters, labels, watermark, or unsafe content.",,6
lit,TRUE,FALSE,Medium,K-Grade 1,Short i CVC,common decodable word; check picture/context for exact meaning,/media/vocabulary/images/lit.webp,,"Child-friendly early-reader illustration for ""lit"". Classroom meaning clue: common decodable word; check picture/context for exact meaning. Make the word visually clear as a simple object, action, attribute, or scene. No text, letters, labels, watermark, or unsafe content.",,Good for early blending and initial/final sound tasks.
longest,TRUE,TRUE,Medium-Low,Grade 2-3,Inflections - ed / er / est,common decodable word; check picture/context for exact meaning,/media/vocabulary/images/longest.webp,/media/vocabulary/audio/longest.mp3,"Child-friendly early-reader illustration for ""longest"". Classroom meaning clue: common decodable word; check picture/context for exact meaning. Make the word visually clear as a simple object, action, attribute, or scene. No text, letters, labels, watermark, or unsafe content.","Record clean child-friendly audio saying only the word ""longest"" once, natural pronunciation, no extra phrase, no music, no sound effects.",7
looked,TRUE,FALSE,Medium-Low,Grade 2-3,Inflections - ed / er / est,common decodable word; check picture/context for exact meaning,/media/vocabulary/images/looked.webp,,"Child-friendly early-reader illustration for ""looked"". Classroom meaning clue: common decodable word; check picture/context for exact meaning. Make the word visually clear as a simple object, action, attribute, or scene. No text, letters, labels, watermark, or unsafe content.",,Useful for vowel-team decoding/spelling.
looking,TRUE,FALSE,Medium-Low,Grade 2-3,Inflections - ing,common decodable word; check picture/context for exact meaning,/media/vocabulary/images/looking.webp,,"Child-friendly early-reader illustration for ""looking"". Classroom meaning clue: common decodable word; check picture/context for exact meaning. Make the word visually clear as a simple object, action, attribute, or scene. No text, letters, labels, watermark, or unsafe content.",,Useful for vowel-team decoding/spelling.
lost,TRUE,FALSE,Medium,Grade 1,Simple CVCC short-vowel words,common decodable word; check picture/context for exact meaning,/media/vocabulary/images/lost.webp,,"Child-friendly early-reader illustration for ""lost"". Classroom meaning clue: common decodable word; check picture/context for exact meaning. Make the word visually clear as a simple object, action, attribute, or scene. No text, letters, labels, watermark, or unsafe content.",,Good for early blending and initial/final sound tasks.
lot,TRUE,FALSE,Medium,K-Grade 1,Short o CVC,common decodable word; check picture/context for exact meaning,/media/vocabulary/images/lot.webp,,"Child-friendly early-reader illustration for ""lot"". Classroom meaning clue: common decodable word; check picture/context for exact meaning. Make the word visually clear as a simple object, action, attribute, or scene. No text, letters, labels, watermark, or unsafe content.",,Good for early blending and initial/final sound tasks.
loud,TRUE,FALSE,Medium,Grade 1-2,Diphthongs ou / ow,describing word; tells what something is like,/media/vocabulary/images/loud.webp,,"Child-friendly early-reader illustration for ""loud"". Classroom meaning clue: describing word; tells what something is like. Make the word visually clear as a simple object, action, attribute, or scene. No text, letters, labels, watermark, or unsafe content.",,Useful for vowel-team decoding/spelling. Useful for advanced vowel sound work.
love,TRUE,FALSE,Medium,K-Grade 3 vocabulary,Common verbs K-3,action word; use in a simple sentence or picture prompt,/media/vocabulary/images/love.webp,,"Child-friendly early-reader illustration for ""love"". Classroom meaning clue: action word; use in a simple sentence or picture prompt. Make the word visually clear as a simple object, action, attribute, or scene. No text, letters, labels, watermark, or unsafe content.",,Good for early blending and initial/final sound tasks.
low,TRUE,FALSE,Medium,K-Grade 3 vocabulary,Long o patterns o_e / oa / ow / oe,describing word; tells what something is like,/media/vocabulary/images/low.webp,,"Child-friendly early-reader illustration for ""low"". Classroom meaning clue: describing word; tells what something is like. Make the word visually clear as a simple object, action, attribute, or scene. No text, letters, labels, watermark, or unsafe content.",,Useful for vowel-team decoding/spelling. Useful for advanced vowel sound work. Good for early blending and initial/final sound tasks.
loyal,TRUE,TRUE,Medium,Grade 1-2,Diphthongs oi / oy,common decodable word; check picture/context for exact meaning,/media/vocabulary/images/loyal.webp,/media/vocabulary/audio/loyal.mp3,"Child-friendly early-reader illustration for ""loyal"". Classroom meaning clue: common decodable word; check picture/context for exact meaning. Make the word visually clear as a simple object, action, attribute, or scene. No text, letters, labels, watermark, or unsafe content.","Record clean child-friendly audio saying only the word ""loyal"" once, natural pronunciation, no extra phrase, no music, no sound effects.",Useful for vowel-team decoding/spelling. Useful for advanced vowel sound work.
lunches,TRUE,TRUE,Medium-Low,,Inflections - plural / s / es,common decodable word; check picture/context for exact meaning,/media/vocabulary/images/lunches.webp,/media/vocabulary/audio/lunches.mp3,"Child-friendly early-reader illustration for ""lunches"". Classroom meaning clue: common decodable word; check picture/context for exact meaning. Make the word visually clear as a simple object, action, attribute, or scene. No text, letters, labels, watermark, or unsafe content.","Record clean child-friendly audio saying only the word ""lunches"" once, natural pronunciation, no extra phrase, no music, no sound effects.",7
mail,TRUE,FALSE,Medium,Grade 1-2,Long a vowel teams ai / ay / eigh,common decodable word; check picture/context for exact meaning,/media/vocabulary/images/mail.webp,,"Child-friendly early-reader illustration for ""mail"". Classroom meaning clue: common decodable word; check picture/context for exact meaning. Make the word visually clear as a simple object, action, attribute, or scene. No text, letters, labels, watermark, or unsafe content.",,Useful for vowel-team decoding/spelling.
main,TRUE,TRUE,Medium,Grade 1-2,Long a vowel teams ai / ay / eigh,common decodable word; check picture/context for exact meaning,/media/vocabulary/images/main.webp,/media/vocabulary/audio/main.mp3,"Child-friendly early-reader illustration for ""main"". Classroom meaning clue: common decodable word; check picture/context for exact meaning. Make the word visually clear as a simple object, action, attribute, or scene. No text, letters, labels, watermark, or unsafe content.","Record clean child-friendly audio saying only the word ""main"" once, natural pronunciation, no extra phrase, no music, no sound effects.",Useful for vowel-team decoding/spelling.
making,TRUE,FALSE,Medium-Low,Grade 2-3,Inflections - ing,common decodable word; check picture/context for exact meaning,/media/vocabulary/images/making.webp,,"Child-friendly early-reader illustration for ""making"". Classroom meaning clue: common decodable word; check picture/context for exact meaning. Make the word visually clear as a simple object, action, attribute, or scene. No text, letters, labels, watermark, or unsafe content.",,6
male,TRUE,TRUE,Medium,Grade 1-2,CVCe long a,common decodable word; check picture/context for exact meaning,/media/vocabulary/images/male.webp,/media/vocabulary/audio/male.mp3,"Child-friendly early-reader illustration for ""male"". Classroom meaning clue: common decodable word; check picture/context for exact meaning. Make the word visually clear as a simple object, action, attribute, or scene. No text, letters, labels, watermark, or unsafe content.","Record clean child-friendly audio saying only the word ""male"" once, natural pronunciation, no extra phrase, no music, no sound effects.",Good for early blending and initial/final sound tasks.
many,TRUE,FALSE,Medium,Grade 2-3,High-frequency regular and partly decodable K-3 words,describing word; tells what something is like,/media/vocabulary/images/many.webp,,"Child-friendly early-reader illustration for ""many"". Classroom meaning clue: describing word; tells what something is like. Make the word visually clear as a simple object, action, attribute, or scene. No text, letters, labels, watermark, or unsafe content.",,Do not use as image-only target unless meaning is concrete.
maps,TRUE,TRUE,Medium,,Inflections - plural / s / es,common decodable word; check picture/context for exact meaning,/media/vocabulary/images/maps.webp,/media/vocabulary/audio/maps.mp3,"Child-friendly early-reader illustration for ""maps"". Classroom meaning clue: common decodable word; check picture/context for exact meaning. Make the word visually clear as a simple object, action, attribute, or scene. No text, letters, labels, watermark, or unsafe content.","Record clean child-friendly audio saying only the word ""maps"" once, natural pronunciation, no extra phrase, no music, no sound effects.",Good for early blending and initial/final sound tasks.
march,TRUE,TRUE,Medium,,Consonant digraphs - ch,common decodable word; check picture/context for exact meaning,/media/vocabulary/images/march.webp,/media/vocabulary/audio/march.mp3,"Child-friendly early-reader illustration for ""march"". Classroom meaning clue: common decodable word; check picture/context for exact meaning. Make the word visually clear as a simple object, action, attribute, or scene. No text, letters, labels, watermark, or unsafe content.","Record clean child-friendly audio saying only the word ""march"" once, natural pronunciation, no extra phrase, no music, no sound effects.",Useful for r-controlled vowel sorting.
market,TRUE,TRUE,Medium-Low,,Simple two-syllable decodable words,common K-3 vocabulary word,/media/vocabulary/images/market.webp,/media/vocabulary/audio/market.mp3,"Child-friendly early-reader illustration for ""market"". Classroom meaning clue: common K-3 vocabulary word. Make the word visually clear as a simple object, action, attribute, or scene. No text, letters, labels, watermark, or unsafe content.","Record clean child-friendly audio saying only the word ""market"" once, natural pronunciation, no extra phrase, no music, no sound effects.",Useful for r-controlled vowel sorting.
mash,TRUE,TRUE,Medium,Grade 1,Consonant digraphs - sh,common decodable word; check picture/context for exact meaning,/media/vocabulary/images/mash.webp,/media/vocabulary/audio/mash.mp3,"Child-friendly early-reader illustration for ""mash"". Classroom meaning clue: common decodable word; check picture/context for exact meaning. Make the word visually clear as a simple object, action, attribute, or scene. No text, letters, labels, watermark, or unsafe content.","Record clean child-friendly audio saying only the word ""mash"" once, natural pronunciation, no extra phrase, no music, no sound effects.",Good for early blending and initial/final sound tasks.
math,TRUE,TRUE,Medium,Grade 1,Consonant digraphs - th / wh / ph,common decodable word; check picture/context for exact meaning,/media/vocabulary/images/math.webp,/media/vocabulary/audio/math.mp3,"Child-friendly early-reader illustration for ""math"". Classroom meaning clue: common decodable word; check picture/context for exact meaning. Make the word visually clear as a simple object, action, attribute, or scene. No text, letters, labels, watermark, or unsafe content.","Record clean child-friendly audio saying only the word ""math"" once, natural pronunciation, no extra phrase, no music, no sound effects.",Good for early blending and initial/final sound tasks.
maybe,TRUE,FALSE,Medium,Grade 2-3,Simple two-syllable decodable words,common K-3 vocabulary word,/media/vocabulary/images/maybe.webp,,"Child-friendly early-reader illustration for ""maybe"". Classroom meaning clue: common K-3 vocabulary word. Make the word visually clear as a simple object, action, attribute, or scene. No text, letters, labels, watermark, or unsafe content.",,Useful for vowel-team decoding/spelling.
mean,TRUE,TRUE,Medium,K-Grade 3 vocabulary,Common verbs K-3,action word; use in a simple sentence or picture prompt,/media/vocabulary/images/mean.webp,/media/vocabulary/audio/mean.mp3,"Child-friendly early-reader illustration for ""mean"". Classroom meaning clue: action word; use in a simple sentence or picture prompt. Make the word visually clear as a simple object, action, attribute, or scene. No text, letters, labels, watermark, or unsafe content.","Record clean child-friendly audio saying only the word ""mean"" once, natural pronunciation, no extra phrase, no music, no sound effects.",Useful for vowel-team decoding/spelling.
meet,TRUE,TRUE,Medium,Grade 1-2,Long e vowel teams ee / ea / ey / ie,action word; use in a simple sentence or picture prompt,/media/vocabulary/images/meet.webp,/media/vocabulary/audio/meet.mp3,"Child-friendly early-reader illustration for ""meet"". Classroom meaning clue: action word; use in a simple sentence or picture prompt. Make the word visually clear as a simple object, action, attribute, or scene. No text, letters, labels, watermark, or unsafe content.","Record clean child-friendly audio saying only the word ""meet"" once, natural pronunciation, no extra phrase, no music, no sound effects.",Useful for vowel-team decoding/spelling.
melt,TRUE,TRUE,Medium,Grade 1,Simple CVCC short-vowel words,common decodable word; check picture/context for exact meaning,/media/vocabulary/images/melt.webp,/media/vocabulary/audio/melt.mp3,"Child-friendly early-reader illustration for ""melt"". Classroom meaning clue: common decodable word; check picture/context for exact meaning. Make the word visually clear as a simple object, action, attribute, or scene. No text, letters, labels, watermark, or unsafe content.","Record clean child-friendly audio saying only the word ""melt"" once, natural pronunciation, no extra phrase, no music, no sound effects.",Good for early blending and initial/final sound tasks.
men,TRUE,TRUE,High,K-Grade 1,Short e CVC,more than one man,/media/vocabulary/images/men.webp,/media/vocabulary/audio/men.mp3,"Child-friendly early-reader illustration for ""men"". Classroom meaning clue: more than one man. Make the word visually clear as a simple object, action, attribute, or scene. No text, letters, labels, watermark, or unsafe content.","Record clean child-friendly audio saying only the word ""men"" once, natural pronunciation, no extra phrase, no music, no sound effects.",Good for early blending and initial/final sound tasks.
mend,TRUE,TRUE,Medium,Grade 1,Simple CVCC short-vowel words,common decodable word; check picture/context for exact meaning,/media/vocabulary/images/mend.webp,/media/vocabulary/audio/mend.mp3,"Child-friendly early-reader illustration for ""mend"". Classroom meaning clue: common decodable word; check picture/context for exact meaning. Make the word visually clear as a simple object, action, attribute, or scene. No text, letters, labels, watermark, or unsafe content.","Record clean child-friendly audio saying only the word ""mend"" once, natural pronunciation, no extra phrase, no music, no sound effects.",Good for early blending and initial/final sound tasks.
met,TRUE,FALSE,Medium,K-Grade 1,Short e CVC,common decodable word; check picture/context for exact meaning,/media/vocabulary/images/met.webp,,"Child-friendly early-reader illustration for ""met"". Classroom meaning clue: common decodable word; check picture/context for exact meaning. Make the word visually clear as a simple object, action, attribute, or scene. No text, letters, labels, watermark, or unsafe content.",,Good for early blending and initial/final sound tasks.
might,TRUE,FALSE,Medium,K-Grade 3 vocabulary,Long i patterns i_e / igh / y / ie,common K-3 vocabulary word,/media/vocabulary/images/might.webp,,"Child-friendly early-reader illustration for ""might"". Classroom meaning clue: common K-3 vocabulary word. Make the word visually clear as a simple object, action, attribute, or scene. No text, letters, labels, watermark, or unsafe content.",,Useful for vowel-team decoding/spelling.
mine,TRUE,FALSE,Low,Grade 1-2,CVCe long e / i / o / u,grammar/function word used to build sentences,/media/vocabulary/images/mine.webp,,"Child-friendly early-reader illustration for ""mine"". Classroom meaning clue: grammar/function word used to build sentences. Because this is abstract or function-word-like, use a simple situational context that suggests meaning without written words. No text, letters, labels, watermark, or unsafe content.",,Do not use as image-only target unless meaning is concrete. Good for early blending and initial/final sound tasks.
mist,TRUE,TRUE,Medium,Grade 1,Short vowel words with final blends,common decodable word; check picture/context for exact meaning,/media/vocabulary/images/mist.webp,/media/vocabulary/audio/mist.mp3,"Child-friendly early-reader illustration for ""mist"". Classroom meaning clue: common decodable word; check picture/context for exact meaning. Make the word visually clear as a simple object, action, attribute, or scene. No text, letters, labels, watermark, or unsafe content.","Record clean child-friendly audio saying only the word ""mist"" once, natural pronunciation, no extra phrase, no music, no sound effects.",Good for early blending and initial/final sound tasks.
mom,TRUE,TRUE,High,,Common early nouns - people and family,mother,/media/vocabulary/images/mom.webp,/media/vocabulary/audio/mom.mp3,"Child-friendly early-reader illustration for ""mom"". Classroom meaning clue: mother. Make the word visually clear as a simple object, action, attribute, or scene. No text, letters, labels, watermark, or unsafe content.","Record clean child-friendly audio saying only the word ""mom"" once, natural pronunciation, no extra phrase, no music, no sound effects.",Good for early blending and initial/final sound tasks.
money,TRUE,FALSE,Medium,Grade 1-2,Long e vowel teams ee / ea / ey / ie,common decodable word; check picture/context for exact meaning,/media/vocabulary/images/money.webp,,"Child-friendly early-reader illustration for ""money"". Classroom meaning clue: common decodable word; check picture/context for exact meaning. Make the word visually clear as a simple object, action, attribute, or scene. No text, letters, labels, watermark, or unsafe content.",,Useful for vowel-team decoding/spelling.
more,TRUE,FALSE,Medium,Grade 1-2,R-controlled or / ore / oar / our,describing word; tells what something is like,/media/vocabulary/images/more.webp,,"Child-friendly early-reader illustration for ""more"". Classroom meaning clue: describing word; tells what something is like. Make the word visually clear as a simple object, action, attribute, or scene. No text, letters, labels, watermark, or unsafe content.",,Do not use as image-only target unless meaning is concrete. Useful for r-controlled vowel sorting. Good for early blending and initial/final sound tasks.
morning,TRUE,FALSE,Medium-Low,,R-controlled or / ore / oar / our,common decodable word; check picture/context for exact meaning,/media/vocabulary/images/morning.webp,,"Child-friendly early-reader illustration for ""morning"". Classroom meaning clue: common decodable word; check picture/context for exact meaning. Make the word visually clear as a simple object, action, attribute, or scene. No text, letters, labels, watermark, or unsafe content.",,Useful for r-controlled vowel sorting.
most,TRUE,FALSE,Low,K-Grade 3 sight/fluency,Common function / grammar words K-3,grammar/function word used to build sentences,/media/vocabulary/images/most.webp,,"Child-friendly early-reader illustration for ""most"". Classroom meaning clue: grammar/function word used to build sentences. Because this is abstract or function-word-like, use a simple situational context that suggests meaning without written words. No text, letters, labels, watermark, or unsafe content.",,Do not use as image-only target unless meaning is concrete. Good for early blending and initial/final sound tasks.
mother,TRUE,TRUE,High,Grade 1-2,R-controlled er / ir / ur,female parent,/media/vocabulary/images/mother.webp,/media/vocabulary/audio/mother.mp3,"Child-friendly early-reader illustration for ""mother"". Classroom meaning clue: female parent. Make the word visually clear as a simple object, action, attribute, or scene. No text, letters, labels, watermark, or unsafe content.","Record clean child-friendly audio saying only the word ""mother"" once, natural pronunciation, no extra phrase, no music, no sound effects.",Useful for r-controlled vowel sorting.
mouth,TRUE,FALSE,High,Grade 1-2,Diphthongs ou / ow,body part used for speaking/eating,/media/vocabulary/images/mouth.webp,,"Child-friendly early-reader illustration for ""mouth"". Classroom meaning clue: body part used for speaking/eating. Make the word visually clear as a simple object, action, attribute, or scene. No text, letters, labels, watermark, or unsafe content.",,Useful for vowel-team decoding/spelling. Useful for advanced vowel sound work.
move,TRUE,FALSE,Medium,,Common verbs K-3,action word; use in a simple sentence or picture prompt,/media/vocabulary/images/move.webp,,"Child-friendly early-reader illustration for ""move"". Classroom meaning clue: action word; use in a simple sentence or picture prompt. Make the word visually clear as a simple object, action, attribute, or scene. No text, letters, labels, watermark, or unsafe content.",,Good for early blending and initial/final sound tasks.
mow,TRUE,TRUE,Medium,K-Grade 3 vocabulary,Long o patterns o_e / oa / ow / oe,common K-3 vocabulary word,/media/vocabulary/images/mow.webp,/media/vocabulary/audio/mow.mp3,"Child-friendly early-reader illustration for ""mow"". Classroom meaning clue: common K-3 vocabulary word. Make the word visually clear as a simple object, action, attribute, or scene. No text, letters, labels, watermark, or unsafe content.","Record clean child-friendly audio saying only the word ""mow"" once, natural pronunciation, no extra phrase, no music, no sound effects.",Useful for vowel-team decoding/spelling. Useful for advanced vowel sound work. Good for early blending and initial/final sound tasks.
much,TRUE,FALSE,Low,Grade 1,Consonant digraphs - ch,grammar/function word used to build sentences,/media/vocabulary/images/much.webp,,"Child-friendly early-reader illustration for ""much"". Classroom meaning clue: grammar/function word used to build sentences. Because this is abstract or function-word-like, use a simple situational context that suggests meaning without written words. No text, letters, labels, watermark, or unsafe content.",,Do not use as image-only target unless meaning is concrete. Good for early blending and initial/final sound tasks.
mum,TRUE,FALSE,High,K-Grade 3 vocabulary,Common early nouns - people and family,people/family word,/media/vocabulary/images/mum.webp,,"Child-friendly early-reader illustration for ""mum"". Classroom meaning clue: people/family word. Make the word visually clear as a simple object, action, attribute, or scene. No text, letters, labels, watermark, or unsafe content.",,Good for early blending and initial/final sound tasks.
music,TRUE,TRUE,Medium,,Simple two-syllable decodable words,common K-3 vocabulary word,/media/vocabulary/images/music.webp,/media/vocabulary/audio/music.mp3,"Child-friendly early-reader illustration for ""music"". Classroom meaning clue: common K-3 vocabulary word. Make the word visually clear as a simple object, action, attribute, or scene. No text, letters, labels, watermark, or unsafe content.","Record clean child-friendly audio saying only the word ""music"" once, natural pronunciation, no extra phrase, no music, no sound effects.",5
myself,TRUE,FALSE,Low,Grade 2-3,High-frequency regular and partly decodable K-3 words,common high-frequency word for reading fluency,/media/vocabulary/images/myself.webp,,"Child-friendly early-reader illustration for ""myself"". Classroom meaning clue: common high-frequency word for reading fluency. Because this is abstract or function-word-like, use a simple situational context that suggests meaning without written words. No text, letters, labels, watermark, or unsafe content.",,Do not use as image-only target unless meaning is concrete.
name,TRUE,FALSE,Medium,Grade 1-2,CVCe long a,common decodable word; check picture/context for exact meaning,/media/vocabulary/images/name.webp,,"Child-friendly early-reader illustration for ""name"". Classroom meaning clue: common decodable word; check picture/context for exact meaning. Make the word visually clear as a simple object, action, attribute, or scene. No text, letters, labels, watermark, or unsafe content.",,Good for early blending and initial/final sound tasks.
named,TRUE,TRUE,Medium,,Inflections - ed / er / est,common decodable word; check picture/context for exact meaning,/media/vocabulary/images/named.webp,/media/vocabulary/audio/named.mp3,"Child-friendly early-reader illustration for ""named"". Classroom meaning clue: common decodable word; check picture/context for exact meaning. Make the word visually clear as a simple object, action, attribute, or scene. No text, letters, labels, watermark, or unsafe content.","Record clean child-friendly audio saying only the word ""named"" once, natural pronunciation, no extra phrase, no music, no sound effects.",5
neat,TRUE,FALSE,Medium,Grade 1-2,Long e vowel teams ee / ea / ey / ie,common decodable word; check picture/context for exact meaning,/media/vocabulary/images/neat.webp,,"Child-friendly early-reader illustration for ""neat"". Classroom meaning clue: common decodable word; check picture/context for exact meaning. Make the word visually clear as a simple object, action, attribute, or scene. No text, letters, labels, watermark, or unsafe content.",,Useful for vowel-team decoding/spelling.
need,TRUE,FALSE,Medium,Grade 1-2,Long e vowel teams ee / ea / ey / ie,action word; use in a simple sentence or picture prompt,/media/vocabulary/images/need.webp,,"Child-friendly early-reader illustration for ""need"". Classroom meaning clue: action word; use in a simple sentence or picture prompt. Make the word visually clear as a simple object, action, attribute, or scene. No text, letters, labels, watermark, or unsafe content.",,Useful for vowel-team decoding/spelling.
needed,TRUE,FALSE,Medium-Low,,Inflections - ed / er / est,common decodable word; check picture/context for exact meaning,/media/vocabulary/images/needed.webp,,"Child-friendly early-reader illustration for ""needed"". Classroom meaning clue: common decodable word; check picture/context for exact meaning. Make the word visually clear as a simple object, action, attribute, or scene. No text, letters, labels, watermark, or unsafe content.",,Useful for vowel-team decoding/spelling.
neighbor,TRUE,TRUE,Medium-Low,,Long a vowel teams ai / ay / eigh,common decodable word; check picture/context for exact meaning,/media/vocabulary/images/neighbor.webp,/media/vocabulary/audio/neighbor.mp3,"Child-friendly early-reader illustration for ""neighbor"". Classroom meaning clue: common decodable word; check picture/context for exact meaning. Make the word visually clear as a simple object, action, attribute, or scene. No text, letters, labels, watermark, or unsafe content.","Record clean child-friendly audio saying only the word ""neighbor"" once, natural pronunciation, no extra phrase, no music, no sound effects.",Useful for r-controlled vowel sorting. Useful for vowel-team decoding/spelling.
never,TRUE,FALSE,Low,,High-frequency regular and partly decodable K-3 words,common high-frequency word for reading fluency,/media/vocabulary/images/never.webp,,"Child-friendly early-reader illustration for ""never"". Classroom meaning clue: common high-frequency word for reading fluency. Because this is abstract or function-word-like, use a simple situational context that suggests meaning without written words. No text, letters, labels, watermark, or unsafe content.",,Do not use as image-only target unless meaning is concrete. Useful for r-controlled vowel sorting.
nice,TRUE,FALSE,Medium,K-Grade 3 vocabulary,Common adjectives and describing words K-3,describing word; tells what something is like,/media/vocabulary/images/nice.webp,,"Child-friendly early-reader illustration for ""nice"". Classroom meaning clue: describing word; tells what something is like. Make the word visually clear as a simple object, action, attribute, or scene. No text, letters, labels, watermark, or unsafe content.",,Good for early blending and initial/final sound tasks.
nine,TRUE,FALSE,Medium,Grade 1-2,CVCe long e / i / o / u,number 9,/media/vocabulary/images/nine.webp,,"Child-friendly early-reader illustration for ""nine"". Classroom meaning clue: number 9. Make the word visually clear as a simple object, action, attribute, or scene. No text, letters, labels, watermark, or unsafe content.",,Good for early blending and initial/final sound tasks.
no,TRUE,FALSE,Low,K-Grade 1,VC / CV / very early words,grammar/function word used to build sentences,/media/vocabulary/images/no.webp,,"Child-friendly early-reader illustration for ""no"". Classroom meaning clue: grammar/function word used to build sentences. Because this is abstract or function-word-like, use a simple situational context that suggests meaning without written words. No text, letters, labels, watermark, or unsafe content.",,Do not use as image-only target unless meaning is concrete.
nod,TRUE,TRUE,Medium,K-Grade 1,Short o CVC,common decodable word; check picture/context for exact meaning,/media/vocabulary/images/nod.webp,/media/vocabulary/audio/nod.mp3,"Child-friendly early-reader illustration for ""nod"". Classroom meaning clue: common decodable word; check picture/context for exact meaning. Make the word visually clear as a simple object, action, attribute, or scene. No text, letters, labels, watermark, or unsafe content.","Record clean child-friendly audio saying only the word ""nod"" once, natural pronunciation, no extra phrase, no music, no sound effects.",Good for early blending and initial/final sound tasks.
noise,TRUE,FALSE,Medium,,Diphthongs oi / oy,common decodable word; check picture/context for exact meaning,/media/vocabulary/images/noise.webp,,"Child-friendly early-reader illustration for ""noise"". Classroom meaning clue: common decodable word; check picture/context for exact meaning. Make the word visually clear as a simple object, action, attribute, or scene. No text, letters, labels, watermark, or unsafe content.",,Useful for vowel-team decoding/spelling. Useful for advanced vowel sound work.
north,TRUE,FALSE,Medium,,R-controlled or / ore / oar / our,common decodable word; check picture/context for exact meaning,/media/vocabulary/images/north.webp,,"Child-friendly early-reader illustration for ""north"". Classroom meaning clue: common decodable word; check picture/context for exact meaning. Make the word visually clear as a simple object, action, attribute, or scene. No text, letters, labels, watermark, or unsafe content.",,Useful for r-controlled vowel sorting.
oar,TRUE,TRUE,Medium,Grade 1-2,R-controlled or / ore / oar / our,common decodable word; check picture/context for exact meaning,/media/vocabulary/images/oar.webp,/media/vocabulary/audio/oar.mp3,"Child-friendly early-reader illustration for ""oar"". Classroom meaning clue: common decodable word; check picture/context for exact meaning. Make the word visually clear as a simple object, action, attribute, or scene. No text, letters, labels, watermark, or unsafe content.","Record clean child-friendly audio saying only the word ""oar"" once, natural pronunciation, no extra phrase, no music, no sound effects.",Useful for r-controlled vowel sorting. Useful for vowel-team decoding/spelling.
odd,TRUE,TRUE,Medium,K-Grade 1,Short o CVC,common decodable word; check picture/context for exact meaning,/media/vocabulary/images/odd.webp,/media/vocabulary/audio/odd.mp3,"Child-friendly early-reader illustration for ""odd"". Classroom meaning clue: common decodable word; check picture/context for exact meaning. Make the word visually clear as a simple object, action, attribute, or scene. No text, letters, labels, watermark, or unsafe content.","Record clean child-friendly audio saying only the word ""odd"" once, natural pronunciation, no extra phrase, no music, no sound effects.",3
off,TRUE,FALSE,Low,,Common function / grammar words K-3,grammar/function word used to build sentences,/media/vocabulary/images/off.webp,,"Child-friendly early-reader illustration for ""off"". Classroom meaning clue: grammar/function word used to build sentences. Because this is abstract or function-word-like, use a simple situational context that suggests meaning without written words. No text, letters, labels, watermark, or unsafe content.",,Do not use as image-only target unless meaning is concrete.
oil,TRUE,TRUE,Medium,Grade 1-2,Diphthongs oi / oy,common decodable word; check picture/context for exact meaning,/media/vocabulary/images/oil.webp,/media/vocabulary/audio/oil.mp3,"Child-friendly early-reader illustration for ""oil"". Classroom meaning clue: common decodable word; check picture/context for exact meaning. Make the word visually clear as a simple object, action, attribute, or scene. No text, letters, labels, watermark, or unsafe content.","Record clean child-friendly audio saying only the word ""oil"" once, natural pronunciation, no extra phrase, no music, no sound effects.",Useful for vowel-team decoding/spelling. Useful for advanced vowel sound work.
or,TRUE,FALSE,Low,K-Grade 1,VC / CV / very early words,grammar/function word used to build sentences,/media/vocabulary/images/or.webp,,"Child-friendly early-reader illustration for ""or"". Classroom meaning clue: grammar/function word used to build sentences. Because this is abstract or function-word-like, use a simple situational context that suggests meaning without written words. No text, letters, labels, watermark, or unsafe content.",,Do not use as image-only target unless meaning is concrete. Useful for r-controlled vowel sorting.
ours,TRUE,TRUE,Low,,Common function / grammar words K-3,grammar/function word used to build sentences,/media/vocabulary/images/ours.webp,/media/vocabulary/audio/ours.mp3,"Child-friendly early-reader illustration for ""ours"". Classroom meaning clue: grammar/function word used to build sentences. Because this is abstract or function-word-like, use a simple situational context that suggests meaning without written words. No text, letters, labels, watermark, or unsafe content.","Record clean child-friendly audio saying only the word ""ours"" once, natural pronunciation, no extra phrase, no music, no sound effects.",Do not use as image-only target unless meaning is concrete. Useful for r-controlled vowel sorting. Useful for vowel-team decoding/spelling. Useful for advanced vowel sound work.
own,TRUE,FALSE,Low,K-Grade 3 sight/fluency,High-frequency regular and partly decodable K-3 words,grammar/function word used to build sentences,/media/vocabulary/images/own.webp,,"Child-friendly early-reader illustration for ""own"". Classroom meaning clue: grammar/function word used to build sentences. Because this is abstract or function-word-like, use a simple situational context that suggests meaning without written words. No text, letters, labels, watermark, or unsafe content.",,Do not use as image-only target unless meaning is concrete. Useful for vowel-team decoding/spelling. Useful for advanced vowel sound work.
page,TRUE,FALSE,High,,CVCe long a,home/school object or place,/media/vocabulary/images/page.webp,,"Child-friendly early-reader illustration for ""page"". Classroom meaning clue: home/school object or place. Make the word visually clear as a simple object, action, attribute, or scene. No text, letters, labels, watermark, or unsafe content.",,Good for early blending and initial/final sound tasks.
pain,TRUE,TRUE,Medium,Grade 1-2,Long a vowel teams ai / ay / eigh,common decodable word; check picture/context for exact meaning,/media/vocabulary/images/pain.webp,/media/vocabulary/audio/pain.mp3,"Child-friendly early-reader illustration for ""pain"". Classroom meaning clue: common decodable word; check picture/context for exact meaning. Make the word visually clear as a simple object, action, attribute, or scene. No text, letters, labels, watermark, or unsafe content.","Record clean child-friendly audio saying only the word ""pain"" once, natural pronunciation, no extra phrase, no music, no sound effects.",Useful for vowel-team decoding/spelling.
painted,TRUE,FALSE,Medium-Low,,Inflections - ed / er / est,common decodable word; check picture/context for exact meaning,/media/vocabulary/images/painted.webp,,"Child-friendly early-reader illustration for ""painted"". Classroom meaning clue: common decodable word; check picture/context for exact meaning. Make the word visually clear as a simple object, action, attribute, or scene. No text, letters, labels, watermark, or unsafe content.",,Useful for vowel-team decoding/spelling.
painting,TRUE,TRUE,Medium-Low,,Inflections - ing,common decodable word; check picture/context for exact meaning,/media/vocabulary/images/painting.webp,/media/vocabulary/audio/painting.mp3,"Child-friendly early-reader illustration for ""painting"". Classroom meaning clue: common decodable word; check picture/context for exact meaning. Make the word visually clear as a simple object, action, attribute, or scene. No text, letters, labels, watermark, or unsafe content.","Record clean child-friendly audio saying only the word ""painting"" once, natural pronunciation, no extra phrase, no music, no sound effects.",Useful for vowel-team decoding/spelling.
pair,TRUE,FALSE,Medium,K-Grade 3 vocabulary,Air / ear / eer / are patterns,common K-3 vocabulary word,/media/vocabulary/images/pair.webp,,"Child-friendly early-reader illustration for ""pair"". Classroom meaning clue: common K-3 vocabulary word. Make the word visually clear as a simple object, action, attribute, or scene. No text, letters, labels, watermark, or unsafe content.",,Useful for r-controlled vowel sorting. Useful for vowel-team decoding/spelling.
pale,TRUE,FALSE,Medium,Grade 1-2,CVCe long a,common decodable word; check picture/context for exact meaning,/media/vocabulary/images/pale.webp,,"Child-friendly early-reader illustration for ""pale"". Classroom meaning clue: common decodable word; check picture/context for exact meaning. Make the word visually clear as a simple object, action, attribute, or scene. No text, letters, labels, watermark, or unsafe content.",,Good for early blending and initial/final sound tasks.
pant,TRUE,TRUE,Medium,Grade 1,Short vowel words with final blends,common decodable word; check picture/context for exact meaning,/media/vocabulary/images/pant.webp,/media/vocabulary/audio/pant.mp3,"Child-friendly early-reader illustration for ""pant"". Classroom meaning clue: common decodable word; check picture/context for exact meaning. Make the word visually clear as a simple object, action, attribute, or scene. No text, letters, labels, watermark, or unsafe content.","Record clean child-friendly audio saying only the word ""pant"" once, natural pronunciation, no extra phrase, no music, no sound effects.",Good for early blending and initial/final sound tasks.
part,TRUE,FALSE,Medium,Grade 1-2,R-controlled ar,common decodable word; check picture/context for exact meaning,/media/vocabulary/images/part.webp,,"Child-friendly early-reader illustration for ""part"". Classroom meaning clue: common decodable word; check picture/context for exact meaning. Make the word visually clear as a simple object, action, attribute, or scene. No text, letters, labels, watermark, or unsafe content.",,Useful for r-controlled vowel sorting. Good for early blending and initial/final sound tasks.
pass,TRUE,TRUE,Medium,K-Grade 3 vocabulary,Common verbs K-3,action word; use in a simple sentence or picture prompt,/media/vocabulary/images/pass.webp,/media/vocabulary/audio/pass.mp3,"Child-friendly early-reader illustration for ""pass"". Classroom meaning clue: action word; use in a simple sentence or picture prompt. Make the word visually clear as a simple object, action, attribute, or scene. No text, letters, labels, watermark, or unsafe content.","Record clean child-friendly audio saying only the word ""pass"" once, natural pronunciation, no extra phrase, no music, no sound effects.",Good for early blending and initial/final sound tasks.
past,TRUE,FALSE,Low,Grade 1,Short vowel words with final blends,grammar/function word used to build sentences,/media/vocabulary/images/past.webp,,"Child-friendly early-reader illustration for ""past"". Classroom meaning clue: grammar/function word used to build sentences. Because this is abstract or function-word-like, use a simple situational context that suggests meaning without written words. No text, letters, labels, watermark, or unsafe content.",,Do not use as image-only target unless meaning is concrete. Good for early blending and initial/final sound tasks.
pat,TRUE,FALSE,Medium,K-Grade 1,Short a CVC,common decodable word; check picture/context for exact meaning,/media/vocabulary/images/pat.webp,,"Child-friendly early-reader illustration for ""pat"". Classroom meaning clue: common decodable word; check picture/context for exact meaning. Make the word visually clear as a simple object, action, attribute, or scene. No text, letters, labels, watermark, or unsafe content.",,Good for early blending and initial/final sound tasks.
paw,TRUE,FALSE,Medium,Grade 1-2,Au / aw / al / all,common K-3 vocabulary word,/media/vocabulary/images/paw.webp,,"Child-friendly early-reader illustration for ""paw"". Classroom meaning clue: common K-3 vocabulary word. Make the word visually clear as a simple object, action, attribute, or scene. No text, letters, labels, watermark, or unsafe content.",,Useful for vowel-team decoding/spelling. Good for early blending and initial/final sound tasks.
pay,TRUE,TRUE,Medium,Grade 1-2,Long a vowel teams ai / ay / eigh,common decodable word; check picture/context for exact meaning,/media/vocabulary/images/pay.webp,/media/vocabulary/audio/pay.mp3,"Child-friendly early-reader illustration for ""pay"". Classroom meaning clue: common decodable word; check picture/context for exact meaning. Make the word visually clear as a simple object, action, attribute, or scene. No text, letters, labels, watermark, or unsafe content.","Record clean child-friendly audio saying only the word ""pay"" once, natural pronunciation, no extra phrase, no music, no sound effects.",Useful for vowel-team decoding/spelling.
peel,TRUE,TRUE,Medium,Grade 1-2,Long e vowel teams ee / ea / ey / ie,common decodable word; check picture/context for exact meaning,/media/vocabulary/images/peel.webp,/media/vocabulary/audio/peel.mp3,"Child-friendly early-reader illustration for ""peel"". Classroom meaning clue: common decodable word; check picture/context for exact meaning. Make the word visually clear as a simple object, action, attribute, or scene. No text, letters, labels, watermark, or unsafe content.","Record clean child-friendly audio saying only the word ""peel"" once, natural pronunciation, no extra phrase, no music, no sound effects.",Useful for vowel-team decoding/spelling.
peer,TRUE,TRUE,Medium,K-Grade 3 vocabulary,Air / ear / eer / are patterns,common K-3 vocabulary word,/media/vocabulary/images/peer.webp,/media/vocabulary/audio/peer.mp3,"Child-friendly early-reader illustration for ""peer"". Classroom meaning clue: common K-3 vocabulary word. Make the word visually clear as a simple object, action, attribute, or scene. No text, letters, labels, watermark, or unsafe content.","Record clean child-friendly audio saying only the word ""peer"" once, natural pronunciation, no extra phrase, no music, no sound effects.",Useful for r-controlled vowel sorting. Useful for vowel-team decoding/spelling.
pens,TRUE,TRUE,Medium,Grade 2-3,Inflections - plural / s / es,common decodable word; check picture/context for exact meaning,/media/vocabulary/images/pens.webp,/media/vocabulary/audio/pens.mp3,"Child-friendly early-reader illustration for ""pens"". Classroom meaning clue: common decodable word; check picture/context for exact meaning. Make the word visually clear as a simple object, action, attribute, or scene. No text, letters, labels, watermark, or unsafe content.","Record clean child-friendly audio saying only the word ""pens"" once, natural pronunciation, no extra phrase, no music, no sound effects.",Good for early blending and initial/final sound tasks.
people,TRUE,FALSE,High,,Common early nouns - people and family,people/family word,/media/vocabulary/images/people.webp,,"Child-friendly early-reader illustration for ""people"". Classroom meaning clue: people/family word. Make the word visually clear as a simple object, action, attribute, or scene. No text, letters, labels, watermark, or unsafe content.",,6
person,TRUE,FALSE,High,,Common early nouns - people and family,people/family word,/media/vocabulary/images/person.webp,,"Child-friendly early-reader illustration for ""person"". Classroom meaning clue: people/family word. Make the word visually clear as a simple object, action, attribute, or scene. No text, letters, labels, watermark, or unsafe content.",,Useful for r-controlled vowel sorting.
picnic,TRUE,FALSE,Medium-Low,Grade 2-3,Simple two-syllable decodable words,common K-3 vocabulary word,/media/vocabulary/images/picnic.webp,,"Child-friendly early-reader illustration for ""picnic"". Classroom meaning clue: common K-3 vocabulary word. Make the word visually clear as a simple object, action, attribute, or scene. No text, letters, labels, watermark, or unsafe content.",,6
picture,TRUE,TRUE,High,,Common early nouns - home and school,home/school object or place,/media/vocabulary/images/picture.webp,/media/vocabulary/audio/picture.mp3,"Child-friendly early-reader illustration for ""picture"". Classroom meaning clue: home/school object or place. Make the word visually clear as a simple object, action, attribute, or scene. No text, letters, labels, watermark, or unsafe content.","Record clean child-friendly audio saying only the word ""picture"" once, natural pronunciation, no extra phrase, no music, no sound effects.",Useful for r-controlled vowel sorting.
piece,TRUE,FALSE,Medium,,Long e vowel teams ee / ea / ey / ie,common decodable word; check picture/context for exact meaning,/media/vocabulary/images/piece.webp,,"Child-friendly early-reader illustration for ""piece"". Classroom meaning clue: common decodable word; check picture/context for exact meaning. Make the word visually clear as a simple object, action, attribute, or scene. No text, letters, labels, watermark, or unsafe content.",,Useful for vowel-team decoding/spelling.
pigs,TRUE,TRUE,Medium,,Inflections - plural / s / es,common decodable word; check picture/context for exact meaning,/media/vocabulary/images/pigs.webp,/media/vocabulary/audio/pigs.mp3,"Child-friendly early-reader illustration for ""pigs"". Classroom meaning clue: common decodable word; check picture/context for exact meaning. Make the word visually clear as a simple object, action, attribute, or scene. No text, letters, labels, watermark, or unsafe content.","Record clean child-friendly audio saying only the word ""pigs"" once, natural pronunciation, no extra phrase, no music, no sound effects.",Good for early blending and initial/final sound tasks.
pinch,TRUE,TRUE,Medium,,Consonant digraphs - ch,common decodable word; check picture/context for exact meaning,/media/vocabulary/images/pinch.webp,/media/vocabulary/audio/pinch.mp3,"Child-friendly early-reader illustration for ""pinch"". Classroom meaning clue: common decodable word; check picture/context for exact meaning. Make the word visually clear as a simple object, action, attribute, or scene. No text, letters, labels, watermark, or unsafe content.","Record clean child-friendly audio saying only the word ""pinch"" once, natural pronunciation, no extra phrase, no music, no sound effects.",5
pink,TRUE,FALSE,Medium,Grade 1,Short vowel words with final blends,color word,/media/vocabulary/images/pink.webp,,"Child-friendly early-reader illustration for ""pink"". Classroom meaning clue: color word. Make the word visually clear as a simple object, action, attribute, or scene. No text, letters, labels, watermark, or unsafe content.",,Good for early blending and initial/final sound tasks.
pit,TRUE,TRUE,Medium,K-Grade 1,Short i CVC,common decodable word; check picture/context for exact meaning,/media/vocabulary/images/pit.webp,/media/vocabulary/audio/pit.mp3,"Child-friendly early-reader illustration for ""pit"". Classroom meaning clue: common decodable word; check picture/context for exact meaning. Make the word visually clear as a simple object, action, attribute, or scene. No text, letters, labels, watermark, or unsafe content.","Record clean child-friendly audio saying only the word ""pit"" once, natural pronunciation, no extra phrase, no music, no sound effects.",Good for early blending and initial/final sound tasks.
plain,TRUE,FALSE,Medium,Grade 1-2,Long a vowel teams ai / ay / eigh,common decodable word; check picture/context for exact meaning,/media/vocabulary/images/plain.webp,,"Child-friendly early-reader illustration for ""plain"". Classroom meaning clue: common decodable word; check picture/context for exact meaning. Make the word visually clear as a simple object, action, attribute, or scene. No text, letters, labels, watermark, or unsafe content.",,Useful for vowel-team decoding/spelling.
plan,TRUE,FALSE,Medium,Grade 1,Simple CCVC short-vowel words,common decodable word; check picture/context for exact meaning,/media/vocabulary/images/plan.webp,,"Child-friendly early-reader illustration for ""plan"". Classroom meaning clue: common decodable word; check picture/context for exact meaning. Make the word visually clear as a simple object, action, attribute, or scene. No text, letters, labels, watermark, or unsafe content.",,Good for early blending and initial/final sound tasks.
planet,TRUE,TRUE,Medium-Low,,Simple two-syllable decodable words,common K-3 vocabulary word,/media/vocabulary/images/planet.webp,/media/vocabulary/audio/planet.mp3,"Child-friendly early-reader illustration for ""planet"". Classroom meaning clue: common K-3 vocabulary word. Make the word visually clear as a simple object, action, attribute, or scene. No text, letters, labels, watermark, or unsafe content.","Record clean child-friendly audio saying only the word ""planet"" once, natural pronunciation, no extra phrase, no music, no sound effects.",6
planning,TRUE,TRUE,Medium-Low,,Inflections - ing,common decodable word; check picture/context for exact meaning,/media/vocabulary/images/planning.webp,/media/vocabulary/audio/planning.mp3,"Child-friendly early-reader illustration for ""planning"". Classroom meaning clue: common decodable word; check picture/context for exact meaning. Make the word visually clear as a simple object, action, attribute, or scene. No text, letters, labels, watermark, or unsafe content.","Record clean child-friendly audio saying only the word ""planning"" once, natural pronunciation, no extra phrase, no music, no sound effects.",8
played,TRUE,FALSE,Medium-Low,Grade 2-3,Inflections - ed / er / est,common decodable word; check picture/context for exact meaning,/media/vocabulary/images/played.webp,,"Child-friendly early-reader illustration for ""played"". Classroom meaning clue: common decodable word; check picture/context for exact meaning. Make the word visually clear as a simple object, action, attribute, or scene. No text, letters, labels, watermark, or unsafe content.",,Useful for vowel-team decoding/spelling.
playing,TRUE,FALSE,Medium-Low,Grade 2-3,Inflections - ing,common decodable word; check picture/context for exact meaning,/media/vocabulary/images/playing.webp,,"Child-friendly early-reader illustration for ""playing"". Classroom meaning clue: common decodable word; check picture/context for exact meaning. Make the word visually clear as a simple object, action, attribute, or scene. No text, letters, labels, watermark, or unsafe content.",,Useful for vowel-team decoding/spelling.
plus,TRUE,TRUE,Medium,Grade 1,Simple CCVC short-vowel words,common decodable word; check picture/context for exact meaning,/media/vocabulary/images/plus.webp,/media/vocabulary/audio/plus.mp3,"Child-friendly early-reader illustration for ""plus"". Classroom meaning clue: common decodable word; check picture/context for exact meaning. Make the word visually clear as a simple object, action, attribute, or scene. No text, letters, labels, watermark, or unsafe content.","Record clean child-friendly audio saying only the word ""plus"" once, natural pronunciation, no extra phrase, no music, no sound effects.",Good for early blending and initial/final sound tasks.
point,TRUE,FALSE,Medium,Grade 1-2,Diphthongs oi / oy,common decodable word; check picture/context for exact meaning,/media/vocabulary/images/point.webp,,"Child-friendly early-reader illustration for ""point"". Classroom meaning clue: common decodable word; check picture/context for exact meaning. Make the word visually clear as a simple object, action, attribute, or scene. No text, letters, labels, watermark, or unsafe content.",,Useful for vowel-team decoding/spelling. Useful for advanced vowel sound work.
pole,TRUE,TRUE,Medium,Grade 1-2,CVCe long e / i / o / u,common decodable word; check picture/context for exact meaning,/media/vocabulary/images/pole.webp,/media/vocabulary/audio/pole.mp3,"Child-friendly early-reader illustration for ""pole"". Classroom meaning clue: common decodable word; check picture/context for exact meaning. Make the word visually clear as a simple object, action, attribute, or scene. No text, letters, labels, watermark, or unsafe content.","Record clean child-friendly audio saying only the word ""pole"" once, natural pronunciation, no extra phrase, no music, no sound effects.",Good for early blending and initial/final sound tasks.
polish,TRUE,TRUE,Medium-Low,,Simple two-syllable decodable words,common K-3 vocabulary word,/media/vocabulary/images/polish.webp,/media/vocabulary/audio/polish.mp3,"Child-friendly early-reader illustration for ""polish"". Classroom meaning clue: common K-3 vocabulary word. Make the word visually clear as a simple object, action, attribute, or scene. No text, letters, labels, watermark, or unsafe content.","Record clean child-friendly audio saying only the word ""polish"" once, natural pronunciation, no extra phrase, no music, no sound effects.",6
pony,TRUE,TRUE,Medium,Grade 2-3,Simple two-syllable decodable words,common K-3 vocabulary word,/media/vocabulary/images/pony.webp,/media/vocabulary/audio/pony.mp3,"Child-friendly early-reader illustration for ""pony"". Classroom meaning clue: common K-3 vocabulary word. Make the word visually clear as a simple object, action, attribute, or scene. No text, letters, labels, watermark, or unsafe content.","Record clean child-friendly audio saying only the word ""pony"" once, natural pronunciation, no extra phrase, no music, no sound effects.",4
pool,TRUE,FALSE,Medium,K-Grade 3 vocabulary,Long u / oo / ew / ue,common K-3 vocabulary word,/media/vocabulary/images/pool.webp,,"Child-friendly early-reader illustration for ""pool"". Classroom meaning clue: common K-3 vocabulary word. Make the word visually clear as a simple object, action, attribute, or scene. No text, letters, labels, watermark, or unsafe content.",,Useful for vowel-team decoding/spelling.
poor,TRUE,TRUE,Medium,,R-controlled or / ore / oar / our,common decodable word; check picture/context for exact meaning,/media/vocabulary/images/poor.webp,/media/vocabulary/audio/poor.mp3,"Child-friendly early-reader illustration for ""poor"". Classroom meaning clue: common decodable word; check picture/context for exact meaning. Make the word visually clear as a simple object, action, attribute, or scene. No text, letters, labels, watermark, or unsafe content.","Record clean child-friendly audio saying only the word ""poor"" once, natural pronunciation, no extra phrase, no music, no sound effects.",Useful for r-controlled vowel sorting. Useful for vowel-team decoding/spelling.
pop,TRUE,FALSE,Medium,K-Grade 1,Short o CVC,common decodable word; check picture/context for exact meaning,/media/vocabulary/images/pop.webp,,"Child-friendly early-reader illustration for ""pop"". Classroom meaning clue: common decodable word; check picture/context for exact meaning. Make the word visually clear as a simple object, action, attribute, or scene. No text, letters, labels, watermark, or unsafe content.",,Good for early blending and initial/final sound tasks.
porch,TRUE,FALSE,Medium,Grade 1-2,R-controlled or / ore / oar / our,common decodable word; check picture/context for exact meaning,/media/vocabulary/images/porch.webp,,"Child-friendly early-reader illustration for ""porch"". Classroom meaning clue: common decodable word; check picture/context for exact meaning. Make the word visually clear as a simple object, action, attribute, or scene. No text, letters, labels, watermark, or unsafe content.",,Useful for r-controlled vowel sorting.
potato,TRUE,TRUE,High,Grade 2-3,Common early nouns - food,food word,/media/vocabulary/images/potato.webp,/media/vocabulary/audio/potato.mp3,"Child-friendly early-reader illustration for ""potato"". Classroom meaning clue: food word. Make the word visually clear as a simple object, action, attribute, or scene. No text, letters, labels, watermark, or unsafe content.","Record clean child-friendly audio saying only the word ""potato"" once, natural pronunciation, no extra phrase, no music, no sound effects.",6
pound,TRUE,TRUE,Medium,Grade 1-2,Diphthongs ou / ow,common decodable word; check picture/context for exact meaning,/media/vocabulary/images/pound.webp,/media/vocabulary/audio/pound.mp3,"Child-friendly early-reader illustration for ""pound"". Classroom meaning clue: common decodable word; check picture/context for exact meaning. Make the word visually clear as a simple object, action, attribute, or scene. No text, letters, labels, watermark, or unsafe content.","Record clean child-friendly audio saying only the word ""pound"" once, natural pronunciation, no extra phrase, no music, no sound effects.",Useful for vowel-team decoding/spelling. Useful for advanced vowel sound work.
pour,TRUE,TRUE,Medium,Grade 1-2,R-controlled or / ore / oar / our,common decodable word; check picture/context for exact meaning,/media/vocabulary/images/pour.webp,/media/vocabulary/audio/pour.mp3,"Child-friendly early-reader illustration for ""pour"". Classroom meaning clue: common decodable word; check picture/context for exact meaning. Make the word visually clear as a simple object, action, attribute, or scene. No text, letters, labels, watermark, or unsafe content.","Record clean child-friendly audio saying only the word ""pour"" once, natural pronunciation, no extra phrase, no music, no sound effects.",Useful for r-controlled vowel sorting. Useful for vowel-team decoding/spelling. Useful for advanced vowel sound work.
power,TRUE,TRUE,Medium,Grade 1-2,Diphthongs ou / ow,common decodable word; check picture/context for exact meaning,/media/vocabulary/images/power.webp,/media/vocabulary/audio/power.mp3,"Child-friendly early-reader illustration for ""power"". Classroom meaning clue: common decodable word; check picture/context for exact meaning. Make the word visually clear as a simple object, action, attribute, or scene. No text, letters, labels, watermark, or unsafe content.","Record clean child-friendly audio saying only the word ""power"" once, natural pronunciation, no extra phrase, no music, no sound effects.",Useful for r-controlled vowel sorting. Useful for vowel-team decoding/spelling. Useful for advanced vowel sound work.
pram,TRUE,TRUE,Medium,,Simple CCVC short-vowel words,common decodable word; check picture/context for exact meaning,/media/vocabulary/images/pram.webp,/media/vocabulary/audio/pram.mp3,"Child-friendly early-reader illustration for ""pram"". Classroom meaning clue: common decodable word; check picture/context for exact meaning. Make the word visually clear as a simple object, action, attribute, or scene. No text, letters, labels, watermark, or unsafe content.","Record clean child-friendly audio saying only the word ""pram"" once, natural pronunciation, no extra phrase, no music, no sound effects.",Good for early blending and initial/final sound tasks.
pray,TRUE,TRUE,Medium,Grade 1-2,Long a vowel teams ai / ay / eigh,common decodable word; check picture/context for exact meaning,/media/vocabulary/images/pray.webp,/media/vocabulary/audio/pray.mp3,"Child-friendly early-reader illustration for ""pray"". Classroom meaning clue: common decodable word; check picture/context for exact meaning. Make the word visually clear as a simple object, action, attribute, or scene. No text, letters, labels, watermark, or unsafe content.","Record clean child-friendly audio saying only the word ""pray"" once, natural pronunciation, no extra phrase, no music, no sound effects.",Useful for vowel-team decoding/spelling.
price,TRUE,FALSE,Medium,Grade 1,Common blends and clusters,common decodable word; check picture/context for exact meaning,/media/vocabulary/images/price.webp,,"Child-friendly early-reader illustration for ""price"". Classroom meaning clue: common decodable word; check picture/context for exact meaning. Make the word visually clear as a simple object, action, attribute, or scene. No text, letters, labels, watermark, or unsafe content.",,5
print,TRUE,FALSE,Medium,Grade 1,Common blends and clusters,common decodable word; check picture/context for exact meaning,/media/vocabulary/images/print.webp,,"Child-friendly early-reader illustration for ""print"". Classroom meaning clue: common decodable word; check picture/context for exact meaning. Make the word visually clear as a simple object, action, attribute, or scene. No text, letters, labels, watermark, or unsafe content.",,5
prop,TRUE,TRUE,Medium,Grade 1,Simple CCVC short-vowel words,common decodable word; check picture/context for exact meaning,/media/vocabulary/images/prop.webp,/media/vocabulary/audio/prop.mp3,"Child-friendly early-reader illustration for ""prop"". Classroom meaning clue: common decodable word; check picture/context for exact meaning. Make the word visually clear as a simple object, action, attribute, or scene. No text, letters, labels, watermark, or unsafe content.","Record clean child-friendly audio saying only the word ""prop"" once, natural pronunciation, no extra phrase, no music, no sound effects.",Good for early blending and initial/final sound tasks.
prune,TRUE,TRUE,Medium,Grade 1-2,CVCe long e / i / o / u,common decodable word; check picture/context for exact meaning,/media/vocabulary/images/prune.webp,/media/vocabulary/audio/prune.mp3,"Child-friendly early-reader illustration for ""prune"". Classroom meaning clue: common decodable word; check picture/context for exact meaning. Make the word visually clear as a simple object, action, attribute, or scene. No text, letters, labels, watermark, or unsafe content.","Record clean child-friendly audio saying only the word ""prune"" once, natural pronunciation, no extra phrase, no music, no sound effects.",5
pump,TRUE,TRUE,Medium,Grade 1,Simple CVCC short-vowel words,common decodable word; check picture/context for exact meaning,/media/vocabulary/images/pump.webp,/media/vocabulary/audio/pump.mp3,"Child-friendly early-reader illustration for ""pump"". Classroom meaning clue: common decodable word; check picture/context for exact meaning. Make the word visually clear as a simple object, action, attribute, or scene. No text, letters, labels, watermark, or unsafe content.","Record clean child-friendly audio saying only the word ""pump"" once, natural pronunciation, no extra phrase, no music, no sound effects.",Good for early blending and initial/final sound tasks.
pupil,TRUE,TRUE,Medium,,Simple two-syllable decodable words,common K-3 vocabulary word,/media/vocabulary/images/pupil.webp,/media/vocabulary/audio/pupil.mp3,"Child-friendly early-reader illustration for ""pupil"". Classroom meaning clue: common K-3 vocabulary word. Make the word visually clear as a simple object, action, attribute, or scene. No text, letters, labels, watermark, or unsafe content.","Record clean child-friendly audio saying only the word ""pupil"" once, natural pronunciation, no extra phrase, no music, no sound effects.",5
puppy,TRUE,TRUE,High,,Simple two-syllable decodable words,animal / creature word,/media/vocabulary/images/puppy.webp,/media/vocabulary/audio/puppy.mp3,"Child-friendly early-reader illustration for ""puppy"". Classroom meaning clue: animal / creature word. Make the word visually clear as a simple object, action, attribute, or scene. No text, letters, labels, watermark, or unsafe content.","Record clean child-friendly audio saying only the word ""puppy"" once, natural pronunciation, no extra phrase, no music, no sound effects.",5
purple,TRUE,FALSE,Medium,,R-controlled er / ir / ur,color word,/media/vocabulary/images/purple.webp,,"Child-friendly early-reader illustration for ""purple"". Classroom meaning clue: color word. Make the word visually clear as a simple object, action, attribute, or scene. No text, letters, labels, watermark, or unsafe content.",,Useful for r-controlled vowel sorting.
quite,TRUE,FALSE,Low,K-Grade 3 sight/fluency,Common function / grammar words K-3,grammar/function word used to build sentences,/media/vocabulary/images/quite.webp,,"Child-friendly early-reader illustration for ""quite"". Classroom meaning clue: grammar/function word used to build sentences. Because this is abstract or function-word-like, use a simple situational context that suggests meaning without written words. No text, letters, labels, watermark, or unsafe content.",,Do not use as image-only target unless meaning is concrete. Useful for vowel-team decoding/spelling.
rained,TRUE,FALSE,Medium-Low,,Inflections - ed / er / est,common decodable word; check picture/context for exact meaning,/media/vocabulary/images/rained.webp,,"Child-friendly early-reader illustration for ""rained"". Classroom meaning clue: common decodable word; check picture/context for exact meaning. Make the word visually clear as a simple object, action, attribute, or scene. No text, letters, labels, watermark, or unsafe content.",,Useful for vowel-team decoding/spelling.
raining,TRUE,TRUE,Medium-Low,,Inflections - ing,common decodable word; check picture/context for exact meaning,/media/vocabulary/images/raining.webp,/media/vocabulary/audio/raining.mp3,"Child-friendly early-reader illustration for ""raining"". Classroom meaning clue: common decodable word; check picture/context for exact meaning. Make the word visually clear as a simple object, action, attribute, or scene. No text, letters, labels, watermark, or unsafe content.","Record clean child-friendly audio saying only the word ""raining"" once, natural pronunciation, no extra phrase, no music, no sound effects.",Useful for vowel-team decoding/spelling.
ran,TRUE,FALSE,Low,K-Grade 1,Short a CVC,common high-frequency word for reading fluency,/media/vocabulary/images/ran.webp,,"Child-friendly early-reader illustration for ""ran"". Classroom meaning clue: common high-frequency word for reading fluency. Because this is abstract or function-word-like, use a simple situational context that suggests meaning without written words. No text, letters, labels, watermark, or unsafe content.",,Do not use as image-only target unless meaning is concrete. Good for early blending and initial/final sound tasks.
ranch,TRUE,TRUE,Medium,Grade 1,Consonant digraphs - ch,common decodable word; check picture/context for exact meaning,/media/vocabulary/images/ranch.webp,/media/vocabulary/audio/ranch.mp3,"Child-friendly early-reader illustration for ""ranch"". Classroom meaning clue: common decodable word; check picture/context for exact meaning. Make the word visually clear as a simple object, action, attribute, or scene. No text, letters, labels, watermark, or unsafe content.","Record clean child-friendly audio saying only the word ""ranch"" once, natural pronunciation, no extra phrase, no music, no sound effects.",5
rare,TRUE,TRUE,Medium,K-Grade 3 vocabulary,Air / ear / eer / are patterns,common K-3 vocabulary word,/media/vocabulary/images/rare.webp,/media/vocabulary/audio/rare.mp3,"Child-friendly early-reader illustration for ""rare"". Classroom meaning clue: common K-3 vocabulary word. Make the word visually clear as a simple object, action, attribute, or scene. No text, letters, labels, watermark, or unsafe content.","Record clean child-friendly audio saying only the word ""rare"" once, natural pronunciation, no extra phrase, no music, no sound effects.",Useful for r-controlled vowel sorting. Good for early blending and initial/final sound tasks.
raw,TRUE,TRUE,Medium,Grade 1-2,Au / aw / al / all,common K-3 vocabulary word,/media/vocabulary/images/raw.webp,/media/vocabulary/audio/raw.mp3,"Child-friendly early-reader illustration for ""raw"". Classroom meaning clue: common K-3 vocabulary word. Make the word visually clear as a simple object, action, attribute, or scene. No text, letters, labels, watermark, or unsafe content.","Record clean child-friendly audio saying only the word ""raw"" once, natural pronunciation, no extra phrase, no music, no sound effects.",Useful for vowel-team decoding/spelling. Good for early blending and initial/final sound tasks.
ray,TRUE,TRUE,Medium,Grade 1-2,Long a vowel teams ai / ay / eigh,common decodable word; check picture/context for exact meaning,/media/vocabulary/images/ray.webp,/media/vocabulary/audio/ray.mp3,"Child-friendly early-reader illustration for ""ray"". Classroom meaning clue: common decodable word; check picture/context for exact meaning. Make the word visually clear as a simple object, action, attribute, or scene. No text, letters, labels, watermark, or unsafe content.","Record clean child-friendly audio saying only the word ""ray"" once, natural pronunciation, no extra phrase, no music, no sound effects.",Useful for vowel-team decoding/spelling.
reach,TRUE,FALSE,Medium,Grade 1,Consonant digraphs - ch,common decodable word; check picture/context for exact meaning,/media/vocabulary/images/reach.webp,,"Child-friendly early-reader illustration for ""reach"". Classroom meaning clue: common decodable word; check picture/context for exact meaning. Make the word visually clear as a simple object, action, attribute, or scene. No text, letters, labels, watermark, or unsafe content.",,Useful for vowel-team decoding/spelling.
reading,TRUE,FALSE,Medium-Low,,Inflections - ing,common decodable word; check picture/context for exact meaning,/media/vocabulary/images/reading.webp,,"Child-friendly early-reader illustration for ""reading"". Classroom meaning clue: common decodable word; check picture/context for exact meaning. Make the word visually clear as a simple object, action, attribute, or scene. No text, letters, labels, watermark, or unsafe content.",,Useful for vowel-team decoding/spelling.
repair,TRUE,TRUE,Medium-Low,Grade 2-3,Air / ear / eer / are patterns,common K-3 vocabulary word,/media/vocabulary/images/repair.webp,/media/vocabulary/audio/repair.mp3,"Child-friendly early-reader illustration for ""repair"". Classroom meaning clue: common K-3 vocabulary word. Make the word visually clear as a simple object, action, attribute, or scene. No text, letters, labels, watermark, or unsafe content.","Record clean child-friendly audio saying only the word ""repair"" once, natural pronunciation, no extra phrase, no music, no sound effects.",Useful for r-controlled vowel sorting. Useful for vowel-team decoding/spelling.
rescue,TRUE,TRUE,Medium-Low,,Long u / oo / ew / ue,common K-3 vocabulary word,/media/vocabulary/images/rescue.webp,/media/vocabulary/audio/rescue.mp3,"Child-friendly early-reader illustration for ""rescue"". Classroom meaning clue: common K-3 vocabulary word. Make the word visually clear as a simple object, action, attribute, or scene. No text, letters, labels, watermark, or unsafe content.","Record clean child-friendly audio saying only the word ""rescue"" once, natural pronunciation, no extra phrase, no music, no sound effects.",Useful for vowel-team decoding/spelling.
rest,TRUE,FALSE,Medium,Grade 1,Simple CVCC short-vowel words,common decodable word; check picture/context for exact meaning,/media/vocabulary/images/rest.webp,,"Child-friendly early-reader illustration for ""rest"". Classroom meaning clue: common decodable word; check picture/context for exact meaning. Make the word visually clear as a simple object, action, attribute, or scene. No text, letters, labels, watermark, or unsafe content.",,Good for early blending and initial/final sound tasks.
rice,TRUE,TRUE,High,K-Grade 3 vocabulary,Common early nouns - food,food word,/media/vocabulary/images/rice.webp,/media/vocabulary/audio/rice.mp3,"Child-friendly early-reader illustration for ""rice"". Classroom meaning clue: food word. Make the word visually clear as a simple object, action, attribute, or scene. No text, letters, labels, watermark, or unsafe content.","Record clean child-friendly audio saying only the word ""rice"" once, natural pronunciation, no extra phrase, no music, no sound effects.",Good for early blending and initial/final sound tasks.
rich,TRUE,FALSE,Medium,Grade 1,Consonant digraphs - ch,common decodable word; check picture/context for exact meaning,/media/vocabulary/images/rich.webp,,"Child-friendly early-reader illustration for ""rich"". Classroom meaning clue: common decodable word; check picture/context for exact meaning. Make the word visually clear as a simple object, action, attribute, or scene. No text, letters, labels, watermark, or unsafe content.",,Good for early blending and initial/final sound tasks.
rid,TRUE,TRUE,Medium,K-Grade 1,Short i CVC,common decodable word; check picture/context for exact meaning,/media/vocabulary/images/rid.webp,/media/vocabulary/audio/rid.mp3,"Child-friendly early-reader illustration for ""rid"". Classroom meaning clue: common decodable word; check picture/context for exact meaning. Make the word visually clear as a simple object, action, attribute, or scene. No text, letters, labels, watermark, or unsafe content.","Record clean child-friendly audio saying only the word ""rid"" once, natural pronunciation, no extra phrase, no music, no sound effects.",Good for early blending and initial/final sound tasks.
riding,TRUE,FALSE,Medium-Low,Grade 2-3,Inflections - ing,common decodable word; check picture/context for exact meaning,/media/vocabulary/images/riding.webp,,"Child-friendly early-reader illustration for ""riding"". Classroom meaning clue: common decodable word; check picture/context for exact meaning. Make the word visually clear as a simple object, action, attribute, or scene. No text, letters, labels, watermark, or unsafe content.",,6
rig,TRUE,TRUE,Medium,K-Grade 1,Short i CVC,common decodable word; check picture/context for exact meaning,/media/vocabulary/images/rig.webp,/media/vocabulary/audio/rig.mp3,"Child-friendly early-reader illustration for ""rig"". Classroom meaning clue: common decodable word; check picture/context for exact meaning. Make the word visually clear as a simple object, action, attribute, or scene. No text, letters, labels, watermark, or unsafe content.","Record clean child-friendly audio saying only the word ""rig"" once, natural pronunciation, no extra phrase, no music, no sound effects.",Good for early blending and initial/final sound tasks.
right,TRUE,FALSE,Medium,K-Grade 3 sight/fluency,Long i patterns i_e / igh / y / ie,describing word; tells what something is like,/media/vocabulary/images/right.webp,,"Child-friendly early-reader illustration for ""right"". Classroom meaning clue: describing word; tells what something is like. Make the word visually clear as a simple object, action, attribute, or scene. No text, letters, labels, watermark, or unsafe content.",,Do not use as image-only target unless meaning is concrete. Useful for vowel-team decoding/spelling.
rim,TRUE,TRUE,Medium,K-Grade 1,Short i CVC,common decodable word; check picture/context for exact meaning,/media/vocabulary/images/rim.webp,/media/vocabulary/audio/rim.mp3,"Child-friendly early-reader illustration for ""rim"". Classroom meaning clue: common decodable word; check picture/context for exact meaning. Make the word visually clear as a simple object, action, attribute, or scene. No text, letters, labels, watermark, or unsafe content.","Record clean child-friendly audio saying only the word ""rim"" once, natural pronunciation, no extra phrase, no music, no sound effects.",Good for early blending and initial/final sound tasks.
rip,TRUE,TRUE,Medium,K-Grade 1,Short i CVC,common decodable word; check picture/context for exact meaning,/media/vocabulary/images/rip.webp,/media/vocabulary/audio/rip.mp3,"Child-friendly early-reader illustration for ""rip"". Classroom meaning clue: common decodable word; check picture/context for exact meaning. Make the word visually clear as a simple object, action, attribute, or scene. No text, letters, labels, watermark, or unsafe content.","Record clean child-friendly audio saying only the word ""rip"" once, natural pronunciation, no extra phrase, no music, no sound effects.",Good for early blending and initial/final sound tasks.
ripe,TRUE,FALSE,Medium,Grade 1-2,CVCe long e / i / o / u,common decodable word; check picture/context for exact meaning,/media/vocabulary/images/ripe.webp,,"Child-friendly early-reader illustration for ""ripe"". Classroom meaning clue: common decodable word; check picture/context for exact meaning. Make the word visually clear as a simple object, action, attribute, or scene. No text, letters, labels, watermark, or unsafe content.",,Good for early blending and initial/final sound tasks.
roam,TRUE,TRUE,Medium,K-Grade 3 vocabulary,Long o patterns o_e / oa / ow / oe,common K-3 vocabulary word,/media/vocabulary/images/roam.webp,/media/vocabulary/audio/roam.mp3,"Child-friendly early-reader illustration for ""roam"". Classroom meaning clue: common K-3 vocabulary word. Make the word visually clear as a simple object, action, attribute, or scene. No text, letters, labels, watermark, or unsafe content.","Record clean child-friendly audio saying only the word ""roam"" once, natural pronunciation, no extra phrase, no music, no sound effects.",Useful for vowel-team decoding/spelling.
roar,TRUE,FALSE,Medium,Grade 1-2,R-controlled or / ore / oar / our,common decodable word; check picture/context for exact meaning,/media/vocabulary/images/roar.webp,,"Child-friendly early-reader illustration for ""roar"". Classroom meaning clue: common decodable word; check picture/context for exact meaning. Make the word visually clear as a simple object, action, attribute, or scene. No text, letters, labels, watermark, or unsafe content.",,Useful for r-controlled vowel sorting. Useful for vowel-team decoding/spelling.
rob,TRUE,TRUE,Medium,K-Grade 1,Short o CVC,common decodable word; check picture/context for exact meaning,/media/vocabulary/images/rob.webp,/media/vocabulary/audio/rob.mp3,"Child-friendly early-reader illustration for ""rob"". Classroom meaning clue: common decodable word; check picture/context for exact meaning. Make the word visually clear as a simple object, action, attribute, or scene. No text, letters, labels, watermark, or unsafe content.","Record clean child-friendly audio saying only the word ""rob"" once, natural pronunciation, no extra phrase, no music, no sound effects.",Good for early blending and initial/final sound tasks.
rode,TRUE,FALSE,Medium,Grade 1-2,CVCe long e / i / o / u,common decodable word; check picture/context for exact meaning,/media/vocabulary/images/rode.webp,,"Child-friendly early-reader illustration for ""rode"". Classroom meaning clue: common decodable word; check picture/context for exact meaning. Make the word visually clear as a simple object, action, attribute, or scene. No text, letters, labels, watermark, or unsafe content.",,Good for early blending and initial/final sound tasks.
room,TRUE,FALSE,High,K-Grade 3 vocabulary,Long u / oo / ew / ue,home/school object or place,/media/vocabulary/images/room.webp,,"Child-friendly early-reader illustration for ""room"". Classroom meaning clue: home/school object or place. Make the word visually clear as a simple object, action, attribute, or scene. No text, letters, labels, watermark, or unsafe content.",,Useful for vowel-team decoding/spelling.
rot,TRUE,TRUE,Medium,K-Grade 1,Short o CVC,common decodable word; check picture/context for exact meaning,/media/vocabulary/images/rot.webp,/media/vocabulary/audio/rot.mp3,"Child-friendly early-reader illustration for ""rot"". Classroom meaning clue: common decodable word; check picture/context for exact meaning. Make the word visually clear as a simple object, action, attribute, or scene. No text, letters, labels, watermark, or unsafe content.","Record clean child-friendly audio saying only the word ""rot"" once, natural pronunciation, no extra phrase, no music, no sound effects.",Good for early blending and initial/final sound tasks.
row,TRUE,FALSE,Medium,K-Grade 3 vocabulary,Long o patterns o_e / oa / ow / oe,common K-3 vocabulary word,/media/vocabulary/images/row.webp,,"Child-friendly early-reader illustration for ""row"". Classroom meaning clue: common K-3 vocabulary word. Make the word visually clear as a simple object, action, attribute, or scene. No text, letters, labels, watermark, or unsafe content.",,Useful for vowel-team decoding/spelling. Useful for advanced vowel sound work. Good for early blending and initial/final sound tasks.
royal,TRUE,TRUE,Medium,Grade 1-2,Diphthongs oi / oy,common decodable word; check picture/context for exact meaning,/media/vocabulary/images/royal.webp,/media/vocabulary/audio/royal.mp3,"Child-friendly early-reader illustration for ""royal"". Classroom meaning clue: common decodable word; check picture/context for exact meaning. Make the word visually clear as a simple object, action, attribute, or scene. No text, letters, labels, watermark, or unsafe content.","Record clean child-friendly audio saying only the word ""royal"" once, natural pronunciation, no extra phrase, no music, no sound effects.",Useful for vowel-team decoding/spelling. Useful for advanced vowel sound work.
rule,TRUE,TRUE,Medium,Grade 1-2,CVCe long e / i / o / u,common decodable word; check picture/context for exact meaning,/media/vocabulary/images/rule.webp,/media/vocabulary/audio/rule.mp3,"Child-friendly early-reader illustration for ""rule"". Classroom meaning clue: common decodable word; check picture/context for exact meaning. Make the word visually clear as a simple object, action, attribute, or scene. No text, letters, labels, watermark, or unsafe content.","Record clean child-friendly audio saying only the word ""rule"" once, natural pronunciation, no extra phrase, no music, no sound effects.",Good for early blending and initial/final sound tasks.
running,TRUE,FALSE,Medium-Low,,Inflections - ing,common decodable word; check picture/context for exact meaning,/media/vocabulary/images/running.webp,,"Child-friendly early-reader illustration for ""running"". Classroom meaning clue: common decodable word; check picture/context for exact meaning. Make the word visually clear as a simple object, action, attribute, or scene. No text, letters, labels, watermark, or unsafe content.",,7
rush,TRUE,TRUE,Medium,Grade 1,Consonant digraphs - sh,common decodable word; check picture/context for exact meaning,/media/vocabulary/images/rush.webp,/media/vocabulary/audio/rush.mp3,"Child-friendly early-reader illustration for ""rush"". Classroom meaning clue: common decodable word; check picture/context for exact meaning. Make the word visually clear as a simple object, action, attribute, or scene. No text, letters, labels, watermark, or unsafe content.","Record clean child-friendly audio saying only the word ""rush"" once, natural pronunciation, no extra phrase, no music, no sound effects.",Good for early blending and initial/final sound tasks.
same,TRUE,FALSE,Medium,Grade 1-2,CVCe long a,describing word; tells what something is like,/media/vocabulary/images/same.webp,,"Child-friendly early-reader illustration for ""same"". Classroom meaning clue: describing word; tells what something is like. Make the word visually clear as a simple object, action, attribute, or scene. No text, letters, labels, watermark, or unsafe content.",,Do not use as image-only target unless meaning is concrete. Good for early blending and initial/final sound tasks.
sat,TRUE,FALSE,Medium,K-Grade 1,Short a CVC,common decodable word; check picture/context for exact meaning,/media/vocabulary/images/sat.webp,,"Child-friendly early-reader illustration for ""sat"". Classroom meaning clue: common decodable word; check picture/context for exact meaning. Make the word visually clear as a simple object, action, attribute, or scene. No text, letters, labels, watermark, or unsafe content.",,Good for early blending and initial/final sound tasks.
sauce,TRUE,TRUE,Medium,Grade 1-2,Au / aw / al / all,common K-3 vocabulary word,/media/vocabulary/images/sauce.webp,/media/vocabulary/audio/sauce.mp3,"Child-friendly early-reader illustration for ""sauce"". Classroom meaning clue: common K-3 vocabulary word. Make the word visually clear as a simple object, action, attribute, or scene. No text, letters, labels, watermark, or unsafe content.","Record clean child-friendly audio saying only the word ""sauce"" once, natural pronunciation, no extra phrase, no music, no sound effects.",Useful for vowel-team decoding/spelling.
save,TRUE,FALSE,Medium,Grade 1-2,CVCe long a,action word; use in a simple sentence or picture prompt,/media/vocabulary/images/save.webp,,"Child-friendly early-reader illustration for ""save"". Classroom meaning clue: action word; use in a simple sentence or picture prompt. Make the word visually clear as a simple object, action, attribute, or scene. No text, letters, labels, watermark, or unsafe content.",,Good for early blending and initial/final sound tasks.
say,TRUE,FALSE,Medium,Grade 1-2,Long a vowel teams ai / ay / eigh,action word; use in a simple sentence or picture prompt,/media/vocabulary/images/say.webp,,"Child-friendly early-reader illustration for ""say"". Classroom meaning clue: action word; use in a simple sentence or picture prompt. Make the word visually clear as a simple object, action, attribute, or scene. No text, letters, labels, watermark, or unsafe content.",,Do not use as image-only target unless meaning is concrete. Useful for vowel-team decoding/spelling.
scare,TRUE,FALSE,Medium,K-Grade 3 vocabulary,Air / ear / eer / are patterns,common K-3 vocabulary word,/media/vocabulary/images/scare.webp,,"Child-friendly early-reader illustration for ""scare"". Classroom meaning clue: common K-3 vocabulary word. Make the word visually clear as a simple object, action, attribute, or scene. No text, letters, labels, watermark, or unsafe content.",,Useful for r-controlled vowel sorting.
school,TRUE,FALSE,High,Grade 1,Long u / oo / ew / ue,place where children learn,/media/vocabulary/images/school.webp,,"Child-friendly early-reader illustration for ""school"". Classroom meaning clue: place where children learn. Make the word visually clear as a simple object, action, attribute, or scene. No text, letters, labels, watermark, or unsafe content.",,Useful for vowel-team decoding/spelling.
score,TRUE,FALSE,Medium,Grade 1-2,R-controlled or / ore / oar / our,common decodable word; check picture/context for exact meaning,/media/vocabulary/images/score.webp,,"Child-friendly early-reader illustration for ""score"". Classroom meaning clue: common decodable word; check picture/context for exact meaning. Make the word visually clear as a simple object, action, attribute, or scene. No text, letters, labels, watermark, or unsafe content.",,Useful for r-controlled vowel sorting.
scrape,TRUE,TRUE,Medium-Low,Grade 1,Common blends and clusters,common decodable word; check picture/context for exact meaning,/media/vocabulary/images/scrape.webp,/media/vocabulary/audio/scrape.mp3,"Child-friendly early-reader illustration for ""scrape"". Classroom meaning clue: common decodable word; check picture/context for exact meaning. Make the word visually clear as a simple object, action, attribute, or scene. No text, letters, labels, watermark, or unsafe content.","Record clean child-friendly audio saying only the word ""scrape"" once, natural pronunciation, no extra phrase, no music, no sound effects.",6
screw,FALSE,TRUE,Medium,Grade 1,Long u / oo / ew / ue,common decodable word; check picture/context for exact meaning,,/media/vocabulary/audio/screw.mp3,,"Record clean child-friendly audio saying only the word ""screw"" once, natural pronunciation, no extra phrase, no music, no sound effects.",Useful for vowel-team decoding/spelling.
seeing,TRUE,TRUE,Medium-Low,,Inflections - ing,common decodable word; check picture/context for exact meaning,/media/vocabulary/images/seeing.webp,/media/vocabulary/audio/seeing.mp3,"Child-friendly early-reader illustration for ""seeing"". Classroom meaning clue: common decodable word; check picture/context for exact meaning. Make the word visually clear as a simple object, action, attribute, or scene. No text, letters, labels, watermark, or unsafe content.","Record clean child-friendly audio saying only the word ""seeing"" once, natural pronunciation, no extra phrase, no music, no sound effects.",Useful for vowel-team decoding/spelling.
seem,TRUE,TRUE,Medium,Grade 1-2,Long e vowel teams ee / ea / ey / ie,common decodable word; check picture/context for exact meaning,/media/vocabulary/images/seem.webp,/media/vocabulary/audio/seem.mp3,"Child-friendly early-reader illustration for ""seem"". Classroom meaning clue: common decodable word; check picture/context for exact meaning. Make the word visually clear as a simple object, action, attribute, or scene. No text, letters, labels, watermark, or unsafe content.","Record clean child-friendly audio saying only the word ""seem"" once, natural pronunciation, no extra phrase, no music, no sound effects.",Useful for vowel-team decoding/spelling.
seen,TRUE,FALSE,Medium,Grade 1-2,Long e vowel teams ee / ea / ey / ie,common decodable word; check picture/context for exact meaning,/media/vocabulary/images/seen.webp,,"Child-friendly early-reader illustration for ""seen"". Classroom meaning clue: common decodable word; check picture/context for exact meaning. Make the word visually clear as a simple object, action, attribute, or scene. No text, letters, labels, watermark, or unsafe content.",,Useful for vowel-team decoding/spelling.
sell,TRUE,FALSE,Medium,K-Grade 3 vocabulary,Common verbs K-3,action word; use in a simple sentence or picture prompt,/media/vocabulary/images/sell.webp,,"Child-friendly early-reader illustration for ""sell"". Classroom meaning clue: action word; use in a simple sentence or picture prompt. Make the word visually clear as a simple object, action, attribute, or scene. No text, letters, labels, watermark, or unsafe content.",,Good for early blending and initial/final sound tasks.
send,TRUE,TRUE,Medium,Grade 1,Simple CVCC short-vowel words,action word; use in a simple sentence or picture prompt,/media/vocabulary/images/send.webp,/media/vocabulary/audio/send.mp3,"Child-friendly early-reader illustration for ""send"". Classroom meaning clue: action word; use in a simple sentence or picture prompt. Make the word visually clear as a simple object, action, attribute, or scene. No text, letters, labels, watermark, or unsafe content.","Record clean child-friendly audio saying only the word ""send"" once, natural pronunciation, no extra phrase, no music, no sound effects.",Good for early blending and initial/final sound tasks.
sent,TRUE,FALSE,Medium,Grade 1,Simple CVCC short-vowel words,common decodable word; check picture/context for exact meaning,/media/vocabulary/images/sent.webp,,"Child-friendly early-reader illustration for ""sent"". Classroom meaning clue: common decodable word; check picture/context for exact meaning. Make the word visually clear as a simple object, action, attribute, or scene. No text, letters, labels, watermark, or unsafe content.",,Good for early blending and initial/final sound tasks.
set,TRUE,FALSE,Medium,K-Grade 1,Short e CVC,action word; use in a simple sentence or picture prompt,/media/vocabulary/images/set.webp,,"Child-friendly early-reader illustration for ""set"". Classroom meaning clue: action word; use in a simple sentence or picture prompt. Make the word visually clear as a simple object, action, attribute, or scene. No text, letters, labels, watermark, or unsafe content.",,Good for early blending and initial/final sound tasks.
seven,TRUE,TRUE,Low,,Simple two-syllable decodable words,number 7,/media/vocabulary/images/seven.webp,/media/vocabulary/audio/seven.mp3,"Child-friendly early-reader illustration for ""seven"". Classroom meaning clue: number 7. Because this is abstract or function-word-like, use a simple situational context that suggests meaning without written words. No text, letters, labels, watermark, or unsafe content.","Record clean child-friendly audio saying only the word ""seven"" once, natural pronunciation, no extra phrase, no music, no sound effects.",Do not use as image-only target unless meaning is concrete.
shack,TRUE,TRUE,Medium,Grade 1,Consonant digraphs - sh,common decodable word; check picture/context for exact meaning,/media/vocabulary/images/shack.webp,/media/vocabulary/audio/shack.mp3,"Child-friendly early-reader illustration for ""shack"". Classroom meaning clue: common decodable word; check picture/context for exact meaning. Make the word visually clear as a simple object, action, attribute, or scene. No text, letters, labels, watermark, or unsafe content.","Record clean child-friendly audio saying only the word ""shack"" once, natural pronunciation, no extra phrase, no music, no sound effects.",5
shade,TRUE,TRUE,Medium,Grade 1,Consonant digraphs - sh,common decodable word; check picture/context for exact meaning,/media/vocabulary/images/shade.webp,/media/vocabulary/audio/shade.mp3,"Child-friendly early-reader illustration for ""shade"". Classroom meaning clue: common decodable word; check picture/context for exact meaning. Make the word visually clear as a simple object, action, attribute, or scene. No text, letters, labels, watermark, or unsafe content.","Record clean child-friendly audio saying only the word ""shade"" once, natural pronunciation, no extra phrase, no music, no sound effects.",5
shake,TRUE,TRUE,Medium,Grade 1-2,CVCe long a,common decodable word; check picture/context for exact meaning,/media/vocabulary/images/shake.webp,/media/vocabulary/audio/shake.mp3,"Child-friendly early-reader illustration for ""shake"". Classroom meaning clue: common decodable word; check picture/context for exact meaning. Make the word visually clear as a simple object, action, attribute, or scene. No text, letters, labels, watermark, or unsafe content.","Record clean child-friendly audio saying only the word ""shake"" once, natural pronunciation, no extra phrase, no music, no sound effects.",5
shall,TRUE,FALSE,Low,,Consonant digraphs - sh,common high-frequency word for reading fluency,/media/vocabulary/images/shall.webp,,"Child-friendly early-reader illustration for ""shall"". Classroom meaning clue: common high-frequency word for reading fluency. Because this is abstract or function-word-like, use a simple situational context that suggests meaning without written words. No text, letters, labels, watermark, or unsafe content.",,Do not use as image-only target unless meaning is concrete.
sham,TRUE,TRUE,Medium,Grade 1,Consonant digraphs - sh,common decodable word; check picture/context for exact meaning,/media/vocabulary/images/sham.webp,/media/vocabulary/audio/sham.mp3,"Child-friendly early-reader illustration for ""sham"". Classroom meaning clue: common decodable word; check picture/context for exact meaning. Make the word visually clear as a simple object, action, attribute, or scene. No text, letters, labels, watermark, or unsafe content.","Record clean child-friendly audio saying only the word ""sham"" once, natural pronunciation, no extra phrase, no music, no sound effects.",Good for early blending and initial/final sound tasks.
shape,TRUE,FALSE,Medium,Grade 1,Consonant digraphs - sh,common decodable word; check picture/context for exact meaning,/media/vocabulary/images/shape.webp,,"Child-friendly early-reader illustration for ""shape"". Classroom meaning clue: common decodable word; check picture/context for exact meaning. Make the word visually clear as a simple object, action, attribute, or scene. No text, letters, labels, watermark, or unsafe content.",,5
share,TRUE,FALSE,Medium,Grade 1,Consonant digraphs - sh,action word; use in a simple sentence or picture prompt,/media/vocabulary/images/share.webp,,"Child-friendly early-reader illustration for ""share"". Classroom meaning clue: action word; use in a simple sentence or picture prompt. Make the word visually clear as a simple object, action, attribute, or scene. No text, letters, labels, watermark, or unsafe content.",,Useful for r-controlled vowel sorting.
sharp,TRUE,FALSE,Medium,,R-controlled ar,common decodable word; check picture/context for exact meaning,/media/vocabulary/images/sharp.webp,,"Child-friendly early-reader illustration for ""sharp"". Classroom meaning clue: common decodable word; check picture/context for exact meaning. Make the word visually clear as a simple object, action, attribute, or scene. No text, letters, labels, watermark, or unsafe content.",,Useful for r-controlled vowel sorting.
shed,TRUE,FALSE,Medium,Grade 1,Consonant digraphs - sh,common decodable word; check picture/context for exact meaning,/media/vocabulary/images/shed.webp,,"Child-friendly early-reader illustration for ""shed"". Classroom meaning clue: common decodable word; check picture/context for exact meaning. Make the word visually clear as a simple object, action, attribute, or scene. No text, letters, labels, watermark, or unsafe content.",,Good for early blending and initial/final sound tasks.
sheet,TRUE,TRUE,Medium,Grade 1,Consonant digraphs - sh,common decodable word; check picture/context for exact meaning,/media/vocabulary/images/sheet.webp,/media/vocabulary/audio/sheet.mp3,"Child-friendly early-reader illustration for ""sheet"". Classroom meaning clue: common decodable word; check picture/context for exact meaning. Make the word visually clear as a simple object, action, attribute, or scene. No text, letters, labels, watermark, or unsafe content.","Record clean child-friendly audio saying only the word ""sheet"" once, natural pronunciation, no extra phrase, no music, no sound effects.",Useful for vowel-team decoding/spelling.
shiny,TRUE,FALSE,Medium,Grade 2-3,Simple two-syllable decodable words,common K-3 vocabulary word,/media/vocabulary/images/shiny.webp,,"Child-friendly early-reader illustration for ""shiny"". Classroom meaning clue: common K-3 vocabulary word. Make the word visually clear as a simple object, action, attribute, or scene. No text, letters, labels, watermark, or unsafe content.",,5
shook,TRUE,FALSE,Medium,K-Grade 3 vocabulary,Long u / oo / ew / ue,common K-3 vocabulary word,/media/vocabulary/images/shook.webp,,"Child-friendly early-reader illustration for ""shook"". Classroom meaning clue: common K-3 vocabulary word. Make the word visually clear as a simple object, action, attribute, or scene. No text, letters, labels, watermark, or unsafe content.",,Useful for vowel-team decoding/spelling.
shopping,TRUE,FALSE,Medium-Low,Grade 2-3,Inflections - ing,common decodable word; check picture/context for exact meaning,/media/vocabulary/images/shopping.webp,,"Child-friendly early-reader illustration for ""shopping"". Classroom meaning clue: common decodable word; check picture/context for exact meaning. Make the word visually clear as a simple object, action, attribute, or scene. No text, letters, labels, watermark, or unsafe content.",,8
shore,TRUE,FALSE,Medium,Grade 1,Consonant digraphs - sh,common decodable word; check picture/context for exact meaning,/media/vocabulary/images/shore.webp,,"Child-friendly early-reader illustration for ""shore"". Classroom meaning clue: common decodable word; check picture/context for exact meaning. Make the word visually clear as a simple object, action, attribute, or scene. No text, letters, labels, watermark, or unsafe content.",,Useful for r-controlled vowel sorting.
shorter,TRUE,TRUE,Medium-Low,,Inflections - ed / er / est,common decodable word; check picture/context for exact meaning,/media/vocabulary/images/shorter.webp,/media/vocabulary/audio/shorter.mp3,"Child-friendly early-reader illustration for ""shorter"". Classroom meaning clue: common decodable word; check picture/context for exact meaning. Make the word visually clear as a simple object, action, attribute, or scene. No text, letters, labels, watermark, or unsafe content.","Record clean child-friendly audio saying only the word ""shorter"" once, natural pronunciation, no extra phrase, no music, no sound effects.",Useful for r-controlled vowel sorting.
shot,TRUE,FALSE,Medium,Grade 1,Consonant digraphs - sh,common decodable word; check picture/context for exact meaning,/media/vocabulary/images/shot.webp,,"Child-friendly early-reader illustration for ""shot"". Classroom meaning clue: common decodable word; check picture/context for exact meaning. Make the word visually clear as a simple object, action, attribute, or scene. No text, letters, labels, watermark, or unsafe content.",,Good for early blending and initial/final sound tasks.
should,TRUE,FALSE,Low,K-Grade 3 sight/fluency,Common function / grammar words K-3,grammar/function word used to build sentences,/media/vocabulary/images/should.webp,,"Child-friendly early-reader illustration for ""should"". Classroom meaning clue: grammar/function word used to build sentences. Because this is abstract or function-word-like, use a simple situational context that suggests meaning without written words. No text, letters, labels, watermark, or unsafe content.",,Do not use as image-only target unless meaning is concrete. Useful for vowel-team decoding/spelling. Useful for advanced vowel sound work.
shout,TRUE,FALSE,Medium,Grade 1,Consonant digraphs - sh,common decodable word; check picture/context for exact meaning,/media/vocabulary/images/shout.webp,,"Child-friendly early-reader illustration for ""shout"". Classroom meaning clue: common decodable word; check picture/context for exact meaning. Make the word visually clear as a simple object, action, attribute, or scene. No text, letters, labels, watermark, or unsafe content.",,Useful for vowel-team decoding/spelling. Useful for advanced vowel sound work.
shouted,TRUE,FALSE,Medium-Low,,Inflections - ed / er / est,common decodable word; check picture/context for exact meaning,/media/vocabulary/images/shouted.webp,,"Child-friendly early-reader illustration for ""shouted"". Classroom meaning clue: common decodable word; check picture/context for exact meaning. Make the word visually clear as a simple object, action, attribute, or scene. No text, letters, labels, watermark, or unsafe content.",,Useful for vowel-team decoding/spelling. Useful for advanced vowel sound work.
show,TRUE,TRUE,Medium,Grade 1,Consonant digraphs - sh,action word; use in a simple sentence or picture prompt,/media/vocabulary/images/show.webp,/media/vocabulary/audio/show.mp3,"Child-friendly early-reader illustration for ""show"". Classroom meaning clue: action word; use in a simple sentence or picture prompt. Make the word visually clear as a simple object, action, attribute, or scene. No text, letters, labels, watermark, or unsafe content.","Record clean child-friendly audio saying only the word ""show"" once, natural pronunciation, no extra phrase, no music, no sound effects.",Do not use as image-only target unless meaning is concrete. Useful for vowel-team decoding/spelling. Useful for advanced vowel sound work. Good for early blending and initial/final sound tasks.
shower,TRUE,TRUE,Medium-Low,Grade 1,Consonant digraphs - sh,common decodable word; check picture/context for exact meaning,/media/vocabulary/images/shower.webp,/media/vocabulary/audio/shower.mp3,"Child-friendly early-reader illustration for ""shower"". Classroom meaning clue: common decodable word; check picture/context for exact meaning. Make the word visually clear as a simple object, action, attribute, or scene. No text, letters, labels, watermark, or unsafe content.","Record clean child-friendly audio saying only the word ""shower"" once, natural pronunciation, no extra phrase, no music, no sound effects.",Useful for r-controlled vowel sorting. Useful for vowel-team decoding/spelling. Useful for advanced vowel sound work.
shut,TRUE,FALSE,Medium,Grade 1,Consonant digraphs - sh,common decodable word; check picture/context for exact meaning,/media/vocabulary/images/shut.webp,,"Child-friendly early-reader illustration for ""shut"". Classroom meaning clue: common decodable word; check picture/context for exact meaning. Make the word visually clear as a simple object, action, attribute, or scene. No text, letters, labels, watermark, or unsafe content.",,Good for early blending and initial/final sound tasks.
shy,TRUE,FALSE,Medium,K-Grade 3 vocabulary,Long i patterns i_e / igh / y / ie,common K-3 vocabulary word,/media/vocabulary/images/shy.webp,,"Child-friendly early-reader illustration for ""shy"". Classroom meaning clue: common K-3 vocabulary word. Make the word visually clear as a simple object, action, attribute, or scene. No text, letters, labels, watermark, or unsafe content.",,3
side,TRUE,FALSE,Medium,Grade 1-2,CVCe long e / i / o / u,common decodable word; check picture/context for exact meaning,/media/vocabulary/images/side.webp,,"Child-friendly early-reader illustration for ""side"". Classroom meaning clue: common decodable word; check picture/context for exact meaning. Make the word visually clear as a simple object, action, attribute, or scene. No text, letters, labels, watermark, or unsafe content.",,Good for early blending and initial/final sound tasks.
sight,TRUE,FALSE,Medium,K-Grade 3 vocabulary,Long i patterns i_e / igh / y / ie,common K-3 vocabulary word,/media/vocabulary/images/sight.webp,,"Child-friendly early-reader illustration for ""sight"". Classroom meaning clue: common K-3 vocabulary word. Make the word visually clear as a simple object, action, attribute, or scene. No text, letters, labels, watermark, or unsafe content.",,Useful for vowel-team decoding/spelling.
since,TRUE,FALSE,Low,,Common function / grammar words K-3,grammar/function word used to build sentences,/media/vocabulary/images/since.webp,,"Child-friendly early-reader illustration for ""since"". Classroom meaning clue: grammar/function word used to build sentences. Because this is abstract or function-word-like, use a simple situational context that suggests meaning without written words. No text, letters, labels, watermark, or unsafe content.",,Do not use as image-only target unless meaning is concrete.
singing,TRUE,TRUE,Medium-Low,,Inflections - ing,common decodable word; check picture/context for exact meaning,/media/vocabulary/images/singing.webp,/media/vocabulary/audio/singing.mp3,"Child-friendly early-reader illustration for ""singing"". Classroom meaning clue: common decodable word; check picture/context for exact meaning. Make the word visually clear as a simple object, action, attribute, or scene. No text, letters, labels, watermark, or unsafe content.","Record clean child-friendly audio saying only the word ""singing"" once, natural pronunciation, no extra phrase, no music, no sound effects.",7
sink,TRUE,FALSE,Medium,Grade 1,Simple CVCC short-vowel words,common decodable word; check picture/context for exact meaning,/media/vocabulary/images/sink.webp,,"Child-friendly early-reader illustration for ""sink"". Classroom meaning clue: common decodable word; check picture/context for exact meaning. Make the word visually clear as a simple object, action, attribute, or scene. No text, letters, labels, watermark, or unsafe content.",,Good for early blending and initial/final sound tasks.
sir,TRUE,TRUE,Medium,Grade 1-2,R-controlled er / ir / ur,common decodable word; check picture/context for exact meaning,/media/vocabulary/images/sir.webp,/media/vocabulary/audio/sir.mp3,"Child-friendly early-reader illustration for ""sir"". Classroom meaning clue: common decodable word; check picture/context for exact meaning. Make the word visually clear as a simple object, action, attribute, or scene. No text, letters, labels, watermark, or unsafe content.","Record clean child-friendly audio saying only the word ""sir"" once, natural pronunciation, no extra phrase, no music, no sound effects.",Useful for r-controlled vowel sorting. Good for early blending and initial/final sound tasks.
sister,TRUE,TRUE,High,,R-controlled er / ir / ur,people/family word,/media/vocabulary/images/sister.webp,/media/vocabulary/audio/sister.mp3,"Child-friendly early-reader illustration for ""sister"". Classroom meaning clue: people/family word. Make the word visually clear as a simple object, action, attribute, or scene. No text, letters, labels, watermark, or unsafe content.","Record clean child-friendly audio saying only the word ""sister"" once, natural pronunciation, no extra phrase, no music, no sound effects.",Useful for r-controlled vowel sorting.
sitting,TRUE,FALSE,Medium-Low,,Inflections - ing,common decodable word; check picture/context for exact meaning,/media/vocabulary/images/sitting.webp,,"Child-friendly early-reader illustration for ""sitting"". Classroom meaning clue: common decodable word; check picture/context for exact meaning. Make the word visually clear as a simple object, action, attribute, or scene. No text, letters, labels, watermark, or unsafe content.",,7
six,TRUE,FALSE,Low,K-Grade 1,Short i CVC,number 6,/media/vocabulary/images/six.webp,,"Child-friendly early-reader illustration for ""six"". Classroom meaning clue: number 6. Because this is abstract or function-word-like, use a simple situational context that suggests meaning without written words. No text, letters, labels, watermark, or unsafe content.",,Do not use as image-only target unless meaning is concrete. Good for early blending and initial/final sound tasks.
size,TRUE,FALSE,Medium,Grade 1-2,CVCe long e / i / o / u,common decodable word; check picture/context for exact meaning,/media/vocabulary/images/size.webp,,"Child-friendly early-reader illustration for ""size"". Classroom meaning clue: common decodable word; check picture/context for exact meaning. Make the word visually clear as a simple object, action, attribute, or scene. No text, letters, labels, watermark, or unsafe content.",,Good for early blending and initial/final sound tasks.
skin,TRUE,FALSE,Medium,Grade 1,Simple CCVC short-vowel words,common decodable word; check picture/context for exact meaning,/media/vocabulary/images/skin.webp,,"Child-friendly early-reader illustration for ""skin"". Classroom meaning clue: common decodable word; check picture/context for exact meaning. Make the word visually clear as a simple object, action, attribute, or scene. No text, letters, labels, watermark, or unsafe content.",,Good for early blending and initial/final sound tasks.
skit,TRUE,TRUE,Medium,Grade 1,Simple CCVC short-vowel words,common decodable word; check picture/context for exact meaning,/media/vocabulary/images/skit.webp,/media/vocabulary/audio/skit.mp3,"Child-friendly early-reader illustration for ""skit"". Classroom meaning clue: common decodable word; check picture/context for exact meaning. Make the word visually clear as a simple object, action, attribute, or scene. No text, letters, labels, watermark, or unsafe content.","Record clean child-friendly audio saying only the word ""skit"" once, natural pronunciation, no extra phrase, no music, no sound effects.",Good for early blending and initial/final sound tasks.
skunk,TRUE,TRUE,High,,Common early nouns - animals,animal / creature word,/media/vocabulary/images/skunk.webp,/media/vocabulary/audio/skunk.mp3,"Child-friendly early-reader illustration for ""skunk"". Classroom meaning clue: animal / creature word. Make the word visually clear as a simple object, action, attribute, or scene. No text, letters, labels, watermark, or unsafe content.","Record clean child-friendly audio saying only the word ""skunk"" once, natural pronunciation, no extra phrase, no music, no sound effects.",5
slam,TRUE,TRUE,Medium,Grade 1,Simple CCVC short-vowel words,common decodable word; check picture/context for exact meaning,/media/vocabulary/images/slam.webp,/media/vocabulary/audio/slam.mp3,"Child-friendly early-reader illustration for ""slam"". Classroom meaning clue: common decodable word; check picture/context for exact meaning. Make the word visually clear as a simple object, action, attribute, or scene. No text, letters, labels, watermark, or unsafe content.","Record clean child-friendly audio saying only the word ""slam"" once, natural pronunciation, no extra phrase, no music, no sound effects.",Good for early blending and initial/final sound tasks.
sleeping,TRUE,FALSE,Medium-Low,,Inflections - ing,common decodable word; check picture/context for exact meaning,/media/vocabulary/images/sleeping.webp,,"Child-friendly early-reader illustration for ""sleeping"". Classroom meaning clue: common decodable word; check picture/context for exact meaning. Make the word visually clear as a simple object, action, attribute, or scene. No text, letters, labels, watermark, or unsafe content.",,Useful for vowel-team decoding/spelling.
slim,TRUE,TRUE,Medium,Grade 1,Simple CCVC short-vowel words,common decodable word; check picture/context for exact meaning,/media/vocabulary/images/slim.webp,/media/vocabulary/audio/slim.mp3,"Child-friendly early-reader illustration for ""slim"". Classroom meaning clue: common decodable word; check picture/context for exact meaning. Make the word visually clear as a simple object, action, attribute, or scene. No text, letters, labels, watermark, or unsafe content.","Record clean child-friendly audio saying only the word ""slim"" once, natural pronunciation, no extra phrase, no music, no sound effects.",Good for early blending and initial/final sound tasks.
slip,TRUE,TRUE,Medium,Grade 1,Simple CCVC short-vowel words,common decodable word; check picture/context for exact meaning,/media/vocabulary/images/slip.webp,/media/vocabulary/audio/slip.mp3,"Child-friendly early-reader illustration for ""slip"". Classroom meaning clue: common decodable word; check picture/context for exact meaning. Make the word visually clear as a simple object, action, attribute, or scene. No text, letters, labels, watermark, or unsafe content.","Record clean child-friendly audio saying only the word ""slip"" once, natural pronunciation, no extra phrase, no music, no sound effects.",Good for early blending and initial/final sound tasks.
slot,TRUE,FALSE,Medium,Grade 1,Simple CCVC short-vowel words,common decodable word; check picture/context for exact meaning,/media/vocabulary/images/slot.webp,,"Child-friendly early-reader illustration for ""slot"". Classroom meaning clue: common decodable word; check picture/context for exact meaning. Make the word visually clear as a simple object, action, attribute, or scene. No text, letters, labels, watermark, or unsafe content.",,Good for early blending and initial/final sound tasks.
slower,TRUE,TRUE,Medium-Low,,Inflections - ed / er / est,common decodable word; check picture/context for exact meaning,/media/vocabulary/images/slower.webp,/media/vocabulary/audio/slower.mp3,"Child-friendly early-reader illustration for ""slower"". Classroom meaning clue: common decodable word; check picture/context for exact meaning. Make the word visually clear as a simple object, action, attribute, or scene. No text, letters, labels, watermark, or unsafe content.","Record clean child-friendly audio saying only the word ""slower"" once, natural pronunciation, no extra phrase, no music, no sound effects.",Useful for r-controlled vowel sorting. Useful for vowel-team decoding/spelling. Useful for advanced vowel sound work.
slug,TRUE,TRUE,Medium,Grade 1,Simple CCVC short-vowel words,common decodable word; check picture/context for exact meaning,/media/vocabulary/images/slug.webp,/media/vocabulary/audio/slug.mp3,"Child-friendly early-reader illustration for ""slug"". Classroom meaning clue: common decodable word; check picture/context for exact meaning. Make the word visually clear as a simple object, action, attribute, or scene. No text, letters, labels, watermark, or unsafe content.","Record clean child-friendly audio saying only the word ""slug"" once, natural pronunciation, no extra phrase, no music, no sound effects.",Good for early blending and initial/final sound tasks.
smaller,TRUE,FALSE,Medium-Low,Grade 2-3,Inflections - ed / er / est,common decodable word; check picture/context for exact meaning,/media/vocabulary/images/smaller.webp,,"Child-friendly early-reader illustration for ""smaller"". Classroom meaning clue: common decodable word; check picture/context for exact meaning. Make the word visually clear as a simple object, action, attribute, or scene. No text, letters, labels, watermark, or unsafe content.",,Useful for r-controlled vowel sorting.
smart,TRUE,TRUE,Medium,Grade 1,R-controlled ar,common decodable word; check picture/context for exact meaning,/media/vocabulary/images/smart.webp,/media/vocabulary/audio/smart.mp3,"Child-friendly early-reader illustration for ""smart"". Classroom meaning clue: common decodable word; check picture/context for exact meaning. Make the word visually clear as a simple object, action, attribute, or scene. No text, letters, labels, watermark, or unsafe content.","Record clean child-friendly audio saying only the word ""smart"" once, natural pronunciation, no extra phrase, no music, no sound effects.",Useful for r-controlled vowel sorting.
smiled,TRUE,FALSE,Medium-Low,Grade 2-3,Inflections - ed / er / est,common decodable word; check picture/context for exact meaning,/media/vocabulary/images/smiled.webp,,"Child-friendly early-reader illustration for ""smiled"". Classroom meaning clue: common decodable word; check picture/context for exact meaning. Make the word visually clear as a simple object, action, attribute, or scene. No text, letters, labels, watermark, or unsafe content.",,6
smiling,TRUE,FALSE,Medium-Low,,Inflections - ing,common decodable word; check picture/context for exact meaning,/media/vocabulary/images/smiling.webp,,"Child-friendly early-reader illustration for ""smiling"". Classroom meaning clue: common decodable word; check picture/context for exact meaning. Make the word visually clear as a simple object, action, attribute, or scene. No text, letters, labels, watermark, or unsafe content.",,7
smog,TRUE,TRUE,Medium,Grade 1,Simple CCVC short-vowel words,common decodable word; check picture/context for exact meaning,/media/vocabulary/images/smog.webp,/media/vocabulary/audio/smog.mp3,"Child-friendly early-reader illustration for ""smog"". Classroom meaning clue: common decodable word; check picture/context for exact meaning. Make the word visually clear as a simple object, action, attribute, or scene. No text, letters, labels, watermark, or unsafe content.","Record clean child-friendly audio saying only the word ""smog"" once, natural pronunciation, no extra phrase, no music, no sound effects.",Good for early blending and initial/final sound tasks.
smoke,TRUE,TRUE,Medium,Grade 1,CVCe long e / i / o / u,common decodable word; check picture/context for exact meaning,/media/vocabulary/images/smoke.webp,/media/vocabulary/audio/smoke.mp3,"Child-friendly early-reader illustration for ""smoke"". Classroom meaning clue: common decodable word; check picture/context for exact meaning. Make the word visually clear as a simple object, action, attribute, or scene. No text, letters, labels, watermark, or unsafe content.","Record clean child-friendly audio saying only the word ""smoke"" once, natural pronunciation, no extra phrase, no music, no sound effects.",5
smooth,TRUE,FALSE,Medium-Low,,Long u / oo / ew / ue,common K-3 vocabulary word,/media/vocabulary/images/smooth.webp,,"Child-friendly early-reader illustration for ""smooth"". Classroom meaning clue: common K-3 vocabulary word. Make the word visually clear as a simple object, action, attribute, or scene. No text, letters, labels, watermark, or unsafe content.",,Useful for vowel-team decoding/spelling.
snack,TRUE,TRUE,Medium,Grade 1,Common blends and clusters,common decodable word; check picture/context for exact meaning,/media/vocabulary/images/snack.webp,/media/vocabulary/audio/snack.mp3,"Child-friendly early-reader illustration for ""snack"". Classroom meaning clue: common decodable word; check picture/context for exact meaning. Make the word visually clear as a simple object, action, attribute, or scene. No text, letters, labels, watermark, or unsafe content.","Record clean child-friendly audio saying only the word ""snack"" once, natural pronunciation, no extra phrase, no music, no sound effects.",5
snore,TRUE,TRUE,Medium,Grade 1-2,R-controlled or / ore / oar / our,common decodable word; check picture/context for exact meaning,/media/vocabulary/images/snore.webp,/media/vocabulary/audio/snore.mp3,"Child-friendly early-reader illustration for ""snore"". Classroom meaning clue: common decodable word; check picture/context for exact meaning. Make the word visually clear as a simple object, action, attribute, or scene. No text, letters, labels, watermark, or unsafe content.","Record clean child-friendly audio saying only the word ""snore"" once, natural pronunciation, no extra phrase, no music, no sound effects.",Useful for r-controlled vowel sorting.
snug,TRUE,TRUE,Medium,Grade 1,Simple CCVC short-vowel words,common decodable word; check picture/context for exact meaning,/media/vocabulary/images/snug.webp,/media/vocabulary/audio/snug.mp3,"Child-friendly early-reader illustration for ""snug"". Classroom meaning clue: common decodable word; check picture/context for exact meaning. Make the word visually clear as a simple object, action, attribute, or scene. No text, letters, labels, watermark, or unsafe content.","Record clean child-friendly audio saying only the word ""snug"" once, natural pronunciation, no extra phrase, no music, no sound effects.",Good for early blending and initial/final sound tasks.
so,TRUE,FALSE,Low,K-Grade 1,VC / CV / very early words,grammar/function word used to build sentences,/media/vocabulary/images/so.webp,,"Child-friendly early-reader illustration for ""so"". Classroom meaning clue: grammar/function word used to build sentences. Because this is abstract or function-word-like, use a simple situational context that suggests meaning without written words. No text, letters, labels, watermark, or unsafe content.",,Do not use as image-only target unless meaning is concrete.
soar,TRUE,TRUE,Medium,Grade 1-2,R-controlled or / ore / oar / our,common decodable word; check picture/context for exact meaning,/media/vocabulary/images/soar.webp,/media/vocabulary/audio/soar.mp3,"Child-friendly early-reader illustration for ""soar"". Classroom meaning clue: common decodable word; check picture/context for exact meaning. Make the word visually clear as a simple object, action, attribute, or scene. No text, letters, labels, watermark, or unsafe content.","Record clean child-friendly audio saying only the word ""soar"" once, natural pronunciation, no extra phrase, no music, no sound effects.",Useful for r-controlled vowel sorting. Useful for vowel-team decoding/spelling.
sob,TRUE,TRUE,Medium,K-Grade 1,Short o CVC,common decodable word; check picture/context for exact meaning,/media/vocabulary/images/sob.webp,/media/vocabulary/audio/sob.mp3,"Child-friendly early-reader illustration for ""sob"". Classroom meaning clue: common decodable word; check picture/context for exact meaning. Make the word visually clear as a simple object, action, attribute, or scene. No text, letters, labels, watermark, or unsafe content.","Record clean child-friendly audio saying only the word ""sob"" once, natural pronunciation, no extra phrase, no music, no sound effects.",Good for early blending and initial/final sound tasks.
sole,TRUE,TRUE,Medium,Grade 1-2,CVCe long e / i / o / u,common decodable word; check picture/context for exact meaning,/media/vocabulary/images/sole.webp,/media/vocabulary/audio/sole.mp3,"Child-friendly early-reader illustration for ""sole"". Classroom meaning clue: common decodable word; check picture/context for exact meaning. Make the word visually clear as a simple object, action, attribute, or scene. No text, letters, labels, watermark, or unsafe content.","Record clean child-friendly audio saying only the word ""sole"" once, natural pronunciation, no extra phrase, no music, no sound effects.",Good for early blending and initial/final sound tasks.
song,FALSE,TRUE,Medium,Grade 1,Simple CVCC short-vowel words,common decodable word; check picture/context for exact meaning,,/media/vocabulary/audio/song.mp3,,"Record clean child-friendly audio saying only the word ""song"" once, natural pronunciation, no extra phrase, no music, no sound effects.",Good for early blending and initial/final sound tasks.
soon,TRUE,FALSE,Low,K-Grade 3 sight/fluency,Long u / oo / ew / ue,common high-frequency word for reading fluency,/media/vocabulary/images/soon.webp,,"Child-friendly early-reader illustration for ""soon"". Classroom meaning clue: common high-frequency word for reading fluency. Because this is abstract or function-word-like, use a simple situational context that suggests meaning without written words. No text, letters, labels, watermark, or unsafe content.",,Do not use as image-only target unless meaning is concrete. Useful for vowel-team decoding/spelling.
sort,TRUE,TRUE,Medium,Grade 1-2,R-controlled or / ore / oar / our,common decodable word; check picture/context for exact meaning,/media/vocabulary/images/sort.webp,/media/vocabulary/audio/sort.mp3,"Child-friendly early-reader illustration for ""sort"". Classroom meaning clue: common decodable word; check picture/context for exact meaning. Make the word visually clear as a simple object, action, attribute, or scene. No text, letters, labels, watermark, or unsafe content.","Record clean child-friendly audio saying only the word ""sort"" once, natural pronunciation, no extra phrase, no music, no sound effects.",Useful for r-controlled vowel sorting. Good for early blending and initial/final sound tasks.
sound,TRUE,FALSE,Medium,Grade 1-2,Diphthongs ou / ow,common decodable word; check picture/context for exact meaning,/media/vocabulary/images/sound.webp,,"Child-friendly early-reader illustration for ""sound"". Classroom meaning clue: common decodable word; check picture/context for exact meaning. Make the word visually clear as a simple object, action, attribute, or scene. No text, letters, labels, watermark, or unsafe content.",,Useful for vowel-team decoding/spelling. Useful for advanced vowel sound work.
soup,TRUE,FALSE,High,,Common early nouns - food,food word,/media/vocabulary/images/soup.webp,,"Child-friendly early-reader illustration for ""soup"". Classroom meaning clue: food word. Make the word visually clear as a simple object, action, attribute, or scene. No text, letters, labels, watermark, or unsafe content.",,Useful for vowel-team decoding/spelling. Useful for advanced vowel sound work.
sour,TRUE,TRUE,Medium,Grade 2-3,Common adjectives and describing words K-3,describing word; tells what something is like,/media/vocabulary/images/sour.webp,/media/vocabulary/audio/sour.mp3,"Child-friendly early-reader illustration for ""sour"". Classroom meaning clue: describing word; tells what something is like. Make the word visually clear as a simple object, action, attribute, or scene. No text, letters, labels, watermark, or unsafe content.","Record clean child-friendly audio saying only the word ""sour"" once, natural pronunciation, no extra phrase, no music, no sound effects.",Useful for r-controlled vowel sorting. Useful for vowel-team decoding/spelling. Useful for advanced vowel sound work.
south,TRUE,FALSE,Medium,Grade 1-2,Diphthongs ou / ow,common decodable word; check picture/context for exact meaning,/media/vocabulary/images/south.webp,,"Child-friendly early-reader illustration for ""south"". Classroom meaning clue: common decodable word; check picture/context for exact meaning. Make the word visually clear as a simple object, action, attribute, or scene. No text, letters, labels, watermark, or unsafe content.",,Useful for vowel-team decoding/spelling. Useful for advanced vowel sound work.
space,TRUE,FALSE,Medium,Grade 1-2,CVCe long a,common decodable word; check picture/context for exact meaning,/media/vocabulary/images/space.webp,,"Child-friendly early-reader illustration for ""space"". Classroom meaning clue: common decodable word; check picture/context for exact meaning. Make the word visually clear as a simple object, action, attribute, or scene. No text, letters, labels, watermark, or unsafe content.",,5
span,TRUE,TRUE,Medium,Grade 1,Simple CCVC short-vowel words,common decodable word; check picture/context for exact meaning,/media/vocabulary/images/span.webp,/media/vocabulary/audio/span.mp3,"Child-friendly early-reader illustration for ""span"". Classroom meaning clue: common decodable word; check picture/context for exact meaning. Make the word visually clear as a simple object, action, attribute, or scene. No text, letters, labels, watermark, or unsafe content.","Record clean child-friendly audio saying only the word ""span"" once, natural pronunciation, no extra phrase, no music, no sound effects.",Good for early blending and initial/final sound tasks.
speak,TRUE,TRUE,Medium,Grade 1-2,Long e vowel teams ee / ea / ey / ie,action word; use in a simple sentence or picture prompt,/media/vocabulary/images/speak.webp,/media/vocabulary/audio/speak.mp3,"Child-friendly early-reader illustration for ""speak"". Classroom meaning clue: action word; use in a simple sentence or picture prompt. Make the word visually clear as a simple object, action, attribute, or scene. No text, letters, labels, watermark, or unsafe content.","Record clean child-friendly audio saying only the word ""speak"" once, natural pronunciation, no extra phrase, no music, no sound effects.",Useful for vowel-team decoding/spelling.
spell,TRUE,TRUE,Medium,K-Grade 3 vocabulary,Common verbs K-3,action word; use in a simple sentence or picture prompt,/media/vocabulary/images/spell.webp,/media/vocabulary/audio/spell.mp3,"Child-friendly early-reader illustration for ""spell"". Classroom meaning clue: action word; use in a simple sentence or picture prompt. Make the word visually clear as a simple object, action, attribute, or scene. No text, letters, labels, watermark, or unsafe content.","Record clean child-friendly audio saying only the word ""spell"" once, natural pronunciation, no extra phrase, no music, no sound effects.",5
spit,TRUE,TRUE,Medium,Grade 1,Simple CCVC short-vowel words,common decodable word; check picture/context for exact meaning,/media/vocabulary/images/spit.webp,/media/vocabulary/audio/spit.mp3,"Child-friendly early-reader illustration for ""spit"". Classroom meaning clue: common decodable word; check picture/context for exact meaning. Make the word visually clear as a simple object, action, attribute, or scene. No text, letters, labels, watermark, or unsafe content.","Record clean child-friendly audio saying only the word ""spit"" once, natural pronunciation, no extra phrase, no music, no sound effects.",Good for early blending and initial/final sound tasks.
spoil,TRUE,TRUE,Medium,Grade 1-2,Diphthongs oi / oy,common decodable word; check picture/context for exact meaning,/media/vocabulary/images/spoil.webp,/media/vocabulary/audio/spoil.mp3,"Child-friendly early-reader illustration for ""spoil"". Classroom meaning clue: common decodable word; check picture/context for exact meaning. Make the word visually clear as a simple object, action, attribute, or scene. No text, letters, labels, watermark, or unsafe content.","Record clean child-friendly audio saying only the word ""spoil"" once, natural pronunciation, no extra phrase, no music, no sound effects.",Useful for vowel-team decoding/spelling. Useful for advanced vowel sound work.
spoke,TRUE,TRUE,Medium,Grade 1-2,CVCe long e / i / o / u,common decodable word; check picture/context for exact meaning,/media/vocabulary/images/spoke.webp,/media/vocabulary/audio/spoke.mp3,"Child-friendly early-reader illustration for ""spoke"". Classroom meaning clue: common decodable word; check picture/context for exact meaning. Make the word visually clear as a simple object, action, attribute, or scene. No text, letters, labels, watermark, or unsafe content.","Record clean child-friendly audio saying only the word ""spoke"" once, natural pronunciation, no extra phrase, no music, no sound effects.",5
sport,TRUE,TRUE,Medium,Grade 1-2,R-controlled or / ore / oar / our,common decodable word; check picture/context for exact meaning,/media/vocabulary/images/sport.webp,/media/vocabulary/audio/sport.mp3,"Child-friendly early-reader illustration for ""sport"". Classroom meaning clue: common decodable word; check picture/context for exact meaning. Make the word visually clear as a simple object, action, attribute, or scene. No text, letters, labels, watermark, or unsafe content.","Record clean child-friendly audio saying only the word ""sport"" once, natural pronunciation, no extra phrase, no music, no sound effects.",Useful for r-controlled vowel sorting.
spot,TRUE,FALSE,Medium,Grade 1,Simple CCVC short-vowel words,common decodable word; check picture/context for exact meaning,/media/vocabulary/images/spot.webp,,"Child-friendly early-reader illustration for ""spot"". Classroom meaning clue: common decodable word; check picture/context for exact meaning. Make the word visually clear as a simple object, action, attribute, or scene. No text, letters, labels, watermark, or unsafe content.",,Good for early blending and initial/final sound tasks.
stair,TRUE,TRUE,Medium,K-Grade 3 vocabulary,Air / ear / eer / are patterns,common K-3 vocabulary word,/media/vocabulary/images/stair.webp,/media/vocabulary/audio/stair.mp3,"Child-friendly early-reader illustration for ""stair"". Classroom meaning clue: common K-3 vocabulary word. Make the word visually clear as a simple object, action, attribute, or scene. No text, letters, labels, watermark, or unsafe content.","Record clean child-friendly audio saying only the word ""stair"" once, natural pronunciation, no extra phrase, no music, no sound effects.",Useful for r-controlled vowel sorting. Useful for vowel-team decoding/spelling.
stare,TRUE,TRUE,Medium,K-Grade 3 vocabulary,Air / ear / eer / are patterns,common K-3 vocabulary word,/media/vocabulary/images/stare.webp,/media/vocabulary/audio/stare.mp3,"Child-friendly early-reader illustration for ""stare"". Classroom meaning clue: common K-3 vocabulary word. Make the word visually clear as a simple object, action, attribute, or scene. No text, letters, labels, watermark, or unsafe content.","Record clean child-friendly audio saying only the word ""stare"" once, natural pronunciation, no extra phrase, no music, no sound effects.",Useful for r-controlled vowel sorting.
start,TRUE,TRUE,Medium,Grade 1-2,R-controlled ar,action word; use in a simple sentence or picture prompt,/media/vocabulary/images/start.webp,/media/vocabulary/audio/start.mp3,"Child-friendly early-reader illustration for ""start"". Classroom meaning clue: action word; use in a simple sentence or picture prompt. Make the word visually clear as a simple object, action, attribute, or scene. No text, letters, labels, watermark, or unsafe content.","Record clean child-friendly audio saying only the word ""start"" once, natural pronunciation, no extra phrase, no music, no sound effects.",Do not use as image-only target unless meaning is concrete. Useful for r-controlled vowel sorting.
stay,TRUE,FALSE,Medium,Grade 1-2,Long a vowel teams ai / ay / eigh,action word; use in a simple sentence or picture prompt,/media/vocabulary/images/stay.webp,,"Child-friendly early-reader illustration for ""stay"". Classroom meaning clue: action word; use in a simple sentence or picture prompt. Make the word visually clear as a simple object, action, attribute, or scene. No text, letters, labels, watermark, or unsafe content.",,Useful for vowel-team decoding/spelling.
stayed,TRUE,FALSE,Medium-Low,Grade 2-3,Inflections - ed / er / est,common decodable word; check picture/context for exact meaning,/media/vocabulary/images/stayed.webp,,"Child-friendly early-reader illustration for ""stayed"". Classroom meaning clue: common decodable word; check picture/context for exact meaning. Make the word visually clear as a simple object, action, attribute, or scene. No text, letters, labels, watermark, or unsafe content.",,Useful for vowel-team decoding/spelling.
staying,TRUE,TRUE,Medium-Low,Grade 2-3,Inflections - ing,common decodable word; check picture/context for exact meaning,/media/vocabulary/images/staying.webp,/media/vocabulary/audio/staying.mp3,"Child-friendly early-reader illustration for ""staying"". Classroom meaning clue: common decodable word; check picture/context for exact meaning. Make the word visually clear as a simple object, action, attribute, or scene. No text, letters, labels, watermark, or unsafe content.","Record clean child-friendly audio saying only the word ""staying"" once, natural pronunciation, no extra phrase, no music, no sound effects.",Useful for vowel-team decoding/spelling.
steal,TRUE,TRUE,Medium,Grade 1-2,Long e vowel teams ee / ea / ey / ie,common decodable word; check picture/context for exact meaning,/media/vocabulary/images/steal.webp,/media/vocabulary/audio/steal.mp3,"Child-friendly early-reader illustration for ""steal"". Classroom meaning clue: common decodable word; check picture/context for exact meaning. Make the word visually clear as a simple object, action, attribute, or scene. No text, letters, labels, watermark, or unsafe content.","Record clean child-friendly audio saying only the word ""steal"" once, natural pronunciation, no extra phrase, no music, no sound effects.",Useful for vowel-team decoding/spelling.
steer,TRUE,TRUE,Medium,K-Grade 3 vocabulary,Air / ear / eer / are patterns,common K-3 vocabulary word,/media/vocabulary/images/steer.webp,/media/vocabulary/audio/steer.mp3,"Child-friendly early-reader illustration for ""steer"". Classroom meaning clue: common K-3 vocabulary word. Make the word visually clear as a simple object, action, attribute, or scene. No text, letters, labels, watermark, or unsafe content.","Record clean child-friendly audio saying only the word ""steer"" once, natural pronunciation, no extra phrase, no music, no sound effects.",Useful for r-controlled vowel sorting. Useful for vowel-team decoding/spelling.
stew,TRUE,TRUE,Medium,K-Grade 3 vocabulary,Long u / oo / ew / ue,common K-3 vocabulary word,/media/vocabulary/images/stew.webp,/media/vocabulary/audio/stew.mp3,"Child-friendly early-reader illustration for ""stew"". Classroom meaning clue: common K-3 vocabulary word. Make the word visually clear as a simple object, action, attribute, or scene. No text, letters, labels, watermark, or unsafe content.","Record clean child-friendly audio saying only the word ""stew"" once, natural pronunciation, no extra phrase, no music, no sound effects.",Useful for vowel-team decoding/spelling. Good for early blending and initial/final sound tasks.
stir,TRUE,TRUE,Medium,Grade 1-2,R-controlled er / ir / ur,common decodable word; check picture/context for exact meaning,/media/vocabulary/images/stir.webp,/media/vocabulary/audio/stir.mp3,"Child-friendly early-reader illustration for ""stir"". Classroom meaning clue: common decodable word; check picture/context for exact meaning. Make the word visually clear as a simple object, action, attribute, or scene. No text, letters, labels, watermark, or unsafe content.","Record clean child-friendly audio saying only the word ""stir"" once, natural pronunciation, no extra phrase, no music, no sound effects.",Useful for r-controlled vowel sorting. Good for early blending and initial/final sound tasks.
stood,TRUE,FALSE,Medium,K-Grade 3 vocabulary,Long u / oo / ew / ue,common K-3 vocabulary word,/media/vocabulary/images/stood.webp,,"Child-friendly early-reader illustration for ""stood"". Classroom meaning clue: common K-3 vocabulary word. Make the word visually clear as a simple object, action, attribute, or scene. No text, letters, labels, watermark, or unsafe content.",,Useful for vowel-team decoding/spelling.
stopping,TRUE,FALSE,Medium-Low,Grade 2-3,Inflections - ing,common decodable word; check picture/context for exact meaning,/media/vocabulary/images/stopping.webp,,"Child-friendly early-reader illustration for ""stopping"". Classroom meaning clue: common decodable word; check picture/context for exact meaning. Make the word visually clear as a simple object, action, attribute, or scene. No text, letters, labels, watermark, or unsafe content.",,8
store,TRUE,TRUE,Medium,Grade 1-2,R-controlled or / ore / oar / our,common decodable word; check picture/context for exact meaning,/media/vocabulary/images/store.webp,/media/vocabulary/audio/store.mp3,"Child-friendly early-reader illustration for ""store"". Classroom meaning clue: common decodable word; check picture/context for exact meaning. Make the word visually clear as a simple object, action, attribute, or scene. No text, letters, labels, watermark, or unsafe content.","Record clean child-friendly audio saying only the word ""store"" once, natural pronunciation, no extra phrase, no music, no sound effects.",Useful for r-controlled vowel sorting.
story,TRUE,FALSE,Medium,,R-controlled or / ore / oar / our,common decodable word; check picture/context for exact meaning,/media/vocabulary/images/story.webp,,"Child-friendly early-reader illustration for ""story"". Classroom meaning clue: common decodable word; check picture/context for exact meaning. Make the word visually clear as a simple object, action, attribute, or scene. No text, letters, labels, watermark, or unsafe content.",,Useful for r-controlled vowel sorting.
straw,TRUE,TRUE,Medium,Grade 1-2,Au / aw / al / all,common K-3 vocabulary word,/media/vocabulary/images/straw.webp,/media/vocabulary/audio/straw.mp3,"Child-friendly early-reader illustration for ""straw"". Classroom meaning clue: common K-3 vocabulary word. Make the word visually clear as a simple object, action, attribute, or scene. No text, letters, labels, watermark, or unsafe content.","Record clean child-friendly audio saying only the word ""straw"" once, natural pronunciation, no extra phrase, no music, no sound effects.",Useful for vowel-team decoding/spelling.
stream,TRUE,FALSE,High,K-Grade 3 vocabulary,Common early nouns - nature and places,nature/place word,/media/vocabulary/images/stream.webp,,"Child-friendly early-reader illustration for ""stream"". Classroom meaning clue: nature/place word. Make the word visually clear as a simple object, action, attribute, or scene. No text, letters, labels, watermark, or unsafe content.",,Useful for vowel-team decoding/spelling.
street,TRUE,FALSE,High,Grade 1,Long e vowel teams ee / ea / ey / ie,nature/place word,/media/vocabulary/images/street.webp,,"Child-friendly early-reader illustration for ""street"". Classroom meaning clue: nature/place word. Make the word visually clear as a simple object, action, attribute, or scene. No text, letters, labels, watermark, or unsafe content.",,Useful for vowel-team decoding/spelling.
string,TRUE,TRUE,Medium-Low,Grade 1,Common blends and clusters,common decodable word; check picture/context for exact meaning,/media/vocabulary/images/string.webp,/media/vocabulary/audio/string.mp3,"Child-friendly early-reader illustration for ""string"". Classroom meaning clue: common decodable word; check picture/context for exact meaning. Make the word visually clear as a simple object, action, attribute, or scene. No text, letters, labels, watermark, or unsafe content.","Record clean child-friendly audio saying only the word ""string"" once, natural pronunciation, no extra phrase, no music, no sound effects.",6
strong,TRUE,FALSE,Medium-Low,Grade 1,Common blends and clusters,common decodable word; check picture/context for exact meaning,/media/vocabulary/images/strong.webp,,"Child-friendly early-reader illustration for ""strong"". Classroom meaning clue: common decodable word; check picture/context for exact meaning. Make the word visually clear as a simple object, action, attribute, or scene. No text, letters, labels, watermark, or unsafe content.",,6
strongest,TRUE,TRUE,Medium-Low,Grade 2-3,Inflections - ed / er / est,common decodable word; check picture/context for exact meaning,/media/vocabulary/images/strongest.webp,/media/vocabulary/audio/strongest.mp3,"Child-friendly early-reader illustration for ""strongest"". Classroom meaning clue: common decodable word; check picture/context for exact meaning. Make the word visually clear as a simple object, action, attribute, or scene. No text, letters, labels, watermark, or unsafe content.","Record clean child-friendly audio saying only the word ""strongest"" once, natural pronunciation, no extra phrase, no music, no sound effects.",9
such,TRUE,TRUE,Medium,Grade 1,Consonant digraphs - ch,common decodable word; check picture/context for exact meaning,/media/vocabulary/images/such.webp,/media/vocabulary/audio/such.mp3,"Child-friendly early-reader illustration for ""such"". Classroom meaning clue: common decodable word; check picture/context for exact meaning. Make the word visually clear as a simple object, action, attribute, or scene. No text, letters, labels, watermark, or unsafe content.","Record clean child-friendly audio saying only the word ""such"" once, natural pronunciation, no extra phrase, no music, no sound effects.",Good for early blending and initial/final sound tasks.
sudden,TRUE,TRUE,Medium-Low,,Simple two-syllable decodable words,common K-3 vocabulary word,/media/vocabulary/images/sudden.webp,/media/vocabulary/audio/sudden.mp3,"Child-friendly early-reader illustration for ""sudden"". Classroom meaning clue: common K-3 vocabulary word. Make the word visually clear as a simple object, action, attribute, or scene. No text, letters, labels, watermark, or unsafe content.","Record clean child-friendly audio saying only the word ""sudden"" once, natural pronunciation, no extra phrase, no music, no sound effects.",6
summer,TRUE,FALSE,Medium-Low,,Simple two-syllable decodable words,common K-3 vocabulary word,/media/vocabulary/images/summer.webp,,"Child-friendly early-reader illustration for ""summer"". Classroom meaning clue: common K-3 vocabulary word. Make the word visually clear as a simple object, action, attribute, or scene. No text, letters, labels, watermark, or unsafe content.",,Useful for r-controlled vowel sorting.
sunset,TRUE,FALSE,Medium-Low,Grade 2-3,Simple two-syllable decodable words,common K-3 vocabulary word,/media/vocabulary/images/sunset.webp,,"Child-friendly early-reader illustration for ""sunset"". Classroom meaning clue: common K-3 vocabulary word. Make the word visually clear as a simple object, action, attribute, or scene. No text, letters, labels, watermark, or unsafe content.",,6
supper,TRUE,FALSE,Medium-Low,,Simple two-syllable decodable words,common K-3 vocabulary word,/media/vocabulary/images/supper.webp,,"Child-friendly early-reader illustration for ""supper"". Classroom meaning clue: common K-3 vocabulary word. Make the word visually clear as a simple object, action, attribute, or scene. No text, letters, labels, watermark, or unsafe content.",,Useful for r-controlled vowel sorting.
sweet,TRUE,FALSE,Medium,Grade 1-2,Long e vowel teams ee / ea / ey / ie,describing word; tells what something is like,/media/vocabulary/images/sweet.webp,,"Child-friendly early-reader illustration for ""sweet"". Classroom meaning clue: describing word; tells what something is like. Make the word visually clear as a simple object, action, attribute, or scene. No text, letters, labels, watermark, or unsafe content.",,Useful for vowel-team decoding/spelling.
swimming,TRUE,TRUE,Medium-Low,,Inflections - ing,common decodable word; check picture/context for exact meaning,/media/vocabulary/images/swimming.webp,/media/vocabulary/audio/swimming.mp3,"Child-friendly early-reader illustration for ""swimming"". Classroom meaning clue: common decodable word; check picture/context for exact meaning. Make the word visually clear as a simple object, action, attribute, or scene. No text, letters, labels, watermark, or unsafe content.","Record clean child-friendly audio saying only the word ""swimming"" once, natural pronunciation, no extra phrase, no music, no sound effects.",8
tablet,TRUE,FALSE,Medium-Low,,Simple two-syllable decodable words,common K-3 vocabulary word,/media/vocabulary/images/tablet.webp,,"Child-friendly early-reader illustration for ""tablet"". Classroom meaning clue: common K-3 vocabulary word. Make the word visually clear as a simple object, action, attribute, or scene. No text, letters, labels, watermark, or unsafe content.",,6
taking,TRUE,TRUE,Medium-Low,Grade 2-3,Inflections - ing,common decodable word; check picture/context for exact meaning,/media/vocabulary/images/taking.webp,/media/vocabulary/audio/taking.mp3,"Child-friendly early-reader illustration for ""taking"". Classroom meaning clue: common decodable word; check picture/context for exact meaning. Make the word visually clear as a simple object, action, attribute, or scene. No text, letters, labels, watermark, or unsafe content.","Record clean child-friendly audio saying only the word ""taking"" once, natural pronunciation, no extra phrase, no music, no sound effects.",6
talk,TRUE,FALSE,Medium,Grade 1-2,Au / aw / al / all,action word; use in a simple sentence or picture prompt,/media/vocabulary/images/talk.webp,,"Child-friendly early-reader illustration for ""talk"". Classroom meaning clue: action word; use in a simple sentence or picture prompt. Make the word visually clear as a simple object, action, attribute, or scene. No text, letters, labels, watermark, or unsafe content.",,Good for early blending and initial/final sound tasks.
taller,TRUE,TRUE,Medium-Low,Grade 2-3,Inflections - ed / er / est,common decodable word; check picture/context for exact meaning,/media/vocabulary/images/taller.webp,/media/vocabulary/audio/taller.mp3,"Child-friendly early-reader illustration for ""taller"". Classroom meaning clue: common decodable word; check picture/context for exact meaning. Make the word visually clear as a simple object, action, attribute, or scene. No text, letters, labels, watermark, or unsafe content.","Record clean child-friendly audio saying only the word ""taller"" once, natural pronunciation, no extra phrase, no music, no sound effects.",Useful for r-controlled vowel sorting.
tan,TRUE,TRUE,Medium,K-Grade 1,Short a CVC,common decodable word; check picture/context for exact meaning,/media/vocabulary/images/tan.webp,/media/vocabulary/audio/tan.mp3,"Child-friendly early-reader illustration for ""tan"". Classroom meaning clue: common decodable word; check picture/context for exact meaning. Make the word visually clear as a simple object, action, attribute, or scene. No text, letters, labels, watermark, or unsafe content.","Record clean child-friendly audio saying only the word ""tan"" once, natural pronunciation, no extra phrase, no music, no sound effects.",Good for early blending and initial/final sound tasks.
target,TRUE,TRUE,Medium-Low,,Simple two-syllable decodable words,common K-3 vocabulary word,/media/vocabulary/images/target.webp,/media/vocabulary/audio/target.mp3,"Child-friendly early-reader illustration for ""target"". Classroom meaning clue: common K-3 vocabulary word. Make the word visually clear as a simple object, action, attribute, or scene. No text, letters, labels, watermark, or unsafe content.","Record clean child-friendly audio saying only the word ""target"" once, natural pronunciation, no extra phrase, no music, no sound effects.",Useful for r-controlled vowel sorting.
taught,TRUE,TRUE,Medium-Low,,Au / aw / al / all,common K-3 vocabulary word,/media/vocabulary/images/taught.webp,/media/vocabulary/audio/taught.mp3,"Child-friendly early-reader illustration for ""taught"". Classroom meaning clue: common K-3 vocabulary word. Make the word visually clear as a simple object, action, attribute, or scene. No text, letters, labels, watermark, or unsafe content.","Record clean child-friendly audio saying only the word ""taught"" once, natural pronunciation, no extra phrase, no music, no sound effects.",Useful for vowel-team decoding/spelling.
tea,TRUE,FALSE,Medium,Grade 1-2,Long e vowel teams ee / ea / ey / ie,common decodable word; check picture/context for exact meaning,/media/vocabulary/images/tea.webp,,"Child-friendly early-reader illustration for ""tea"". Classroom meaning clue: common decodable word; check picture/context for exact meaning. Make the word visually clear as a simple object, action, attribute, or scene. No text, letters, labels, watermark, or unsafe content.",,Useful for vowel-team decoding/spelling.
teach,TRUE,TRUE,Medium,Grade 1,Consonant digraphs - ch,action word; use in a simple sentence or picture prompt,/media/vocabulary/images/teach.webp,/media/vocabulary/audio/teach.mp3,"Child-friendly early-reader illustration for ""teach"". Classroom meaning clue: action word; use in a simple sentence or picture prompt. Make the word visually clear as a simple object, action, attribute, or scene. No text, letters, labels, watermark, or unsafe content.","Record clean child-friendly audio saying only the word ""teach"" once, natural pronunciation, no extra phrase, no music, no sound effects.",Useful for vowel-team decoding/spelling.
teacher,TRUE,FALSE,High,,R-controlled er / ir / ur,person who helps children learn,/media/vocabulary/images/teacher.webp,,"Child-friendly early-reader illustration for ""teacher"". Classroom meaning clue: person who helps children learn. Make the word visually clear as a simple object, action, attribute, or scene. No text, letters, labels, watermark, or unsafe content.",,Useful for r-controlled vowel sorting. Useful for vowel-team decoding/spelling.
tear,TRUE,TRUE,Medium,K-Grade 3 vocabulary,Air / ear / eer / are patterns,common K-3 vocabulary word,/media/vocabulary/images/tear.webp,/media/vocabulary/audio/tear.mp3,"Child-friendly early-reader illustration for ""tear"". Classroom meaning clue: common K-3 vocabulary word. Make the word visually clear as a simple object, action, attribute, or scene. No text, letters, labels, watermark, or unsafe content.","Record clean child-friendly audio saying only the word ""tear"" once, natural pronunciation, no extra phrase, no music, no sound effects.",Useful for r-controlled vowel sorting. Useful for vowel-team decoding/spelling.
tell,TRUE,FALSE,Medium,K-Grade 3 sight/fluency,High-frequency regular and partly decodable K-3 words,action word; use in a simple sentence or picture prompt,/media/vocabulary/images/tell.webp,,"Child-friendly early-reader illustration for ""tell"". Classroom meaning clue: action word; use in a simple sentence or picture prompt. Make the word visually clear as a simple object, action, attribute, or scene. No text, letters, labels, watermark, or unsafe content.",,Do not use as image-only target unless meaning is concrete. Good for early blending and initial/final sound tasks.
tend,TRUE,TRUE,Medium,Grade 1,Short vowel words with final blends,common decodable word; check picture/context for exact meaning,/media/vocabulary/images/tend.webp,/media/vocabulary/audio/tend.mp3,"Child-friendly early-reader illustration for ""tend"". Classroom meaning clue: common decodable word; check picture/context for exact meaning. Make the word visually clear as a simple object, action, attribute, or scene. No text, letters, labels, watermark, or unsafe content.","Record clean child-friendly audio saying only the word ""tend"" once, natural pronunciation, no extra phrase, no music, no sound effects.",Good for early blending and initial/final sound tasks.
term,TRUE,FALSE,Medium,,R-controlled er / ir / ur,common decodable word; check picture/context for exact meaning,/media/vocabulary/images/term.webp,,"Child-friendly early-reader illustration for ""term"". Classroom meaning clue: common decodable word; check picture/context for exact meaning. Make the word visually clear as a simple object, action, attribute, or scene. No text, letters, labels, watermark, or unsafe content.",,Useful for r-controlled vowel sorting. Good for early blending and initial/final sound tasks.
test,TRUE,FALSE,Medium,Grade 1,Simple CVCC short-vowel words,common decodable word; check picture/context for exact meaning,/media/vocabulary/images/test.webp,,"Child-friendly early-reader illustration for ""test"". Classroom meaning clue: common decodable word; check picture/context for exact meaning. Make the word visually clear as a simple object, action, attribute, or scene. No text, letters, labels, watermark, or unsafe content.",,Good for early blending and initial/final sound tasks.
than,TRUE,FALSE,Low,Grade 1,Consonant digraphs - th / wh / ph,grammar/function word used to build sentences,/media/vocabulary/images/than.webp,,"Child-friendly early-reader illustration for ""than"". Classroom meaning clue: grammar/function word used to build sentences. Because this is abstract or function-word-like, use a simple situational context that suggests meaning without written words. No text, letters, labels, watermark, or unsafe content.",,Do not use as image-only target unless meaning is concrete. Good for early blending and initial/final sound tasks.
their,TRUE,FALSE,Low,K-Grade 3 sight/fluency,High-frequency regular and partly decodable K-3 words,grammar/function word used to build sentences,/media/vocabulary/images/their.webp,,"Child-friendly early-reader illustration for ""their"". Classroom meaning clue: grammar/function word used to build sentences. Because this is abstract or function-word-like, use a simple situational context that suggests meaning without written words. No text, letters, labels, watermark, or unsafe content.",,Do not use as image-only target unless meaning is concrete. Useful for r-controlled vowel sorting.
theirs,TRUE,TRUE,Low,,Common function / grammar words K-3,grammar/function word used to build sentences,/media/vocabulary/images/theirs.webp,/media/vocabulary/audio/theirs.mp3,"Child-friendly early-reader illustration for ""theirs"". Classroom meaning clue: grammar/function word used to build sentences. Because this is abstract or function-word-like, use a simple situational context that suggests meaning without written words. No text, letters, labels, watermark, or unsafe content.","Record clean child-friendly audio saying only the word ""theirs"" once, natural pronunciation, no extra phrase, no music, no sound effects.",Do not use as image-only target unless meaning is concrete. Useful for r-controlled vowel sorting.
them,TRUE,FALSE,Low,Grade 1,Consonant digraphs - th / wh / ph,grammar/function word used to build sentences,/media/vocabulary/images/them.webp,,"Child-friendly early-reader illustration for ""them"". Classroom meaning clue: grammar/function word used to build sentences. Because this is abstract or function-word-like, use a simple situational context that suggests meaning without written words. No text, letters, labels, watermark, or unsafe content.",,Do not use as image-only target unless meaning is concrete. Good for early blending and initial/final sound tasks.
there,TRUE,FALSE,Low,K-Grade 3 sight/fluency,High-frequency regular and partly decodable K-3 words,grammar/function word used to build sentences,/media/vocabulary/images/there.webp,,"Child-friendly early-reader illustration for ""there"". Classroom meaning clue: grammar/function word used to build sentences. Because this is abstract or function-word-like, use a simple situational context that suggests meaning without written words. No text, letters, labels, watermark, or unsafe content.",,Do not use as image-only target unless meaning is concrete. Useful for r-controlled vowel sorting.
thick,TRUE,FALSE,Medium,Grade 1,Consonant digraphs - th / wh / ph,common decodable word; check picture/context for exact meaning,/media/vocabulary/images/thick.webp,,"Child-friendly early-reader illustration for ""thick"". Classroom meaning clue: common decodable word; check picture/context for exact meaning. Make the word visually clear as a simple object, action, attribute, or scene. No text, letters, labels, watermark, or unsafe content.",,5
thief,TRUE,TRUE,Medium,Grade 1-2,Long e vowel teams ee / ea / ey / ie,common decodable word; check picture/context for exact meaning,/media/vocabulary/images/thief.webp,/media/vocabulary/audio/thief.mp3,"Child-friendly early-reader illustration for ""thief"". Classroom meaning clue: common decodable word; check picture/context for exact meaning. Make the word visually clear as a simple object, action, attribute, or scene. No text, letters, labels, watermark, or unsafe content.","Record clean child-friendly audio saying only the word ""thief"" once, natural pronunciation, no extra phrase, no music, no sound effects.",Useful for vowel-team decoding/spelling.
thing,TRUE,FALSE,Medium,Grade 1,Consonant digraphs - th / wh / ph,common decodable word; check picture/context for exact meaning,/media/vocabulary/images/thing.webp,,"Child-friendly early-reader illustration for ""thing"". Classroom meaning clue: common decodable word; check picture/context for exact meaning. Make the word visually clear as a simple object, action, attribute, or scene. No text, letters, labels, watermark, or unsafe content.",,5
think,TRUE,FALSE,Medium,Grade 1,Consonant digraphs - th / wh / ph,action word; use in a simple sentence or picture prompt,/media/vocabulary/images/think.webp,,"Child-friendly early-reader illustration for ""think"". Classroom meaning clue: action word; use in a simple sentence or picture prompt. Make the word visually clear as a simple object, action, attribute, or scene. No text, letters, labels, watermark, or unsafe content.",,Do not use as image-only target unless meaning is concrete.
those,TRUE,FALSE,Low,Grade 1-2,CVCe long e / i / o / u,grammar/function word used to build sentences,/media/vocabulary/images/those.webp,,"Child-friendly early-reader illustration for ""those"". Classroom meaning clue: grammar/function word used to build sentences. Because this is abstract or function-word-like, use a simple situational context that suggests meaning without written words. No text, letters, labels, watermark, or unsafe content.",,Do not use as image-only target unless meaning is concrete.
threw,TRUE,FALSE,Medium,K-Grade 3 vocabulary,Long u / oo / ew / ue,common K-3 vocabulary word,/media/vocabulary/images/threw.webp,,"Child-friendly early-reader illustration for ""threw"". Classroom meaning clue: common K-3 vocabulary word. Make the word visually clear as a simple object, action, attribute, or scene. No text, letters, labels, watermark, or unsafe content.",,Useful for vowel-team decoding/spelling.
thursday,TRUE,FALSE,Medium-Low,Grade 1-2,R-controlled er / ir / ur,common decodable word; check picture/context for exact meaning,/media/vocabulary/images/thursday.webp,,"Child-friendly early-reader illustration for ""thursday"". Classroom meaning clue: common decodable word; check picture/context for exact meaning. Make the word visually clear as a simple object, action, attribute, or scene. No text, letters, labels, watermark, or unsafe content.",,Useful for r-controlled vowel sorting. Useful for vowel-team decoding/spelling.
tight,TRUE,FALSE,Medium,K-Grade 3 vocabulary,Long i patterns i_e / igh / y / ie,common K-3 vocabulary word,/media/vocabulary/images/tight.webp,,"Child-friendly early-reader illustration for ""tight"". Classroom meaning clue: common K-3 vocabulary word. Make the word visually clear as a simple object, action, attribute, or scene. No text, letters, labels, watermark, or unsafe content.",,Useful for vowel-team decoding/spelling.
time,TRUE,FALSE,Medium,Grade 1-2,CVCe long e / i / o / u,common decodable word; check picture/context for exact meaning,/media/vocabulary/images/time.webp,,"Child-friendly early-reader illustration for ""time"". Classroom meaning clue: common decodable word; check picture/context for exact meaning. Make the word visually clear as a simple object, action, attribute, or scene. No text, letters, labels, watermark, or unsafe content.",,Good for early blending and initial/final sound tasks.
tin,TRUE,FALSE,Medium,K-Grade 1,Short i CVC,common decodable word; check picture/context for exact meaning,/media/vocabulary/images/tin.webp,,"Child-friendly early-reader illustration for ""tin"". Classroom meaning clue: common decodable word; check picture/context for exact meaning. Make the word visually clear as a simple object, action, attribute, or scene. No text, letters, labels, watermark, or unsafe content.",,Good for early blending and initial/final sound tasks.
tiny,TRUE,FALSE,Medium,Grade 2-3,Simple two-syllable decodable words,common K-3 vocabulary word,/media/vocabulary/images/tiny.webp,,"Child-friendly early-reader illustration for ""tiny"". Classroom meaning clue: common K-3 vocabulary word. Make the word visually clear as a simple object, action, attribute, or scene. No text, letters, labels, watermark, or unsafe content.",,4
tip,TRUE,TRUE,Medium,K-Grade 1,Short i CVC,common decodable word; check picture/context for exact meaning,/media/vocabulary/images/tip.webp,/media/vocabulary/audio/tip.mp3,"Child-friendly early-reader illustration for ""tip"". Classroom meaning clue: common decodable word; check picture/context for exact meaning. Make the word visually clear as a simple object, action, attribute, or scene. No text, letters, labels, watermark, or unsafe content.","Record clean child-friendly audio saying only the word ""tip"" once, natural pronunciation, no extra phrase, no music, no sound effects.",Good for early blending and initial/final sound tasks.
tire,TRUE,TRUE,Medium,Grade 1-2,CVCe long e / i / o / u,common decodable word; check picture/context for exact meaning,/media/vocabulary/images/tire.webp,/media/vocabulary/audio/tire.mp3,"Child-friendly early-reader illustration for ""tire"". Classroom meaning clue: common decodable word; check picture/context for exact meaning. Make the word visually clear as a simple object, action, attribute, or scene. No text, letters, labels, watermark, or unsafe content.","Record clean child-friendly audio saying only the word ""tire"" once, natural pronunciation, no extra phrase, no music, no sound effects.",Useful for r-controlled vowel sorting. Good for early blending and initial/final sound tasks.
toast,TRUE,TRUE,High,K-Grade 3 vocabulary,Long o patterns o_e / oa / ow / oe,food word,/media/vocabulary/images/toast.webp,/media/vocabulary/audio/toast.mp3,"Child-friendly early-reader illustration for ""toast"". Classroom meaning clue: food word. Make the word visually clear as a simple object, action, attribute, or scene. No text, letters, labels, watermark, or unsafe content.","Record clean child-friendly audio saying only the word ""toast"" once, natural pronunciation, no extra phrase, no music, no sound effects.",Useful for vowel-team decoding/spelling.
today,TRUE,FALSE,Low,Grade 1-2,Long a vowel teams ai / ay / eigh,common high-frequency word for reading fluency,/media/vocabulary/images/today.webp,,"Child-friendly early-reader illustration for ""today"". Classroom meaning clue: common high-frequency word for reading fluency. Because this is abstract or function-word-like, use a simple situational context that suggests meaning without written words. No text, letters, labels, watermark, or unsafe content.",,Do not use as image-only target unless meaning is concrete. Useful for vowel-team decoding/spelling.
together,TRUE,FALSE,Low,,High-frequency regular and partly decodable K-3 words,common high-frequency word for reading fluency,/media/vocabulary/images/together.webp,,"Child-friendly early-reader illustration for ""together"". Classroom meaning clue: common high-frequency word for reading fluency. Because this is abstract or function-word-like, use a simple situational context that suggests meaning without written words. No text, letters, labels, watermark, or unsafe content.",,Do not use as image-only target unless meaning is concrete. Useful for r-controlled vowel sorting.
too,TRUE,FALSE,Low,K-Grade 3 sight/fluency,High-frequency regular and partly decodable K-3 words,grammar/function word used to build sentences,/media/vocabulary/images/too.webp,,"Child-friendly early-reader illustration for ""too"". Classroom meaning clue: grammar/function word used to build sentences. Because this is abstract or function-word-like, use a simple situational context that suggests meaning without written words. No text, letters, labels, watermark, or unsafe content.",,Do not use as image-only target unless meaning is concrete. Useful for vowel-team decoding/spelling.
took,TRUE,FALSE,Medium,K-Grade 3 vocabulary,Long u / oo / ew / ue,common K-3 vocabulary word,/media/vocabulary/images/took.webp,,"Child-friendly early-reader illustration for ""took"". Classroom meaning clue: common K-3 vocabulary word. Make the word visually clear as a simple object, action, attribute, or scene. No text, letters, labels, watermark, or unsafe content.",,Useful for vowel-team decoding/spelling.
tool,TRUE,TRUE,Medium,K-Grade 3 vocabulary,Long u / oo / ew / ue,common K-3 vocabulary word,/media/vocabulary/images/tool.webp,/media/vocabulary/audio/tool.mp3,"Child-friendly early-reader illustration for ""tool"". Classroom meaning clue: common K-3 vocabulary word. Make the word visually clear as a simple object, action, attribute, or scene. No text, letters, labels, watermark, or unsafe content.","Record clean child-friendly audio saying only the word ""tool"" once, natural pronunciation, no extra phrase, no music, no sound effects.",Useful for vowel-team decoding/spelling.
torch,TRUE,FALSE,Medium,Grade 1-2,R-controlled or / ore / oar / our,common decodable word; check picture/context for exact meaning,/media/vocabulary/images/torch.webp,,"Child-friendly early-reader illustration for ""torch"". Classroom meaning clue: common decodable word; check picture/context for exact meaning. Make the word visually clear as a simple object, action, attribute, or scene. No text, letters, labels, watermark, or unsafe content.",,Useful for r-controlled vowel sorting.
tore,TRUE,TRUE,Medium,Grade 1-2,R-controlled or / ore / oar / our,common decodable word; check picture/context for exact meaning,/media/vocabulary/images/tore.webp,/media/vocabulary/audio/tore.mp3,"Child-friendly early-reader illustration for ""tore"". Classroom meaning clue: common decodable word; check picture/context for exact meaning. Make the word visually clear as a simple object, action, attribute, or scene. No text, letters, labels, watermark, or unsafe content.","Record clean child-friendly audio saying only the word ""tore"" once, natural pronunciation, no extra phrase, no music, no sound effects.",Useful for r-controlled vowel sorting. Good for early blending and initial/final sound tasks.
tot,TRUE,TRUE,Medium,K-Grade 1,Short o CVC,common decodable word; check picture/context for exact meaning,/media/vocabulary/images/tot.webp,/media/vocabulary/audio/tot.mp3,"Child-friendly early-reader illustration for ""tot"". Classroom meaning clue: common decodable word; check picture/context for exact meaning. Make the word visually clear as a simple object, action, attribute, or scene. No text, letters, labels, watermark, or unsafe content.","Record clean child-friendly audio saying only the word ""tot"" once, natural pronunciation, no extra phrase, no music, no sound effects.",Good for early blending and initial/final sound tasks.
touch,TRUE,FALSE,Medium,K-Grade 3 vocabulary,Common verbs K-3,action word; use in a simple sentence or picture prompt,/media/vocabulary/images/touch.webp,,"Child-friendly early-reader illustration for ""touch"". Classroom meaning clue: action word; use in a simple sentence or picture prompt. Make the word visually clear as a simple object, action, attribute, or scene. No text, letters, labels, watermark, or unsafe content.",,Useful for vowel-team decoding/spelling. Useful for advanced vowel sound work.
town,TRUE,FALSE,Medium,Grade 1-2,Diphthongs ou / ow,common decodable word; check picture/context for exact meaning,/media/vocabulary/images/town.webp,,"Child-friendly early-reader illustration for ""town"". Classroom meaning clue: common decodable word; check picture/context for exact meaning. Make the word visually clear as a simple object, action, attribute, or scene. No text, letters, labels, watermark, or unsafe content.",,Useful for vowel-team decoding/spelling. Useful for advanced vowel sound work. Good for early blending and initial/final sound tasks.
toy,TRUE,FALSE,High,Grade 1-2,Diphthongs oi / oy,home/school object or place,/media/vocabulary/images/toy.webp,,"Child-friendly early-reader illustration for ""toy"". Classroom meaning clue: home/school object or place. Make the word visually clear as a simple object, action, attribute, or scene. No text, letters, labels, watermark, or unsafe content.",,Useful for vowel-team decoding/spelling. Useful for advanced vowel sound work.
trade,TRUE,TRUE,Medium,Grade 1-2,CVCe long a,common decodable word; check picture/context for exact meaning,/media/vocabulary/images/trade.webp,/media/vocabulary/audio/trade.mp3,"Child-friendly early-reader illustration for ""trade"". Classroom meaning clue: common decodable word; check picture/context for exact meaning. Make the word visually clear as a simple object, action, attribute, or scene. No text, letters, labels, watermark, or unsafe content.","Record clean child-friendly audio saying only the word ""trade"" once, natural pronunciation, no extra phrase, no music, no sound effects.",5
trail,TRUE,TRUE,Medium,Grade 1-2,Long a vowel teams ai / ay / eigh,common decodable word; check picture/context for exact meaning,/media/vocabulary/images/trail.webp,/media/vocabulary/audio/trail.mp3,"Child-friendly early-reader illustration for ""trail"". Classroom meaning clue: common decodable word; check picture/context for exact meaning. Make the word visually clear as a simple object, action, attribute, or scene. No text, letters, labels, watermark, or unsafe content.","Record clean child-friendly audio saying only the word ""trail"" once, natural pronunciation, no extra phrase, no music, no sound effects.",Useful for vowel-team decoding/spelling.
trap,TRUE,TRUE,Medium,Grade 1,Simple CCVC short-vowel words,common decodable word; check picture/context for exact meaning,/media/vocabulary/images/trap.webp,/media/vocabulary/audio/trap.mp3,"Child-friendly early-reader illustration for ""trap"". Classroom meaning clue: common decodable word; check picture/context for exact meaning. Make the word visually clear as a simple object, action, attribute, or scene. No text, letters, labels, watermark, or unsafe content.","Record clean child-friendly audio saying only the word ""trap"" once, natural pronunciation, no extra phrase, no music, no sound effects.",Good for early blending and initial/final sound tasks.
tried,TRUE,FALSE,Medium,K-Grade 3 vocabulary,Long i patterns i_e / igh / y / ie,common K-3 vocabulary word,/media/vocabulary/images/tried.webp,,"Child-friendly early-reader illustration for ""tried"". Classroom meaning clue: common K-3 vocabulary word. Make the word visually clear as a simple object, action, attribute, or scene. No text, letters, labels, watermark, or unsafe content.",,Useful for vowel-team decoding/spelling.
trim,TRUE,TRUE,Medium,Grade 1,Simple CCVC short-vowel words,common decodable word; check picture/context for exact meaning,/media/vocabulary/images/trim.webp,/media/vocabulary/audio/trim.mp3,"Child-friendly early-reader illustration for ""trim"". Classroom meaning clue: common decodable word; check picture/context for exact meaning. Make the word visually clear as a simple object, action, attribute, or scene. No text, letters, labels, watermark, or unsafe content.","Record clean child-friendly audio saying only the word ""trim"" once, natural pronunciation, no extra phrase, no music, no sound effects.",Good for early blending and initial/final sound tasks.
trip,TRUE,FALSE,Medium,Grade 1,Simple CCVC short-vowel words,common decodable word; check picture/context for exact meaning,/media/vocabulary/images/trip.webp,,"Child-friendly early-reader illustration for ""trip"". Classroom meaning clue: common decodable word; check picture/context for exact meaning. Make the word visually clear as a simple object, action, attribute, or scene. No text, letters, labels, watermark, or unsafe content.",,Good for early blending and initial/final sound tasks.
true,TRUE,FALSE,Medium,K-Grade 3 vocabulary,Long u / oo / ew / ue,common K-3 vocabulary word,/media/vocabulary/images/true.webp,,"Child-friendly early-reader illustration for ""true"". Classroom meaning clue: common K-3 vocabulary word. Make the word visually clear as a simple object, action, attribute, or scene. No text, letters, labels, watermark, or unsafe content.",,Useful for vowel-team decoding/spelling.
try,TRUE,FALSE,Medium,K-Grade 3 sight/fluency,Long i patterns i_e / igh / y / ie,action word; use in a simple sentence or picture prompt,/media/vocabulary/images/try.webp,,"Child-friendly early-reader illustration for ""try"". Classroom meaning clue: action word; use in a simple sentence or picture prompt. Make the word visually clear as a simple object, action, attribute, or scene. No text, letters, labels, watermark, or unsafe content.",,Do not use as image-only target unless meaning is concrete.
tune,TRUE,FALSE,Medium,Grade 1-2,CVCe long e / i / o / u,common decodable word; check picture/context for exact meaning,/media/vocabulary/images/tune.webp,,"Child-friendly early-reader illustration for ""tune"". Classroom meaning clue: common decodable word; check picture/context for exact meaning. Make the word visually clear as a simple object, action, attribute, or scene. No text, letters, labels, watermark, or unsafe content.",,Good for early blending and initial/final sound tasks.
turn,TRUE,FALSE,Medium,Grade 1-2,R-controlled er / ir / ur,action word; use in a simple sentence or picture prompt,/media/vocabulary/images/turn.webp,,"Child-friendly early-reader illustration for ""turn"". Classroom meaning clue: action word; use in a simple sentence or picture prompt. Make the word visually clear as a simple object, action, attribute, or scene. No text, letters, labels, watermark, or unsafe content.",,Useful for r-controlled vowel sorting. Good for early blending and initial/final sound tasks.
tusk,TRUE,TRUE,Medium,,Simple CVCC short-vowel words,common decodable word; check picture/context for exact meaning,/media/vocabulary/images/tusk.webp,/media/vocabulary/audio/tusk.mp3,"Child-friendly early-reader illustration for ""tusk"". Classroom meaning clue: common decodable word; check picture/context for exact meaning. Make the word visually clear as a simple object, action, attribute, or scene. No text, letters, labels, watermark, or unsafe content.","Record clean child-friendly audio saying only the word ""tusk"" once, natural pronunciation, no extra phrase, no music, no sound effects.",Good for early blending and initial/final sound tasks.
twin,FALSE,TRUE,Medium,Grade 1,Simple CCVC short-vowel words,common decodable word; check picture/context for exact meaning,,/media/vocabulary/audio/twin.mp3,,"Record clean child-friendly audio saying only the word ""twin"" once, natural pronunciation, no extra phrase, no music, no sound effects.",Good for early blending and initial/final sound tasks.
twist,TRUE,TRUE,Medium,Grade 1,Short vowel words with final blends,common decodable word; check picture/context for exact meaning,/media/vocabulary/images/twist.webp,/media/vocabulary/audio/twist.mp3,"Child-friendly early-reader illustration for ""twist"". Classroom meaning clue: common decodable word; check picture/context for exact meaning. Make the word visually clear as a simple object, action, attribute, or scene. No text, letters, labels, watermark, or unsafe content.","Record clean child-friendly audio saying only the word ""twist"" once, natural pronunciation, no extra phrase, no music, no sound effects.",5
two,TRUE,FALSE,Low,K-Grade 3 sight/fluency,High-frequency regular and partly decodable K-3 words,number 2,/media/vocabulary/images/two.webp,,"Child-friendly early-reader illustration for ""two"". Classroom meaning clue: number 2. Because this is abstract or function-word-like, use a simple situational context that suggests meaning without written words. No text, letters, labels, watermark, or unsafe content.",,Do not use as image-only target unless meaning is concrete.
until,TRUE,FALSE,Low,Grade 2-3,Common function / grammar words K-3,grammar/function word used to build sentences,/media/vocabulary/images/until.webp,,"Child-friendly early-reader illustration for ""until"". Classroom meaning clue: grammar/function word used to build sentences. Because this is abstract or function-word-like, use a simple situational context that suggests meaning without written words. No text, letters, labels, watermark, or unsafe content.",,Do not use as image-only target unless meaning is concrete.
upon,TRUE,TRUE,Low,Grade 2-3,High-frequency regular and partly decodable K-3 words,grammar/function word used to build sentences,/media/vocabulary/images/upon.webp,/media/vocabulary/audio/upon.mp3,"Child-friendly early-reader illustration for ""upon"". Classroom meaning clue: grammar/function word used to build sentences. Because this is abstract or function-word-like, use a simple situational context that suggests meaning without written words. No text, letters, labels, watermark, or unsafe content.","Record clean child-friendly audio saying only the word ""upon"" once, natural pronunciation, no extra phrase, no music, no sound effects.",Do not use as image-only target unless meaning is concrete.
us,TRUE,FALSE,Low,K-Grade 1,VC / CV / very early words,grammar/function word used to build sentences,/media/vocabulary/images/us.webp,,"Child-friendly early-reader illustration for ""us"". Classroom meaning clue: grammar/function word used to build sentences. Because this is abstract or function-word-like, use a simple situational context that suggests meaning without written words. No text, letters, labels, watermark, or unsafe content.",,Do not use as image-only target unless meaning is concrete.
use,TRUE,FALSE,Medium,Grade 1-2,CVCe long e / i / o / u,action word; use in a simple sentence or picture prompt,/media/vocabulary/images/use.webp,,"Child-friendly early-reader illustration for ""use"". Classroom meaning clue: action word; use in a simple sentence or picture prompt. Make the word visually clear as a simple object, action, attribute, or scene. No text, letters, labels, watermark, or unsafe content.",,Do not use as image-only target unless meaning is concrete.
value,TRUE,TRUE,Medium,,Long u / oo / ew / ue,common K-3 vocabulary word,/media/vocabulary/images/value.webp,/media/vocabulary/audio/value.mp3,"Child-friendly early-reader illustration for ""value"". Classroom meaning clue: common K-3 vocabulary word. Make the word visually clear as a simple object, action, attribute, or scene. No text, letters, labels, watermark, or unsafe content.","Record clean child-friendly audio saying only the word ""value"" once, natural pronunciation, no extra phrase, no music, no sound effects.",Useful for vowel-team decoding/spelling.
vanish,TRUE,TRUE,Medium-Low,,Simple two-syllable decodable words,common K-3 vocabulary word,/media/vocabulary/images/vanish.webp,/media/vocabulary/audio/vanish.mp3,"Child-friendly early-reader illustration for ""vanish"". Classroom meaning clue: common K-3 vocabulary word. Make the word visually clear as a simple object, action, attribute, or scene. No text, letters, labels, watermark, or unsafe content.","Record clean child-friendly audio saying only the word ""vanish"" once, natural pronunciation, no extra phrase, no music, no sound effects.",6
verb,TRUE,TRUE,Medium,,R-controlled er / ir / ur,common decodable word; check picture/context for exact meaning,/media/vocabulary/images/verb.webp,/media/vocabulary/audio/verb.mp3,"Child-friendly early-reader illustration for ""verb"". Classroom meaning clue: common decodable word; check picture/context for exact meaning. Make the word visually clear as a simple object, action, attribute, or scene. No text, letters, labels, watermark, or unsafe content.","Record clean child-friendly audio saying only the word ""verb"" once, natural pronunciation, no extra phrase, no music, no sound effects.",Useful for r-controlled vowel sorting. Good for early blending and initial/final sound tasks.
very,TRUE,FALSE,Low,Grade 2-3,High-frequency regular and partly decodable K-3 words,grammar/function word used to build sentences,/media/vocabulary/images/very.webp,,"Child-friendly early-reader illustration for ""very"". Classroom meaning clue: grammar/function word used to build sentences. Because this is abstract or function-word-like, use a simple situational context that suggests meaning without written words. No text, letters, labels, watermark, or unsafe content.",,Do not use as image-only target unless meaning is concrete. Useful for r-controlled vowel sorting.
visit,TRUE,FALSE,Medium,,Simple two-syllable decodable words,common K-3 vocabulary word,/media/vocabulary/images/visit.webp,,"Child-friendly early-reader illustration for ""visit"". Classroom meaning clue: common K-3 vocabulary word. Make the word visually clear as a simple object, action, attribute, or scene. No text, letters, labels, watermark, or unsafe content.",,5
voice,TRUE,FALSE,Medium,Grade 1-2,Diphthongs oi / oy,common decodable word; check picture/context for exact meaning,/media/vocabulary/images/voice.webp,,"Child-friendly early-reader illustration for ""voice"". Classroom meaning clue: common decodable word; check picture/context for exact meaning. Make the word visually clear as a simple object, action, attribute, or scene. No text, letters, labels, watermark, or unsafe content.",,Useful for vowel-team decoding/spelling. Useful for advanced vowel sound work.
vote,TRUE,TRUE,Medium,Grade 1-2,CVCe long e / i / o / u,common decodable word; check picture/context for exact meaning,/media/vocabulary/images/vote.webp,/media/vocabulary/audio/vote.mp3,"Child-friendly early-reader illustration for ""vote"". Classroom meaning clue: common decodable word; check picture/context for exact meaning. Make the word visually clear as a simple object, action, attribute, or scene. No text, letters, labels, watermark, or unsafe content.","Record clean child-friendly audio saying only the word ""vote"" once, natural pronunciation, no extra phrase, no music, no sound effects.",Good for early blending and initial/final sound tasks.
wait,TRUE,FALSE,Medium,Grade 1-2,Long a vowel teams ai / ay / eigh,action word; use in a simple sentence or picture prompt,/media/vocabulary/images/wait.webp,,"Child-friendly early-reader illustration for ""wait"". Classroom meaning clue: action word; use in a simple sentence or picture prompt. Make the word visually clear as a simple object, action, attribute, or scene. No text, letters, labels, watermark, or unsafe content.",,Useful for vowel-team decoding/spelling.
walk,TRUE,FALSE,Medium,Grade 1-2,Au / aw / al / all,action word; use in a simple sentence or picture prompt,/media/vocabulary/images/walk.webp,,"Child-friendly early-reader illustration for ""walk"". Classroom meaning clue: action word; use in a simple sentence or picture prompt. Make the word visually clear as a simple object, action, attribute, or scene. No text, letters, labels, watermark, or unsafe content.",,Do not use as image-only target unless meaning is concrete. Good for early blending and initial/final sound tasks.
want,TRUE,FALSE,Medium,,High-frequency regular and partly decodable K-3 words,action word; use in a simple sentence or picture prompt,/media/vocabulary/images/want.webp,,"Child-friendly early-reader illustration for ""want"". Classroom meaning clue: action word; use in a simple sentence or picture prompt. Make the word visually clear as a simple object, action, attribute, or scene. No text, letters, labels, watermark, or unsafe content.",,Do not use as image-only target unless meaning is concrete. Good for early blending and initial/final sound tasks.
wanted,TRUE,FALSE,Medium-Low,,Inflections - ed / er / est,common decodable word; check picture/context for exact meaning,/media/vocabulary/images/wanted.webp,,"Child-friendly early-reader illustration for ""wanted"". Classroom meaning clue: common decodable word; check picture/context for exact meaning. Make the word visually clear as a simple object, action, attribute, or scene. No text, letters, labels, watermark, or unsafe content.",,6
warm,TRUE,FALSE,Medium,K-Grade 3 sight/fluency,High-frequency regular and partly decodable K-3 words,describing word; tells what something is like,/media/vocabulary/images/warm.webp,,"Child-friendly early-reader illustration for ""warm"". Classroom meaning clue: describing word; tells what something is like. Make the word visually clear as a simple object, action, attribute, or scene. No text, letters, labels, watermark, or unsafe content.",,Do not use as image-only target unless meaning is concrete. Useful for r-controlled vowel sorting. Good for early blending and initial/final sound tasks.
warmer,TRUE,TRUE,Medium-Low,,Inflections - ed / er / est,common decodable word; check picture/context for exact meaning,/media/vocabulary/images/warmer.webp,/media/vocabulary/audio/warmer.mp3,"Child-friendly early-reader illustration for ""warmer"". Classroom meaning clue: common decodable word; check picture/context for exact meaning. Make the word visually clear as a simple object, action, attribute, or scene. No text, letters, labels, watermark, or unsafe content.","Record clean child-friendly audio saying only the word ""warmer"" once, natural pronunciation, no extra phrase, no music, no sound effects.",Useful for r-controlled vowel sorting.
way,TRUE,FALSE,Medium,Grade 1-2,Long a vowel teams ai / ay / eigh,common decodable word; check picture/context for exact meaning,/media/vocabulary/images/way.webp,,"Child-friendly early-reader illustration for ""way"". Classroom meaning clue: common decodable word; check picture/context for exact meaning. Make the word visually clear as a simple object, action, attribute, or scene. No text, letters, labels, watermark, or unsafe content.",,Useful for vowel-team decoding/spelling.
weak,TRUE,TRUE,Medium,Grade 1-2,Long e vowel teams ee / ea / ey / ie,common decodable word; check picture/context for exact meaning,/media/vocabulary/images/weak.webp,/media/vocabulary/audio/weak.mp3,"Child-friendly early-reader illustration for ""weak"". Classroom meaning clue: common decodable word; check picture/context for exact meaning. Make the word visually clear as a simple object, action, attribute, or scene. No text, letters, labels, watermark, or unsafe content.","Record clean child-friendly audio saying only the word ""weak"" once, natural pronunciation, no extra phrase, no music, no sound effects.",Useful for vowel-team decoding/spelling.
wear,TRUE,FALSE,Medium,K-Grade 3 vocabulary,Air / ear / eer / are patterns,action word; use in a simple sentence or picture prompt,/media/vocabulary/images/wear.webp,,"Child-friendly early-reader illustration for ""wear"". Classroom meaning clue: action word; use in a simple sentence or picture prompt. Make the word visually clear as a simple object, action, attribute, or scene. No text, letters, labels, watermark, or unsafe content.",,Useful for r-controlled vowel sorting. Useful for vowel-team decoding/spelling.
wed,TRUE,TRUE,Medium,K-Grade 1,Short e CVC,common decodable word; check picture/context for exact meaning,/media/vocabulary/images/wed.webp,/media/vocabulary/audio/wed.mp3,"Child-friendly early-reader illustration for ""wed"". Classroom meaning clue: common decodable word; check picture/context for exact meaning. Make the word visually clear as a simple object, action, attribute, or scene. No text, letters, labels, watermark, or unsafe content.","Record clean child-friendly audio saying only the word ""wed"" once, natural pronunciation, no extra phrase, no music, no sound effects.",Good for early blending and initial/final sound tasks.
week,TRUE,FALSE,Medium,Grade 1-2,Long e vowel teams ee / ea / ey / ie,common decodable word; check picture/context for exact meaning,/media/vocabulary/images/week.webp,,"Child-friendly early-reader illustration for ""week"". Classroom meaning clue: common decodable word; check picture/context for exact meaning. Make the word visually clear as a simple object, action, attribute, or scene. No text, letters, labels, watermark, or unsafe content.",,Useful for vowel-team decoding/spelling.
weight,TRUE,FALSE,Medium-Low,Grade 1-2,Long a vowel teams ai / ay / eigh,common decodable word; check picture/context for exact meaning,/media/vocabulary/images/weight.webp,,"Child-friendly early-reader illustration for ""weight"". Classroom meaning clue: common decodable word; check picture/context for exact meaning. Make the word visually clear as a simple object, action, attribute, or scene. No text, letters, labels, watermark, or unsafe content.",,Useful for vowel-team decoding/spelling.
went,TRUE,FALSE,Medium,Grade 1,Simple CVCC short-vowel words,action word; use in a simple sentence or picture prompt,/media/vocabulary/images/went.webp,,"Child-friendly early-reader illustration for ""went"". Classroom meaning clue: action word; use in a simple sentence or picture prompt. Make the word visually clear as a simple object, action, attribute, or scene. No text, letters, labels, watermark, or unsafe content.",,Do not use as image-only target unless meaning is concrete. Good for early blending and initial/final sound tasks.
were,TRUE,FALSE,Low,K-Grade 3 sight/fluency,High-frequency regular and partly decodable K-3 words,grammar/function word used to build sentences,/media/vocabulary/images/were.webp,,"Child-friendly early-reader illustration for ""were"". Classroom meaning clue: grammar/function word used to build sentences. Because this is abstract or function-word-like, use a simple situational context that suggests meaning without written words. No text, letters, labels, watermark, or unsafe content.",,Do not use as image-only target unless meaning is concrete. Useful for r-controlled vowel sorting. Good for early blending and initial/final sound tasks.
west,TRUE,TRUE,Medium,Grade 1,Simple CVCC short-vowel words,common decodable word; check picture/context for exact meaning,/media/vocabulary/images/west.webp,/media/vocabulary/audio/west.mp3,"Child-friendly early-reader illustration for ""west"". Classroom meaning clue: common decodable word; check picture/context for exact meaning. Make the word visually clear as a simple object, action, attribute, or scene. No text, letters, labels, watermark, or unsafe content.","Record clean child-friendly audio saying only the word ""west"" once, natural pronunciation, no extra phrase, no music, no sound effects.",Good for early blending and initial/final sound tasks.
which,TRUE,FALSE,Low,Grade 1,Consonant digraphs - th / wh / ph,grammar/function word used to build sentences,/media/vocabulary/images/which.webp,,"Child-friendly early-reader illustration for ""which"". Classroom meaning clue: grammar/function word used to build sentences. Because this is abstract or function-word-like, use a simple situational context that suggests meaning without written words. No text, letters, labels, watermark, or unsafe content.",,Do not use as image-only target unless meaning is concrete.
while,TRUE,FALSE,Low,Grade 1,Consonant digraphs - th / wh / ph,grammar/function word used to build sentences,/media/vocabulary/images/while.webp,,"Child-friendly early-reader illustration for ""while"". Classroom meaning clue: grammar/function word used to build sentences. Because this is abstract or function-word-like, use a simple situational context that suggests meaning without written words. No text, letters, labels, watermark, or unsafe content.",,Do not use as image-only target unless meaning is concrete.
who,TRUE,FALSE,Low,Grade 1,Consonant digraphs - th / wh / ph,grammar/function word used to build sentences,/media/vocabulary/images/who.webp,,"Child-friendly early-reader illustration for ""who"". Classroom meaning clue: grammar/function word used to build sentences. Because this is abstract or function-word-like, use a simple situational context that suggests meaning without written words. No text, letters, labels, watermark, or unsafe content.",,Do not use as image-only target unless meaning is concrete.
why,TRUE,FALSE,Low,Grade 1,Consonant digraphs - th / wh / ph,grammar/function word used to build sentences,/media/vocabulary/images/why.webp,,"Child-friendly early-reader illustration for ""why"". Classroom meaning clue: grammar/function word used to build sentences. Because this is abstract or function-word-like, use a simple situational context that suggests meaning without written words. No text, letters, labels, watermark, or unsafe content.",,Do not use as image-only target unless meaning is concrete.
wide,TRUE,FALSE,Medium,Grade 1-2,CVCe long e / i / o / u,common decodable word; check picture/context for exact meaning,/media/vocabulary/images/wide.webp,,"Child-friendly early-reader illustration for ""wide"". Classroom meaning clue: common decodable word; check picture/context for exact meaning. Make the word visually clear as a simple object, action, attribute, or scene. No text, letters, labels, watermark, or unsafe content.",,Good for early blending and initial/final sound tasks.
wife,TRUE,TRUE,Medium,Grade 1-2,CVCe long e / i / o / u,common decodable word; check picture/context for exact meaning,/media/vocabulary/images/wife.webp,/media/vocabulary/audio/wife.mp3,"Child-friendly early-reader illustration for ""wife"". Classroom meaning clue: common decodable word; check picture/context for exact meaning. Make the word visually clear as a simple object, action, attribute, or scene. No text, letters, labels, watermark, or unsafe content.","Record clean child-friendly audio saying only the word ""wife"" once, natural pronunciation, no extra phrase, no music, no sound effects.",Good for early blending and initial/final sound tasks.
win,TRUE,FALSE,Medium,K-Grade 1,Short i CVC,action word; use in a simple sentence or picture prompt,/media/vocabulary/images/win.webp,,"Child-friendly early-reader illustration for ""win"". Classroom meaning clue: action word; use in a simple sentence or picture prompt. Make the word visually clear as a simple object, action, attribute, or scene. No text, letters, labels, watermark, or unsafe content.",,Good for early blending and initial/final sound tasks.
wine,TRUE,TRUE,Medium,Grade 1-2,CVCe long e / i / o / u,common decodable word; check picture/context for exact meaning,/media/vocabulary/images/wine.webp,/media/vocabulary/audio/wine.mp3,"Child-friendly early-reader illustration for ""wine"". Classroom meaning clue: common decodable word; check picture/context for exact meaning. Make the word visually clear as a simple object, action, attribute, or scene. No text, letters, labels, watermark, or unsafe content.","Record clean child-friendly audio saying only the word ""wine"" once, natural pronunciation, no extra phrase, no music, no sound effects.",Good for early blending and initial/final sound tasks.
winning,TRUE,TRUE,Medium-Low,,Inflections - ing,common decodable word; check picture/context for exact meaning,/media/vocabulary/images/winning.webp,/media/vocabulary/audio/winning.mp3,"Child-friendly early-reader illustration for ""winning"". Classroom meaning clue: common decodable word; check picture/context for exact meaning. Make the word visually clear as a simple object, action, attribute, or scene. No text, letters, labels, watermark, or unsafe content.","Record clean child-friendly audio saying only the word ""winning"" once, natural pronunciation, no extra phrase, no music, no sound effects.",7
wise,TRUE,TRUE,Medium,Grade 1-2,CVCe long e / i / o / u,common decodable word; check picture/context for exact meaning,/media/vocabulary/images/wise.webp,/media/vocabulary/audio/wise.mp3,"Child-friendly early-reader illustration for ""wise"". Classroom meaning clue: common decodable word; check picture/context for exact meaning. Make the word visually clear as a simple object, action, attribute, or scene. No text, letters, labels, watermark, or unsafe content.","Record clean child-friendly audio saying only the word ""wise"" once, natural pronunciation, no extra phrase, no music, no sound effects.",Good for early blending and initial/final sound tasks.
wishes,TRUE,TRUE,Medium-Low,,Inflections - plural / s / es,common decodable word; check picture/context for exact meaning,/media/vocabulary/images/wishes.webp,/media/vocabulary/audio/wishes.mp3,"Child-friendly early-reader illustration for ""wishes"". Classroom meaning clue: common decodable word; check picture/context for exact meaning. Make the word visually clear as a simple object, action, attribute, or scene. No text, letters, labels, watermark, or unsafe content.","Record clean child-friendly audio saying only the word ""wishes"" once, natural pronunciation, no extra phrase, no music, no sound effects.",6
woke,TRUE,FALSE,Medium,Grade 1-2,CVCe long e / i / o / u,common decodable word; check picture/context for exact meaning,/media/vocabulary/images/woke.webp,,"Child-friendly early-reader illustration for ""woke"". Classroom meaning clue: common decodable word; check picture/context for exact meaning. Make the word visually clear as a simple object, action, attribute, or scene. No text, letters, labels, watermark, or unsafe content.",,Good for early blending and initial/final sound tasks.
wolf,FALSE,TRUE,High,,Common early nouns - animals,animal / creature word,,/media/vocabulary/audio/wolf.mp3,,"Record clean child-friendly audio saying only the word ""wolf"" once, natural pronunciation, no extra phrase, no music, no sound effects.",Good for early blending and initial/final sound tasks.
woman,TRUE,FALSE,High,,Common early nouns - people and family,adult female person,/media/vocabulary/images/woman.webp,,"Child-friendly early-reader illustration for ""woman"". Classroom meaning clue: adult female person. Make the word visually clear as a simple object, action, attribute, or scene. No text, letters, labels, watermark, or unsafe content.",,5
women,TRUE,TRUE,High,,Common early nouns - people and family,more than one woman,/media/vocabulary/images/women.webp,/media/vocabulary/audio/women.mp3,"Child-friendly early-reader illustration for ""women"". Classroom meaning clue: more than one woman. Make the word visually clear as a simple object, action, attribute, or scene. No text, letters, labels, watermark, or unsafe content.","Record clean child-friendly audio saying only the word ""women"" once, natural pronunciation, no extra phrase, no music, no sound effects.",5
wood,TRUE,FALSE,High,K-Grade 3 vocabulary,Long u / oo / ew / ue,nature/place word,/media/vocabulary/images/wood.webp,,"Child-friendly early-reader illustration for ""wood"". Classroom meaning clue: nature/place word. Make the word visually clear as a simple object, action, attribute, or scene. No text, letters, labels, watermark, or unsafe content.",,Useful for vowel-team decoding/spelling.
wool,TRUE,FALSE,Medium,K-Grade 3 vocabulary,Long u / oo / ew / ue,common K-3 vocabulary word,/media/vocabulary/images/wool.webp,,"Child-friendly early-reader illustration for ""wool"". Classroom meaning clue: common K-3 vocabulary word. Make the word visually clear as a simple object, action, attribute, or scene. No text, letters, labels, watermark, or unsafe content.",,Useful for vowel-team decoding/spelling.
word,TRUE,FALSE,High,K-Grade 3 vocabulary,Common early nouns - home and school,home/school object or place,/media/vocabulary/images/word.webp,,"Child-friendly early-reader illustration for ""word"". Classroom meaning clue: home/school object or place. Make the word visually clear as a simple object, action, attribute, or scene. No text, letters, labels, watermark, or unsafe content.",,Useful for r-controlled vowel sorting. Good for early blending and initial/final sound tasks.
wore,TRUE,FALSE,Medium,Grade 1-2,R-controlled or / ore / oar / our,common decodable word; check picture/context for exact meaning,/media/vocabulary/images/wore.webp,,"Child-friendly early-reader illustration for ""wore"". Classroom meaning clue: common decodable word; check picture/context for exact meaning. Make the word visually clear as a simple object, action, attribute, or scene. No text, letters, labels, watermark, or unsafe content.",,Useful for r-controlled vowel sorting. Good for early blending and initial/final sound tasks.
work,TRUE,FALSE,Medium,K-Grade 3 sight/fluency,High-frequency regular and partly decodable K-3 words,action word; use in a simple sentence or picture prompt,/media/vocabulary/images/work.webp,,"Child-friendly early-reader illustration for ""work"". Classroom meaning clue: action word; use in a simple sentence or picture prompt. Make the word visually clear as a simple object, action, attribute, or scene. No text, letters, labels, watermark, or unsafe content.",,Do not use as image-only target unless meaning is concrete. Useful for r-controlled vowel sorting. Good for early blending and initial/final sound tasks.
world,TRUE,FALSE,High,,Common early nouns - nature and places,nature/place word,/media/vocabulary/images/world.webp,,"Child-friendly early-reader illustration for ""world"". Classroom meaning clue: nature/place word. Make the word visually clear as a simple object, action, attribute, or scene. No text, letters, labels, watermark, or unsafe content.",,Useful for r-controlled vowel sorting.
would,TRUE,FALSE,Low,K-Grade 3 sight/fluency,High-frequency regular and partly decodable K-3 words,grammar/function word used to build sentences,/media/vocabulary/images/would.webp,,"Child-friendly early-reader illustration for ""would"". Classroom meaning clue: grammar/function word used to build sentences. Because this is abstract or function-word-like, use a simple situational context that suggests meaning without written words. No text, letters, labels, watermark, or unsafe content.",,Do not use as image-only target unless meaning is concrete. Useful for vowel-team decoding/spelling. Useful for advanced vowel sound work.
write,TRUE,FALSE,Medium,Grade 1-2,CVCe long e / i / o / u,action word; use in a simple sentence or picture prompt,/media/vocabulary/images/write.webp,,"Child-friendly early-reader illustration for ""write"". Classroom meaning clue: action word; use in a simple sentence or picture prompt. Make the word visually clear as a simple object, action, attribute, or scene. No text, letters, labels, watermark, or unsafe content.",,5
wrong,TRUE,FALSE,Medium,K-Grade 3 vocabulary,Common adjectives and describing words K-3,describing word; tells what something is like,/media/vocabulary/images/wrong.webp,,"Child-friendly early-reader illustration for ""wrong"". Classroom meaning clue: describing word; tells what something is like. Make the word visually clear as a simple object, action, attribute, or scene. No text, letters, labels, watermark, or unsafe content.",,5
yawn,TRUE,TRUE,Medium,Grade 1-2,Au / aw / al / all,common K-3 vocabulary word,/media/vocabulary/images/yawn.webp,/media/vocabulary/audio/yawn.mp3,"Child-friendly early-reader illustration for ""yawn"". Classroom meaning clue: common K-3 vocabulary word. Make the word visually clear as a simple object, action, attribute, or scene. No text, letters, labels, watermark, or unsafe content.","Record clean child-friendly audio saying only the word ""yawn"" once, natural pronunciation, no extra phrase, no music, no sound effects.",Useful for vowel-team decoding/spelling.
year,TRUE,FALSE,Medium,K-Grade 3 vocabulary,Air / ear / eer / are patterns,common K-3 vocabulary word,/media/vocabulary/images/year.webp,,"Child-friendly early-reader illustration for ""year"". Classroom meaning clue: common K-3 vocabulary word. Make the word visually clear as a simple object, action, attribute, or scene. No text, letters, labels, watermark, or unsafe content.",,Useful for r-controlled vowel sorting. Useful for vowel-team decoding/spelling.
yell,TRUE,TRUE,Medium,K-Grade 3 vocabulary,Common verbs K-3,action word; use in a simple sentence or picture prompt,/media/vocabulary/images/yell.webp,/media/vocabulary/audio/yell.mp3,"Child-friendly early-reader illustration for ""yell"". Classroom meaning clue: action word; use in a simple sentence or picture prompt. Make the word visually clear as a simple object, action, attribute, or scene. No text, letters, labels, watermark, or unsafe content.","Record clean child-friendly audio saying only the word ""yell"" once, natural pronunciation, no extra phrase, no music, no sound effects.",4
yet,TRUE,FALSE,Low,K-Grade 1,Short e CVC,grammar/function word used to build sentences,/media/vocabulary/images/yet.webp,,"Child-friendly early-reader illustration for ""yet"". Classroom meaning clue: grammar/function word used to build sentences. Because this is abstract or function-word-like, use a simple situational context that suggests meaning without written words. No text, letters, labels, watermark, or unsafe content.",,Do not use as image-only target unless meaning is concrete.
young,TRUE,TRUE,Medium,K-Grade 3 vocabulary,Common adjectives and describing words K-3,describing word; tells what something is like,/media/vocabulary/images/young.webp,/media/vocabulary/audio/young.mp3,"Child-friendly early-reader illustration for ""young"". Classroom meaning clue: describing word; tells what something is like. Make the word visually clear as a simple object, action, attribute, or scene. No text, letters, labels, watermark, or unsafe content.","Record clean child-friendly audio saying only the word ""young"" once, natural pronunciation, no extra phrase, no music, no sound effects.",Useful for vowel-team decoding/spelling. Useful for advanced vowel sound work.
your,TRUE,FALSE,Low,Grade 1-2,R-controlled or / ore / oar / our,grammar/function word used to build sentences,/media/vocabulary/images/your.webp,,"Child-friendly early-reader illustration for ""your"". Classroom meaning clue: grammar/function word used to build sentences. Because this is abstract or function-word-like, use a simple situational context that suggests meaning without written words. No text, letters, labels, watermark, or unsafe content.",,Do not use as image-only target unless meaning is concrete. Useful for r-controlled vowel sorting. Useful for vowel-team decoding/spelling. Useful for advanced vowel sound work.
yours,TRUE,FALSE,Low,,Common function / grammar words K-3,grammar/function word used to build sentences,/media/vocabulary/images/yours.webp,,"Child-friendly early-reader illustration for ""yours"". Classroom meaning clue: grammar/function word used to build sentences. Because this is abstract or function-word-like, use a simple situational context that suggests meaning without written words. No text, letters, labels, watermark, or unsafe content.",,Do not use as image-only target unless meaning is concrete. Useful for r-controlled vowel sorting. Useful for vowel-team decoding/spelling. Useful for advanced vowel sound work.
yum,TRUE,TRUE,Medium,K-Grade 1,Short u CVC,common decodable word; check picture/context for exact meaning,/media/vocabulary/images/yum.webp,/media/vocabulary/audio/yum.mp3,"Child-friendly early-reader illustration for ""yum"". Classroom meaning clue: common decodable word; check picture/context for exact meaning. Make the word visually clear as a simple object, action, attribute, or scene. No text, letters, labels, watermark, or unsafe content.","Record clean child-friendly audio saying only the word ""yum"" once, natural pronunciation, no extra phrase, no music, no sound effects.",3
