id,priority,skillId,targetWord,pair,itemType,imageNeeded,audioNeeded,suggestedImagePath,suggestedAudioPath,imagePrompt,audioPrompt,reason,existingImageCount,existingAudioCount,sourcePromptType,notes
wm-0001,P1,adjectives,angry,,adjective,true,true,public/images/assessment/language/variants/adjectives/angry-01.webp,public/audio/vocabulary/angry.mp3,"Create a clear child-friendly cartoon-realistic image showing the adjective ""angry"". Use a simple scene that makes the property obvious. No text, labels, signs, speech bubbles, logos, or watermarks. Natural colors; no random rainbow/sparkle/kawaii treatment.","Record clean child-friendly American English audio for ""angry"". Say the whole word naturally only once. Do not spell it. No music, sound effects, echo, robotic voice, or background noise. Normalize volume to match the existing approved vocabulary audio.",Active grammar runtime gap: strict grammar variants need approved image and choice audio.,0,0,visual_adjective_image_and_word_audio,
wm-0002,P1,adjectives,awake,,adjective,true,true,public/images/assessment/language/variants/adjectives/awake-01.webp,public/audio/vocabulary/awake.mp3,"Create a clear child-friendly cartoon-realistic image showing the adjective ""awake"". Use a simple scene that makes the property obvious. No text, labels, signs, speech bubbles, logos, or watermarks. Natural colors; no random rainbow/sparkle/kawaii treatment.","Record clean child-friendly American English audio for ""awake"". Say the whole word naturally only once. Do not spell it. No music, sound effects, echo, robotic voice, or background noise. Normalize volume to match the existing approved vocabulary audio.",Active grammar runtime gap: strict grammar variants need approved image and choice audio.,0,0,visual_adjective_image_and_word_audio,
wm-0003,P1,adjectives,best,,adjective,false,true,,public/audio/vocabulary/best.mp3,,"Record clean child-friendly American English audio for ""best"". Say the whole word naturally only once. Do not spell it. No music, sound effects, echo, robotic voice, or background noise. Normalize volume to match the existing approved vocabulary audio.",Active grammar runtime gap: strict grammar variants need approved image and choice audio.,1,0,visual_adjective_image_and_word_audio,
wm-0004,P1,adjectives,better,,adjective,false,true,,public/audio/vocabulary/better.mp3,,"Record clean child-friendly American English audio for ""better"". Say the whole word naturally only once. Do not spell it. No music, sound effects, echo, robotic voice, or background noise. Normalize volume to match the existing approved vocabulary audio.",Active grammar runtime gap: strict grammar variants need approved image and choice audio.,1,0,visual_adjective_image_and_word_audio,
wm-0005,P1,adjectives,brave,,adjective,false,true,,public/audio/vocabulary/brave.mp3,,"Record clean child-friendly American English audio for ""brave"". Say the whole word naturally only once. Do not spell it. No music, sound effects, echo, robotic voice, or background noise. Normalize volume to match the existing approved vocabulary audio.",Active grammar runtime gap: strict grammar variants need approved image and choice audio.,2,0,visual_adjective_image_and_word_audio,
wm-0006,P1,adjectives,brown,,adjective,false,true,,public/audio/vocabulary/brown.mp3,,"Record clean child-friendly American English audio for ""brown"". Say the whole word naturally only once. Do not spell it. No music, sound effects, echo, robotic voice, or background noise. Normalize volume to match the existing approved vocabulary audio.",Active grammar runtime gap: strict grammar variants need approved image and choice audio.,1,0,visual_adjective_image_and_word_audio,
wm-0007,P1,adjectives,bumpy,,adjective,false,true,,public/audio/vocabulary/bumpy.mp3,,"Record clean child-friendly American English audio for ""bumpy"". Say the whole word naturally only once. Do not spell it. No music, sound effects, echo, robotic voice, or background noise. Normalize volume to match the existing approved vocabulary audio.",Active grammar runtime gap: strict grammar variants need approved image and choice audio.,1,0,visual_adjective_image_and_word_audio,
wm-0008,P1,adjectives,busy,,adjective,true,true,public/images/assessment/language/variants/adjectives/busy-01.webp,public/audio/vocabulary/busy.mp3,"Create a clear child-friendly cartoon-realistic image showing the adjective ""busy"". Use a simple scene that makes the property obvious. No text, labels, signs, speech bubbles, logos, or watermarks. Natural colors; no random rainbow/sparkle/kawaii treatment.","Record clean child-friendly American English audio for ""busy"". Say the whole word naturally only once. Do not spell it. No music, sound effects, echo, robotic voice, or background noise. Normalize volume to match the existing approved vocabulary audio.",Active grammar runtime gap: strict grammar variants need approved image and choice audio.,0,0,visual_adjective_image_and_word_audio,
wm-0009,P1,adjectives,calm,,adjective,false,true,,public/audio/vocabulary/calm.mp3,,"Record clean child-friendly American English audio for ""calm"". Say the whole word naturally only once. Do not spell it. No music, sound effects, echo, robotic voice, or background noise. Normalize volume to match the existing approved vocabulary audio.",Active grammar runtime gap: strict grammar variants need approved image and choice audio.,1,0,visual_adjective_image_and_word_audio,
wm-0010,P1,adjectives,careful,,adjective,true,true,public/images/assessment/language/variants/adjectives/careful-01.webp,public/audio/vocabulary/careful.mp3,"Create a clear child-friendly cartoon-realistic image showing the adjective ""careful"". Use a simple scene that makes the property obvious. No text, labels, signs, speech bubbles, logos, or watermarks. Natural colors; no random rainbow/sparkle/kawaii treatment.","Record clean child-friendly American English audio for ""careful"". Say the whole word naturally only once. Do not spell it. No music, sound effects, echo, robotic voice, or background noise. Normalize volume to match the existing approved vocabulary audio.",Active grammar runtime gap: strict grammar variants need approved image and choice audio.,0,0,visual_adjective_image_and_word_audio,
wm-0011,P1,adjectives,careless,,adjective,true,true,public/images/assessment/language/variants/adjectives/careless-01.webp,public/audio/vocabulary/careless.mp3,"Create a clear child-friendly cartoon-realistic image showing the adjective ""careless"". Use a simple scene that makes the property obvious. No text, labels, signs, speech bubbles, logos, or watermarks. Natural colors; no random rainbow/sparkle/kawaii treatment.","Record clean child-friendly American English audio for ""careless"". Say the whole word naturally only once. Do not spell it. No music, sound effects, echo, robotic voice, or background noise. Normalize volume to match the existing approved vocabulary audio.",Active grammar runtime gap: strict grammar variants need approved image and choice audio.,0,0,visual_adjective_image_and_word_audio,
wm-0012,P1,adjectives,clear,,adjective,false,true,,public/audio/vocabulary/clear.mp3,,"Record clean child-friendly American English audio for ""clear"". Say the whole word naturally only once. Do not spell it. No music, sound effects, echo, robotic voice, or background noise. Normalize volume to match the existing approved vocabulary audio.",Active grammar runtime gap: strict grammar variants need approved image and choice audio.,1,0,visual_adjective_image_and_word_audio,
wm-0013,P1,adjectives,cloudy,,adjective,true,true,public/images/assessment/language/variants/adjectives/cloudy-01.webp,public/audio/vocabulary/cloudy.mp3,"Create a clear child-friendly cartoon-realistic image showing the adjective ""cloudy"". Use a simple scene that makes the property obvious. No text, labels, signs, speech bubbles, logos, or watermarks. Natural colors; no random rainbow/sparkle/kawaii treatment.","Record clean child-friendly American English audio for ""cloudy"". Say the whole word naturally only once. Do not spell it. No music, sound effects, echo, robotic voice, or background noise. Normalize volume to match the existing approved vocabulary audio.",Active grammar runtime gap: strict grammar variants need approved image and choice audio.,0,0,visual_adjective_image_and_word_audio,
wm-0014,P1,adjectives,colorful,,adjective,true,true,public/images/assessment/language/variants/adjectives/colorful-01.webp,public/audio/vocabulary/colorful.mp3,"Create a clear child-friendly cartoon-realistic image showing the adjective ""colorful"". Use a simple scene that makes the property obvious. No text, labels, signs, speech bubbles, logos, or watermarks. Natural colors; no random rainbow/sparkle/kawaii treatment.","Record clean child-friendly American English audio for ""colorful"". Say the whole word naturally only once. Do not spell it. No music, sound effects, echo, robotic voice, or background noise. Normalize volume to match the existing approved vocabulary audio.",Active grammar runtime gap: strict grammar variants need approved image and choice audio.,0,0,visual_adjective_image_and_word_audio,
wm-0015,P1,adjectives,cool,,adjective,false,true,,public/audio/vocabulary/cool.mp3,,"Record clean child-friendly American English audio for ""cool"". Say the whole word naturally only once. Do not spell it. No music, sound effects, echo, robotic voice, or background noise. Normalize volume to match the existing approved vocabulary audio.",Active grammar runtime gap: strict grammar variants need approved image and choice audio.,1,0,visual_adjective_image_and_word_audio,
wm-0016,P1,adjectives,curved,,adjective,true,true,public/images/assessment/language/variants/adjectives/curved-01.webp,public/audio/vocabulary/curved.mp3,"Create a clear child-friendly cartoon-realistic image showing the adjective ""curved"". Use a simple scene that makes the property obvious. No text, labels, signs, speech bubbles, logos, or watermarks. Natural colors; no random rainbow/sparkle/kawaii treatment.","Record clean child-friendly American English audio for ""curved"". Say the whole word naturally only once. Do not spell it. No music, sound effects, echo, robotic voice, or background noise. Normalize volume to match the existing approved vocabulary audio.",Active grammar runtime gap: strict grammar variants need approved image and choice audio.,0,0,visual_adjective_image_and_word_audio,
wm-0017,P1,adjectives,deep,,adjective,false,true,,public/audio/vocabulary/deep.mp3,,"Record clean child-friendly American English audio for ""deep"". Say the whole word naturally only once. Do not spell it. No music, sound effects, echo, robotic voice, or background noise. Normalize volume to match the existing approved vocabulary audio.",Active grammar runtime gap: strict grammar variants need approved image and choice audio.,2,0,visual_adjective_image_and_word_audio,
wm-0018,P1,adjectives,different,,adjective,false,true,,public/audio/vocabulary/different.mp3,,"Record clean child-friendly American English audio for ""different"". Say the whole word naturally only once. Do not spell it. No music, sound effects, echo, robotic voice, or background noise. Normalize volume to match the existing approved vocabulary audio.",Active grammar runtime gap: strict grammar variants need approved image and choice audio.,1,0,visual_adjective_image_and_word_audio,
wm-0019,P1,adjectives,dull,,adjective,true,true,public/images/assessment/language/variants/adjectives/dull-01.webp,public/audio/vocabulary/dull.mp3,"Create a clear child-friendly cartoon-realistic image showing the adjective ""dull"". Use a simple scene that makes the property obvious. No text, labels, signs, speech bubbles, logos, or watermarks. Natural colors; no random rainbow/sparkle/kawaii treatment.","Record clean child-friendly American English audio for ""dull"". Say the whole word naturally only once. Do not spell it. No music, sound effects, echo, robotic voice, or background noise. Normalize volume to match the existing approved vocabulary audio.",Active grammar runtime gap: strict grammar variants need approved image and choice audio.,0,0,visual_adjective_image_and_word_audio,
wm-0020,P1,adjectives,early,,adjective,true,true,public/images/assessment/language/variants/adjectives/early-01.webp,public/audio/vocabulary/early.mp3,"Create a clear child-friendly cartoon-realistic image showing the adjective ""early"". Use a simple scene that makes the property obvious. No text, labels, signs, speech bubbles, logos, or watermarks. Natural colors; no random rainbow/sparkle/kawaii treatment.","Record clean child-friendly American English audio for ""early"". Say the whole word naturally only once. Do not spell it. No music, sound effects, echo, robotic voice, or background noise. Normalize volume to match the existing approved vocabulary audio.",Active grammar runtime gap: strict grammar variants need approved image and choice audio.,0,0,visual_adjective_image_and_word_audio,
wm-0021,P1,adjectives,easy,,adjective,true,true,public/images/assessment/language/variants/adjectives/easy-01.webp,public/audio/vocabulary/easy.mp3,"Create a clear child-friendly cartoon-realistic image showing the adjective ""easy"". Use a simple scene that makes the property obvious. No text, labels, signs, speech bubbles, logos, or watermarks. Natural colors; no random rainbow/sparkle/kawaii treatment.","Record clean child-friendly American English audio for ""easy"". Say the whole word naturally only once. Do not spell it. No music, sound effects, echo, robotic voice, or background noise. Normalize volume to match the existing approved vocabulary audio.",Active grammar runtime gap: strict grammar variants need approved image and choice audio.,0,0,visual_adjective_image_and_word_audio,
wm-0022,P1,adjectives,fluffy,,adjective,false,true,,public/audio/vocabulary/fluffy.mp3,,"Record clean child-friendly American English audio for ""fluffy"". Say the whole word naturally only once. Do not spell it. No music, sound effects, echo, robotic voice, or background noise. Normalize volume to match the existing approved vocabulary audio.",Active grammar runtime gap: strict grammar variants need approved image and choice audio.,1,0,visual_adjective_image_and_word_audio,
wm-0023,P1,adjectives,friendly,,adjective,true,true,public/images/assessment/language/variants/adjectives/friendly-01.webp,public/audio/vocabulary/friendly.mp3,"Create a clear child-friendly cartoon-realistic image showing the adjective ""friendly"". Use a simple scene that makes the property obvious. No text, labels, signs, speech bubbles, logos, or watermarks. Natural colors; no random rainbow/sparkle/kawaii treatment.","Record clean child-friendly American English audio for ""friendly"". Say the whole word naturally only once. Do not spell it. No music, sound effects, echo, robotic voice, or background noise. Normalize volume to match the existing approved vocabulary audio.",Active grammar runtime gap: strict grammar variants need approved image and choice audio.,0,0,visual_adjective_image_and_word_audio,
wm-0024,P1,adjectives,funny,,adjective,true,true,public/images/assessment/language/variants/adjectives/funny-01.webp,public/audio/vocabulary/funny.mp3,"Create a clear child-friendly cartoon-realistic image showing the adjective ""funny"". Use a simple scene that makes the property obvious. No text, labels, signs, speech bubbles, logos, or watermarks. Natural colors; no random rainbow/sparkle/kawaii treatment.","Record clean child-friendly American English audio for ""funny"". Say the whole word naturally only once. Do not spell it. No music, sound effects, echo, robotic voice, or background noise. Normalize volume to match the existing approved vocabulary audio.",Active grammar runtime gap: strict grammar variants need approved image and choice audio.,0,0,visual_adjective_image_and_word_audio,
wm-0025,P1,adjectives,fuzzy,,adjective,true,true,public/images/assessment/language/variants/adjectives/fuzzy-01.webp,public/audio/vocabulary/fuzzy.mp3,"Create a clear child-friendly cartoon-realistic image showing the adjective ""fuzzy"". Use a simple scene that makes the property obvious. No text, labels, signs, speech bubbles, logos, or watermarks. Natural colors; no random rainbow/sparkle/kawaii treatment.","Record clean child-friendly American English audio for ""fuzzy"". Say the whole word naturally only once. Do not spell it. No music, sound effects, echo, robotic voice, or background noise. Normalize volume to match the existing approved vocabulary audio.",Active grammar runtime gap: strict grammar variants need approved image and choice audio.,0,0,visual_adjective_image_and_word_audio,
wm-0026,P1,adjectives,gentle,,adjective,false,true,,public/audio/vocabulary/gentle.mp3,,"Record clean child-friendly American English audio for ""gentle"". Say the whole word naturally only once. Do not spell it. No music, sound effects, echo, robotic voice, or background noise. Normalize volume to match the existing approved vocabulary audio.",Active grammar runtime gap: strict grammar variants need approved image and choice audio.,1,0,visual_adjective_image_and_word_audio,
wm-0027,P1,adjectives,gold,,adjective,true,true,public/images/assessment/language/variants/adjectives/gold-01.webp,public/audio/vocabulary/gold.mp3,"Create a clear child-friendly cartoon-realistic image showing the adjective ""gold"". Use a simple scene that makes the property obvious. No text, labels, signs, speech bubbles, logos, or watermarks. Natural colors; no random rainbow/sparkle/kawaii treatment.","Record clean child-friendly American English audio for ""gold"". Say the whole word naturally only once. Do not spell it. No music, sound effects, echo, robotic voice, or background noise. Normalize volume to match the existing approved vocabulary audio.",Active grammar runtime gap: strict grammar variants need approved image and choice audio.,0,0,visual_adjective_image_and_word_audio,
wm-0028,P1,adjectives,good,,adjective,false,true,,public/audio/vocabulary/good.mp3,,"Record clean child-friendly American English audio for ""good"". Say the whole word naturally only once. Do not spell it. No music, sound effects, echo, robotic voice, or background noise. Normalize volume to match the existing approved vocabulary audio.",Active grammar runtime gap: strict grammar variants need approved image and choice audio.,1,0,visual_adjective_image_and_word_audio,
wm-0029,P1,adjectives,harder,,adjective,true,true,public/images/assessment/language/variants/adjectives/harder-01.webp,public/audio/vocabulary/harder.mp3,"Create a clear child-friendly cartoon-realistic image showing the adjective ""harder"". Use a simple scene that makes the property obvious. No text, labels, signs, speech bubbles, logos, or watermarks. Natural colors; no random rainbow/sparkle/kawaii treatment.","Record clean child-friendly American English audio for ""harder"". Say the whole word naturally only once. Do not spell it. No music, sound effects, echo, robotic voice, or background noise. Normalize volume to match the existing approved vocabulary audio.",Active grammar runtime gap: strict grammar variants need approved image and choice audio.,0,0,visual_adjective_image_and_word_audio,
wm-0030,P1,adjectives,helpful,,adjective,true,true,public/images/assessment/language/variants/adjectives/helpful-01.webp,public/audio/vocabulary/helpful.mp3,"Create a clear child-friendly cartoon-realistic image showing the adjective ""helpful"". Use a simple scene that makes the property obvious. No text, labels, signs, speech bubbles, logos, or watermarks. Natural colors; no random rainbow/sparkle/kawaii treatment.","Record clean child-friendly American English audio for ""helpful"". Say the whole word naturally only once. Do not spell it. No music, sound effects, echo, robotic voice, or background noise. Normalize volume to match the existing approved vocabulary audio.",Active grammar runtime gap: strict grammar variants need approved image and choice audio.,0,0,visual_adjective_image_and_word_audio,
wm-0031,P1,adjectives,honest,,adjective,true,true,public/images/assessment/language/variants/adjectives/honest-01.webp,public/audio/vocabulary/honest.mp3,"Create a clear child-friendly cartoon-realistic image showing the adjective ""honest"". Use a simple scene that makes the property obvious. No text, labels, signs, speech bubbles, logos, or watermarks. Natural colors; no random rainbow/sparkle/kawaii treatment.","Record clean child-friendly American English audio for ""honest"". Say the whole word naturally only once. Do not spell it. No music, sound effects, echo, robotic voice, or background noise. Normalize volume to match the existing approved vocabulary audio.",Active grammar runtime gap: strict grammar variants need approved image and choice audio.,0,0,visual_adjective_image_and_word_audio,
wm-0032,P1,adjectives,huge,,adjective,false,true,,public/audio/vocabulary/huge.mp3,,"Record clean child-friendly American English audio for ""huge"". Say the whole word naturally only once. Do not spell it. No music, sound effects, echo, robotic voice, or background noise. Normalize volume to match the existing approved vocabulary audio.",Active grammar runtime gap: strict grammar variants need approved image and choice audio.,1,0,visual_adjective_image_and_word_audio,
wm-0033,P1,adjectives,kind,,adjective,false,true,,public/audio/vocabulary/kind.mp3,,"Record clean child-friendly American English audio for ""kind"". Say the whole word naturally only once. Do not spell it. No music, sound effects, echo, robotic voice, or background noise. Normalize volume to match the existing approved vocabulary audio.",Active grammar runtime gap: strict grammar variants need approved image and choice audio.,1,0,visual_adjective_image_and_word_audio,
wm-0034,P1,adjectives,large,,adjective,true,true,public/images/assessment/language/variants/adjectives/large-01.webp,public/audio/vocabulary/large.mp3,"Create a clear child-friendly cartoon-realistic image showing the adjective ""large"". Use a simple scene that makes the property obvious. No text, labels, signs, speech bubbles, logos, or watermarks. Natural colors; no random rainbow/sparkle/kawaii treatment.","Record clean child-friendly American English audio for ""large"". Say the whole word naturally only once. Do not spell it. No music, sound effects, echo, robotic voice, or background noise. Normalize volume to match the existing approved vocabulary audio.",Active grammar runtime gap: strict grammar variants need approved image and choice audio.,0,0,visual_adjective_image_and_word_audio,
wm-0035,P1,adjectives,last,,adjective,false,true,,public/audio/vocabulary/last.mp3,,"Record clean child-friendly American English audio for ""last"". Say the whole word naturally only once. Do not spell it. No music, sound effects, echo, robotic voice, or background noise. Normalize volume to match the existing approved vocabulary audio.",Active grammar runtime gap: strict grammar variants need approved image and choice audio.,1,0,visual_adjective_image_and_word_audio,
wm-0036,P1,adjectives,late,,adjective,false,true,,public/audio/vocabulary/late.mp3,,"Record clean child-friendly American English audio for ""late"". Say the whole word naturally only once. Do not spell it. No music, sound effects, echo, robotic voice, or background noise. Normalize volume to match the existing approved vocabulary audio.",Active grammar runtime gap: strict grammar variants need approved image and choice audio.,1,0,visual_adjective_image_and_word_audio,
wm-0037,P1,adjectives,lightweight,,adjective,true,true,public/images/assessment/language/variants/adjectives/lightweight-01.webp,public/audio/vocabulary/lightweight.mp3,"Create a clear child-friendly cartoon-realistic image showing the adjective ""lightweight"". Use a simple scene that makes the property obvious. No text, labels, signs, speech bubbles, logos, or watermarks. Natural colors; no random rainbow/sparkle/kawaii treatment.","Record clean child-friendly American English audio for ""lightweight"". Say the whole word naturally only once. Do not spell it. No music, sound effects, echo, robotic voice, or background noise. Normalize volume to match the existing approved vocabulary audio.",Active grammar runtime gap: strict grammar variants need approved image and choice audio.,0,0,visual_adjective_image_and_word_audio,
wm-0038,P1,adjectives,little,,adjective,true,false,public/images/assessment/language/variants/adjectives/little-01.webp,,"Create a clear child-friendly cartoon-realistic image showing the adjective ""little"". Use a simple scene that makes the property obvious. No text, labels, signs, speech bubbles, logos, or watermarks. Natural colors; no random rainbow/sparkle/kawaii treatment.",,Active grammar runtime gap: strict grammar variants need approved image and choice audio.,0,1,visual_adjective_image_and_word_audio,
wm-0039,P1,adjectives,lonely,,adjective,true,true,public/images/assessment/language/variants/adjectives/lonely-01.webp,public/audio/vocabulary/lonely.mp3,"Create a clear child-friendly cartoon-realistic image showing the adjective ""lonely"". Use a simple scene that makes the property obvious. No text, labels, signs, speech bubbles, logos, or watermarks. Natural colors; no random rainbow/sparkle/kawaii treatment.","Record clean child-friendly American English audio for ""lonely"". Say the whole word naturally only once. Do not spell it. No music, sound effects, echo, robotic voice, or background noise. Normalize volume to match the existing approved vocabulary audio.",Active grammar runtime gap: strict grammar variants need approved image and choice audio.,0,0,visual_adjective_image_and_word_audio,
wm-0040,P1,adjectives,messy,,adjective,true,true,public/images/assessment/language/variants/adjectives/messy-01.webp,public/audio/vocabulary/messy.mp3,"Create a clear child-friendly cartoon-realistic image showing the adjective ""messy"". Use a simple scene that makes the property obvious. No text, labels, signs, speech bubbles, logos, or watermarks. Natural colors; no random rainbow/sparkle/kawaii treatment.","Record clean child-friendly American English audio for ""messy"". Say the whole word naturally only once. Do not spell it. No music, sound effects, echo, robotic voice, or background noise. Normalize volume to match the existing approved vocabulary audio.",Active grammar runtime gap: strict grammar variants need approved image and choice audio.,0,0,visual_adjective_image_and_word_audio,
wm-0041,P1,adjectives,narrow,,adjective,true,true,public/images/assessment/language/variants/adjectives/narrow-01.webp,public/audio/vocabulary/narrow.mp3,"Create a clear child-friendly cartoon-realistic image showing the adjective ""narrow"". Use a simple scene that makes the property obvious. No text, labels, signs, speech bubbles, logos, or watermarks. Natural colors; no random rainbow/sparkle/kawaii treatment.","Record clean child-friendly American English audio for ""narrow"". Say the whole word naturally only once. Do not spell it. No music, sound effects, echo, robotic voice, or background noise. Normalize volume to match the existing approved vocabulary audio.",Active grammar runtime gap: strict grammar variants need approved image and choice audio.,0,0,visual_adjective_image_and_word_audio,
wm-0042,P1,adjectives,neat,,adjective,false,true,,public/audio/vocabulary/neat.mp3,,"Record clean child-friendly American English audio for ""neat"". Say the whole word naturally only once. Do not spell it. No music, sound effects, echo, robotic voice, or background noise. Normalize volume to match the existing approved vocabulary audio.",Active grammar runtime gap: strict grammar variants need approved image and choice audio.,1,0,visual_adjective_image_and_word_audio,
wm-0043,P1,adjectives,noisy,,adjective,false,true,,public/audio/vocabulary/noisy.mp3,,"Record clean child-friendly American English audio for ""noisy"". Say the whole word naturally only once. Do not spell it. No music, sound effects, echo, robotic voice, or background noise. Normalize volume to match the existing approved vocabulary audio.",Active grammar runtime gap: strict grammar variants need approved image and choice audio.,1,0,visual_adjective_image_and_word_audio,
wm-0044,P1,adjectives,old,,adjective,false,true,,public/audio/vocabulary/old.mp3,,"Record clean child-friendly American English audio for ""old"". Say the whole word naturally only once. Do not spell it. No music, sound effects, echo, robotic voice, or background noise. Normalize volume to match the existing approved vocabulary audio.",Active grammar runtime gap: strict grammar variants need approved image and choice audio.,1,0,visual_adjective_image_and_word_audio,
wm-0045,P1,adjectives,patient,,adjective,true,true,public/images/assessment/language/variants/adjectives/patient-01.webp,public/audio/vocabulary/patient.mp3,"Create a clear child-friendly cartoon-realistic image showing the adjective ""patient"". Use a simple scene that makes the property obvious. No text, labels, signs, speech bubbles, logos, or watermarks. Natural colors; no random rainbow/sparkle/kawaii treatment.","Record clean child-friendly American English audio for ""patient"". Say the whole word naturally only once. Do not spell it. No music, sound effects, echo, robotic voice, or background noise. Normalize volume to match the existing approved vocabulary audio.",Active grammar runtime gap: strict grammar variants need approved image and choice audio.,0,0,visual_adjective_image_and_word_audio,
wm-0046,P1,adjectives,pink,,adjective,false,true,,public/audio/vocabulary/pink.mp3,,"Record clean child-friendly American English audio for ""pink"". Say the whole word naturally only once. Do not spell it. No music, sound effects, echo, robotic voice, or background noise. Normalize volume to match the existing approved vocabulary audio.",Active grammar runtime gap: strict grammar variants need approved image and choice audio.,5,0,visual_adjective_image_and_word_audio,
wm-0047,P1,adjectives,polite,,adjective,true,true,public/images/assessment/language/variants/adjectives/polite-01.webp,public/audio/vocabulary/polite.mp3,"Create a clear child-friendly cartoon-realistic image showing the adjective ""polite"". Use a simple scene that makes the property obvious. No text, labels, signs, speech bubbles, logos, or watermarks. Natural colors; no random rainbow/sparkle/kawaii treatment.","Record clean child-friendly American English audio for ""polite"". Say the whole word naturally only once. Do not spell it. No music, sound effects, echo, robotic voice, or background noise. Normalize volume to match the existing approved vocabulary audio.",Active grammar runtime gap: strict grammar variants need approved image and choice audio.,0,0,visual_adjective_image_and_word_audio,
wm-0048,P1,adjectives,proud,,adjective,false,true,,public/audio/vocabulary/proud.mp3,,"Record clean child-friendly American English audio for ""proud"". Say the whole word naturally only once. Do not spell it. No music, sound effects, echo, robotic voice, or background noise. Normalize volume to match the existing approved vocabulary audio.",Active grammar runtime gap: strict grammar variants need approved image and choice audio.,1,0,visual_adjective_image_and_word_audio,
wm-0049,P1,adjectives,purple,,adjective,false,true,,public/audio/vocabulary/purple.mp3,,"Record clean child-friendly American English audio for ""purple"". Say the whole word naturally only once. Do not spell it. No music, sound effects, echo, robotic voice, or background noise. Normalize volume to match the existing approved vocabulary audio.",Active grammar runtime gap: strict grammar variants need approved image and choice audio.,2,0,visual_adjective_image_and_word_audio,
wm-0050,P1,adjectives,rainy,,adjective,true,true,public/images/assessment/language/variants/adjectives/rainy-01.webp,public/audio/vocabulary/rainy.mp3,"Create a clear child-friendly cartoon-realistic image showing the adjective ""rainy"". Use a simple scene that makes the property obvious. No text, labels, signs, speech bubbles, logos, or watermarks. Natural colors; no random rainbow/sparkle/kawaii treatment.","Record clean child-friendly American English audio for ""rainy"". Say the whole word naturally only once. Do not spell it. No music, sound effects, echo, robotic voice, or background noise. Normalize volume to match the existing approved vocabulary audio.",Active grammar runtime gap: strict grammar variants need approved image and choice audio.,0,0,visual_adjective_image_and_word_audio,
wm-0051,P1,adjectives,rough,,adjective,false,true,,public/audio/vocabulary/rough.mp3,,"Record clean child-friendly American English audio for ""rough"". Say the whole word naturally only once. Do not spell it. No music, sound effects, echo, robotic voice, or background noise. Normalize volume to match the existing approved vocabulary audio.",Active grammar runtime gap: strict grammar variants need approved image and choice audio.,1,0,visual_adjective_image_and_word_audio,
wm-0052,P1,adjectives,safe,,adjective,true,true,public/images/assessment/language/variants/adjectives/safe-01.webp,public/audio/vocabulary/safe.mp3,"Create a clear child-friendly cartoon-realistic image showing the adjective ""safe"". Use a simple scene that makes the property obvious. No text, labels, signs, speech bubbles, logos, or watermarks. Natural colors; no random rainbow/sparkle/kawaii treatment.","Record clean child-friendly American English audio for ""safe"". Say the whole word naturally only once. Do not spell it. No music, sound effects, echo, robotic voice, or background noise. Normalize volume to match the existing approved vocabulary audio.",Active grammar runtime gap: strict grammar variants need approved image and choice audio.,0,0,visual_adjective_image_and_word_audio,
wm-0053,P1,adjectives,salty,,adjective,true,true,public/images/assessment/language/variants/adjectives/salty-01.webp,public/audio/vocabulary/salty.mp3,"Create a clear child-friendly cartoon-realistic image showing the adjective ""salty"". Use a simple scene that makes the property obvious. No text, labels, signs, speech bubbles, logos, or watermarks. Natural colors; no random rainbow/sparkle/kawaii treatment.","Record clean child-friendly American English audio for ""salty"". Say the whole word naturally only once. Do not spell it. No music, sound effects, echo, robotic voice, or background noise. Normalize volume to match the existing approved vocabulary audio.",Active grammar runtime gap: strict grammar variants need approved image and choice audio.,0,0,visual_adjective_image_and_word_audio,
wm-0054,P1,adjectives,same,,adjective,false,true,,public/audio/vocabulary/same.mp3,,"Record clean child-friendly American English audio for ""same"". Say the whole word naturally only once. Do not spell it. No music, sound effects, echo, robotic voice, or background noise. Normalize volume to match the existing approved vocabulary audio.",Active grammar runtime gap: strict grammar variants need approved image and choice audio.,1,0,visual_adjective_image_and_word_audio,
wm-0055,P1,adjectives,serious,,adjective,true,true,public/images/assessment/language/variants/adjectives/serious-01.webp,public/audio/vocabulary/serious.mp3,"Create a clear child-friendly cartoon-realistic image showing the adjective ""serious"". Use a simple scene that makes the property obvious. No text, labels, signs, speech bubbles, logos, or watermarks. Natural colors; no random rainbow/sparkle/kawaii treatment.","Record clean child-friendly American English audio for ""serious"". Say the whole word naturally only once. Do not spell it. No music, sound effects, echo, robotic voice, or background noise. Normalize volume to match the existing approved vocabulary audio.",Active grammar runtime gap: strict grammar variants need approved image and choice audio.,0,0,visual_adjective_image_and_word_audio,
wm-0056,P1,adjectives,shallow,,adjective,true,true,public/images/assessment/language/variants/adjectives/shallow-01.webp,public/audio/vocabulary/shallow.mp3,"Create a clear child-friendly cartoon-realistic image showing the adjective ""shallow"". Use a simple scene that makes the property obvious. No text, labels, signs, speech bubbles, logos, or watermarks. Natural colors; no random rainbow/sparkle/kawaii treatment.","Record clean child-friendly American English audio for ""shallow"". Say the whole word naturally only once. Do not spell it. No music, sound effects, echo, robotic voice, or background noise. Normalize volume to match the existing approved vocabulary audio.",Active grammar runtime gap: strict grammar variants need approved image and choice audio.,0,0,visual_adjective_image_and_word_audio,
wm-0057,P1,adjectives,sharp,,adjective,false,true,,public/audio/vocabulary/sharp.mp3,,"Record clean child-friendly American English audio for ""sharp"". Say the whole word naturally only once. Do not spell it. No music, sound effects, echo, robotic voice, or background noise. Normalize volume to match the existing approved vocabulary audio.",Active grammar runtime gap: strict grammar variants need approved image and choice audio.,2,0,visual_adjective_image_and_word_audio,
wm-0058,P1,adjectives,shy,,adjective,false,true,,public/audio/vocabulary/shy.mp3,,"Record clean child-friendly American English audio for ""shy"". Say the whole word naturally only once. Do not spell it. No music, sound effects, echo, robotic voice, or background noise. Normalize volume to match the existing approved vocabulary audio.",Active grammar runtime gap: strict grammar variants need approved image and choice audio.,1,0,visual_adjective_image_and_word_audio,
wm-0059,P1,adjectives,silly,,adjective,true,true,public/images/assessment/language/variants/adjectives/silly-01.webp,public/audio/vocabulary/silly.mp3,"Create a clear child-friendly cartoon-realistic image showing the adjective ""silly"". Use a simple scene that makes the property obvious. No text, labels, signs, speech bubbles, logos, or watermarks. Natural colors; no random rainbow/sparkle/kawaii treatment.","Record clean child-friendly American English audio for ""silly"". Say the whole word naturally only once. Do not spell it. No music, sound effects, echo, robotic voice, or background noise. Normalize volume to match the existing approved vocabulary audio.",Active grammar runtime gap: strict grammar variants need approved image and choice audio.,0,0,visual_adjective_image_and_word_audio,
wm-0060,P1,adjectives,silver,,adjective,true,true,public/images/assessment/language/variants/adjectives/silver-01.webp,public/audio/vocabulary/silver.mp3,"Create a clear child-friendly cartoon-realistic image showing the adjective ""silver"". Use a simple scene that makes the property obvious. No text, labels, signs, speech bubbles, logos, or watermarks. Natural colors; no random rainbow/sparkle/kawaii treatment.","Record clean child-friendly American English audio for ""silver"". Say the whole word naturally only once. Do not spell it. No music, sound effects, echo, robotic voice, or background noise. Normalize volume to match the existing approved vocabulary audio.",Active grammar runtime gap: strict grammar variants need approved image and choice audio.,0,0,visual_adjective_image_and_word_audio,
wm-0061,P1,adjectives,simple,,adjective,true,true,public/images/assessment/language/variants/adjectives/simple-01.webp,public/audio/vocabulary/simple.mp3,"Create a clear child-friendly cartoon-realistic image showing the adjective ""simple"". Use a simple scene that makes the property obvious. No text, labels, signs, speech bubbles, logos, or watermarks. Natural colors; no random rainbow/sparkle/kawaii treatment.","Record clean child-friendly American English audio for ""simple"". Say the whole word naturally only once. Do not spell it. No music, sound effects, echo, robotic voice, or background noise. Normalize volume to match the existing approved vocabulary audio.",Active grammar runtime gap: strict grammar variants need approved image and choice audio.,0,0,visual_adjective_image_and_word_audio,
wm-0062,P1,adjectives,sleepy,,adjective,true,true,public/images/assessment/language/variants/adjectives/sleepy-01.webp,public/audio/vocabulary/sleepy.mp3,"Create a clear child-friendly cartoon-realistic image showing the adjective ""sleepy"". Use a simple scene that makes the property obvious. No text, labels, signs, speech bubbles, logos, or watermarks. Natural colors; no random rainbow/sparkle/kawaii treatment.","Record clean child-friendly American English audio for ""sleepy"". Say the whole word naturally only once. Do not spell it. No music, sound effects, echo, robotic voice, or background noise. Normalize volume to match the existing approved vocabulary audio.",Active grammar runtime gap: strict grammar variants need approved image and choice audio.,0,0,visual_adjective_image_and_word_audio,
wm-0063,P1,adjectives,slippery,,adjective,true,true,public/images/assessment/language/variants/adjectives/slippery-01.webp,public/audio/vocabulary/slippery.mp3,"Create a clear child-friendly cartoon-realistic image showing the adjective ""slippery"". Use a simple scene that makes the property obvious. No text, labels, signs, speech bubbles, logos, or watermarks. Natural colors; no random rainbow/sparkle/kawaii treatment.","Record clean child-friendly American English audio for ""slippery"". Say the whole word naturally only once. Do not spell it. No music, sound effects, echo, robotic voice, or background noise. Normalize volume to match the existing approved vocabulary audio.",Active grammar runtime gap: strict grammar variants need approved image and choice audio.,0,0,visual_adjective_image_and_word_audio,
wm-0064,P1,adjectives,smooth,,adjective,false,true,,public/audio/vocabulary/smooth.mp3,,"Record clean child-friendly American English audio for ""smooth"". Say the whole word naturally only once. Do not spell it. No music, sound effects, echo, robotic voice, or background noise. Normalize volume to match the existing approved vocabulary audio.",Active grammar runtime gap: strict grammar variants need approved image and choice audio.,2,0,visual_adjective_image_and_word_audio,
wm-0065,P1,adjectives,snowy,,adjective,true,true,public/images/assessment/language/variants/adjectives/snowy-01.webp,public/audio/vocabulary/snowy.mp3,"Create a clear child-friendly cartoon-realistic image showing the adjective ""snowy"". Use a simple scene that makes the property obvious. No text, labels, signs, speech bubbles, logos, or watermarks. Natural colors; no random rainbow/sparkle/kawaii treatment.","Record clean child-friendly American English audio for ""snowy"". Say the whole word naturally only once. Do not spell it. No music, sound effects, echo, robotic voice, or background noise. Normalize volume to match the existing approved vocabulary audio.",Active grammar runtime gap: strict grammar variants need approved image and choice audio.,0,0,visual_adjective_image_and_word_audio,
wm-0066,P1,adjectives,spotted,,adjective,true,true,public/images/assessment/language/variants/adjectives/spotted-01.webp,public/audio/vocabulary/spotted.mp3,"Create a clear child-friendly cartoon-realistic image showing the adjective ""spotted"". Use a simple scene that makes the property obvious. No text, labels, signs, speech bubbles, logos, or watermarks. Natural colors; no random rainbow/sparkle/kawaii treatment.","Record clean child-friendly American English audio for ""spotted"". Say the whole word naturally only once. Do not spell it. No music, sound effects, echo, robotic voice, or background noise. Normalize volume to match the existing approved vocabulary audio.",Active grammar runtime gap: strict grammar variants need approved image and choice audio.,0,0,visual_adjective_image_and_word_audio,
wm-0067,P1,adjectives,square,,adjective,false,true,,public/audio/vocabulary/square.mp3,,"Record clean child-friendly American English audio for ""square"". Say the whole word naturally only once. Do not spell it. No music, sound effects, echo, robotic voice, or background noise. Normalize volume to match the existing approved vocabulary audio.",Active grammar runtime gap: strict grammar variants need approved image and choice audio.,1,0,visual_adjective_image_and_word_audio,
wm-0068,P1,adjectives,stale,,adjective,true,true,public/images/assessment/language/variants/adjectives/stale-01.webp,public/audio/vocabulary/stale.mp3,"Create a clear child-friendly cartoon-realistic image showing the adjective ""stale"". Use a simple scene that makes the property obvious. No text, labels, signs, speech bubbles, logos, or watermarks. Natural colors; no random rainbow/sparkle/kawaii treatment.","Record clean child-friendly American English audio for ""stale"". Say the whole word naturally only once. Do not spell it. No music, sound effects, echo, robotic voice, or background noise. Normalize volume to match the existing approved vocabulary audio.",Active grammar runtime gap: strict grammar variants need approved image and choice audio.,0,0,visual_adjective_image_and_word_audio,
wm-0069,P1,adjectives,sticky,,adjective,true,true,public/images/assessment/language/variants/adjectives/sticky-01.webp,public/audio/vocabulary/sticky.mp3,"Create a clear child-friendly cartoon-realistic image showing the adjective ""sticky"". Use a simple scene that makes the property obvious. No text, labels, signs, speech bubbles, logos, or watermarks. Natural colors; no random rainbow/sparkle/kawaii treatment.","Record clean child-friendly American English audio for ""sticky"". Say the whole word naturally only once. Do not spell it. No music, sound effects, echo, robotic voice, or background noise. Normalize volume to match the existing approved vocabulary audio.",Active grammar runtime gap: strict grammar variants need approved image and choice audio.,0,0,visual_adjective_image_and_word_audio,
wm-0070,P1,adjectives,straight,,adjective,true,true,public/images/assessment/language/variants/adjectives/straight-01.webp,public/audio/vocabulary/straight.mp3,"Create a clear child-friendly cartoon-realistic image showing the adjective ""straight"". Use a simple scene that makes the property obvious. No text, labels, signs, speech bubbles, logos, or watermarks. Natural colors; no random rainbow/sparkle/kawaii treatment.","Record clean child-friendly American English audio for ""straight"". Say the whole word naturally only once. Do not spell it. No music, sound effects, echo, robotic voice, or background noise. Normalize volume to match the existing approved vocabulary audio.",Active grammar runtime gap: strict grammar variants need approved image and choice audio.,0,0,visual_adjective_image_and_word_audio,
wm-0071,P1,adjectives,striped,,adjective,false,true,,public/audio/vocabulary/striped.mp3,,"Record clean child-friendly American English audio for ""striped"". Say the whole word naturally only once. Do not spell it. No music, sound effects, echo, robotic voice, or background noise. Normalize volume to match the existing approved vocabulary audio.",Active grammar runtime gap: strict grammar variants need approved image and choice audio.,1,0,visual_adjective_image_and_word_audio,
wm-0072,P1,adjectives,strong,,adjective,false,true,,public/audio/vocabulary/strong.mp3,,"Record clean child-friendly American English audio for ""strong"". Say the whole word naturally only once. Do not spell it. No music, sound effects, echo, robotic voice, or background noise. Normalize volume to match the existing approved vocabulary audio.",Active grammar runtime gap: strict grammar variants need approved image and choice audio.,2,0,visual_adjective_image_and_word_audio,
wm-0073,P1,adjectives,sunny,,adjective,true,true,public/images/assessment/language/variants/adjectives/sunny-01.webp,public/audio/vocabulary/sunny.mp3,"Create a clear child-friendly cartoon-realistic image showing the adjective ""sunny"". Use a simple scene that makes the property obvious. No text, labels, signs, speech bubbles, logos, or watermarks. Natural colors; no random rainbow/sparkle/kawaii treatment.","Record clean child-friendly American English audio for ""sunny"". Say the whole word naturally only once. Do not spell it. No music, sound effects, echo, robotic voice, or background noise. Normalize volume to match the existing approved vocabulary audio.",Active grammar runtime gap: strict grammar variants need approved image and choice audio.,0,0,visual_adjective_image_and_word_audio,
wm-0074,P1,adjectives,sweet,,adjective,false,true,,public/audio/vocabulary/sweet.mp3,,"Record clean child-friendly American English audio for ""sweet"". Say the whole word naturally only once. Do not spell it. No music, sound effects, echo, robotic voice, or background noise. Normalize volume to match the existing approved vocabulary audio.",Active grammar runtime gap: strict grammar variants need approved image and choice audio.,2,0,visual_adjective_image_and_word_audio,
wm-0075,P1,adjectives,thankful,,adjective,true,true,public/images/assessment/language/variants/adjectives/thankful-01.webp,public/audio/vocabulary/thankful.mp3,"Create a clear child-friendly cartoon-realistic image showing the adjective ""thankful"". Use a simple scene that makes the property obvious. No text, labels, signs, speech bubbles, logos, or watermarks. Natural colors; no random rainbow/sparkle/kawaii treatment.","Record clean child-friendly American English audio for ""thankful"". Say the whole word naturally only once. Do not spell it. No music, sound effects, echo, robotic voice, or background noise. Normalize volume to match the existing approved vocabulary audio.",Active grammar runtime gap: strict grammar variants need approved image and choice audio.,0,0,visual_adjective_image_and_word_audio,
wm-0076,P1,adjectives,thick,,adjective,false,true,,public/audio/vocabulary/thick.mp3,,"Record clean child-friendly American English audio for ""thick"". Say the whole word naturally only once. Do not spell it. No music, sound effects, echo, robotic voice, or background noise. Normalize volume to match the existing approved vocabulary audio.",Active grammar runtime gap: strict grammar variants need approved image and choice audio.,1,0,visual_adjective_image_and_word_audio,
wm-0077,P1,adjectives,tiny,,adjective,false,true,,public/audio/vocabulary/tiny.mp3,,"Record clean child-friendly American English audio for ""tiny"". Say the whole word naturally only once. Do not spell it. No music, sound effects, echo, robotic voice, or background noise. Normalize volume to match the existing approved vocabulary audio.",Active grammar runtime gap: strict grammar variants need approved image and choice audio.,2,0,visual_adjective_image_and_word_audio,
wm-0078,P1,adjectives,tricky,,adjective,true,true,public/images/assessment/language/variants/adjectives/tricky-01.webp,public/audio/vocabulary/tricky.mp3,"Create a clear child-friendly cartoon-realistic image showing the adjective ""tricky"". Use a simple scene that makes the property obvious. No text, labels, signs, speech bubbles, logos, or watermarks. Natural colors; no random rainbow/sparkle/kawaii treatment.","Record clean child-friendly American English audio for ""tricky"". Say the whole word naturally only once. Do not spell it. No music, sound effects, echo, robotic voice, or background noise. Normalize volume to match the existing approved vocabulary audio.",Active grammar runtime gap: strict grammar variants need approved image and choice audio.,0,0,visual_adjective_image_and_word_audio,
wm-0079,P1,adjectives,warm,,adjective,false,true,,public/audio/vocabulary/warm.mp3,,"Record clean child-friendly American English audio for ""warm"". Say the whole word naturally only once. Do not spell it. No music, sound effects, echo, robotic voice, or background noise. Normalize volume to match the existing approved vocabulary audio.",Active grammar runtime gap: strict grammar variants need approved image and choice audio.,2,0,visual_adjective_image_and_word_audio,
wm-0080,P1,adjectives,wide,,adjective,false,true,,public/audio/vocabulary/wide.mp3,,"Record clean child-friendly American English audio for ""wide"". Say the whole word naturally only once. Do not spell it. No music, sound effects, echo, robotic voice, or background noise. Normalize volume to match the existing approved vocabulary audio.",Active grammar runtime gap: strict grammar variants need approved image and choice audio.,1,0,visual_adjective_image_and_word_audio,
wm-0081,P1,adjectives,windy,,adjective,true,true,public/images/assessment/language/variants/adjectives/windy-01.webp,public/audio/vocabulary/windy.mp3,"Create a clear child-friendly cartoon-realistic image showing the adjective ""windy"". Use a simple scene that makes the property obvious. No text, labels, signs, speech bubbles, logos, or watermarks. Natural colors; no random rainbow/sparkle/kawaii treatment.","Record clean child-friendly American English audio for ""windy"". Say the whole word naturally only once. Do not spell it. No music, sound effects, echo, robotic voice, or background noise. Normalize volume to match the existing approved vocabulary audio.",Active grammar runtime gap: strict grammar variants need approved image and choice audio.,0,0,visual_adjective_image_and_word_audio,
wm-0082,P1,antonyms_synonyms,adore,love/adore,synonym,true,false,public/images/assessment/language/variants/antonyms-synonyms/love-adore-01.webp,,"Create a clear child-friendly context image for the synonym pair ""love/adore"". If antonym, show a matched contrast. If synonym, show one scene where both meanings make sense. No text, labels, signs, speech bubbles, logos, or watermarks.",,Active language-pair phase gap would benefit from disambiguating image/context media.,0,0,visual_word_pair_or_sentence_context,"Phase gap remains: {""L1P1"":25,""L1P2"":11,""L2P1"":49,""L2P2"":125}"
wm-0083,P1,antonyms_synonyms,afraid,brave/afraid,antonym,true,false,public/images/assessment/language/variants/antonyms-synonyms/brave-afraid-01.webp,,"Create a clear child-friendly context image for the antonym pair ""brave/afraid"". If antonym, show a matched contrast. If synonym, show one scene where both meanings make sense. No text, labels, signs, speech bubbles, logos, or watermarks.",,Active language-pair phase gap would benefit from disambiguating image/context media.,0,0,visual_word_pair_or_sentence_context,"Phase gap remains: {""L1P1"":25,""L1P2"":11,""L2P1"":49,""L2P2"":125}"
wm-0084,P1,antonyms_synonyms,afraid,afraid/scared,synonym,true,false,public/images/assessment/language/variants/antonyms-synonyms/afraid-scared-01.webp,,"Create a clear child-friendly context image for the synonym pair ""afraid/scared"". If antonym, show a matched contrast. If synonym, show one scene where both meanings make sense. No text, labels, signs, speech bubbles, logos, or watermarks.",,Active language-pair phase gap would benefit from disambiguating image/context media.,0,0,visual_word_pair_or_sentence_context,"Phase gap remains: {""L1P1"":25,""L1P2"":11,""L2P1"":49,""L2P2"":125}"
wm-0085,P1,antonyms_synonyms,after,before/after,antonym,true,false,public/images/assessment/language/variants/antonyms-synonyms/before-after-01.webp,,"Create a clear child-friendly context image for the antonym pair ""before/after"". If antonym, show a matched contrast. If synonym, show one scene where both meanings make sense. No text, labels, signs, speech bubbles, logos, or watermarks.",,Active language-pair phase gap would benefit from disambiguating image/context media.,0,1,visual_word_pair_or_sentence_context,"Phase gap remains: {""L1P1"":25,""L1P2"":11,""L2P1"":49,""L2P2"":125}"
wm-0086,P1,antonyms_synonyms,after,after/later,synonym,true,false,public/images/assessment/language/variants/antonyms-synonyms/after-later-01.webp,,"Create a clear child-friendly context image for the synonym pair ""after/later"". If antonym, show a matched contrast. If synonym, show one scene where both meanings make sense. No text, labels, signs, speech bubbles, logos, or watermarks.",,Active language-pair phase gap would benefit from disambiguating image/context media.,0,1,visual_word_pair_or_sentence_context,"Phase gap remains: {""L1P1"":25,""L1P2"":11,""L2P1"":49,""L2P2"":125}"
wm-0087,P1,antonyms_synonyms,alive,dead/alive,antonym,true,false,public/images/assessment/language/variants/antonyms-synonyms/dead-alive-01.webp,,"Create a clear child-friendly context image for the antonym pair ""dead/alive"". If antonym, show a matched contrast. If synonym, show one scene where both meanings make sense. No text, labels, signs, speech bubbles, logos, or watermarks.",,Active language-pair phase gap would benefit from disambiguating image/context media.,0,0,visual_word_pair_or_sentence_context,"Phase gap remains: {""L1P1"":25,""L1P2"":11,""L2P1"":49,""L2P2"":125}"
wm-0088,P1,antonyms_synonyms,ancient,old/ancient,synonym,true,false,public/images/assessment/language/variants/antonyms-synonyms/old-ancient-01.webp,,"Create a clear child-friendly context image for the synonym pair ""old/ancient"". If antonym, show a matched contrast. If synonym, show one scene where both meanings make sense. No text, labels, signs, speech bubbles, logos, or watermarks.",,Active language-pair phase gap would benefit from disambiguating image/context media.,0,0,visual_word_pair_or_sentence_context,"Phase gap remains: {""L1P1"":25,""L1P2"":11,""L2P1"":49,""L2P2"":125}"
wm-0089,P1,antonyms_synonyms,angry,mad/angry,synonym,true,false,public/images/assessment/language/variants/antonyms-synonyms/mad-angry-01.webp,,"Create a clear child-friendly context image for the synonym pair ""mad/angry"". If antonym, show a matched contrast. If synonym, show one scene where both meanings make sense. No text, labels, signs, speech bubbles, logos, or watermarks.",,Active language-pair phase gap would benefit from disambiguating image/context media.,0,0,visual_word_pair_or_sentence_context,"Phase gap remains: {""L1P1"":25,""L1P2"":11,""L2P1"":49,""L2P2"":125}"
wm-0090,P1,antonyms_synonyms,answer,answer/reply,synonym,true,false,public/images/assessment/language/variants/antonyms-synonyms/answer-reply-01.webp,,"Create a clear child-friendly context image for the synonym pair ""answer/reply"". If antonym, show a matched contrast. If synonym, show one scene where both meanings make sense. No text, labels, signs, speech bubbles, logos, or watermarks.",,Active language-pair phase gap would benefit from disambiguating image/context media.,0,0,visual_word_pair_or_sentence_context,"Phase gap remains: {""L1P1"":25,""L1P2"":11,""L2P1"":49,""L2P2"":125}"
wm-0091,P1,antonyms_synonyms,apart,together/apart,antonym,true,false,public/images/assessment/language/variants/antonyms-synonyms/together-apart-01.webp,,"Create a clear child-friendly context image for the antonym pair ""together/apart"". If antonym, show a matched contrast. If synonym, show one scene where both meanings make sense. No text, labels, signs, speech bubbles, logos, or watermarks.",,Active language-pair phase gap would benefit from disambiguating image/context media.,0,0,visual_word_pair_or_sentence_context,"Phase gap remains: {""L1P1"":25,""L1P2"":11,""L2P1"":49,""L2P2"":125}"
wm-0092,P1,antonyms_synonyms,arid,dry/arid,synonym,true,false,public/images/assessment/language/variants/antonyms-synonyms/dry-arid-01.webp,,"Create a clear child-friendly context image for the synonym pair ""dry/arid"". If antonym, show a matched contrast. If synonym, show one scene where both meanings make sense. No text, labels, signs, speech bubbles, logos, or watermarks.",,Active language-pair phase gap would benefit from disambiguating image/context media.,0,0,visual_word_pair_or_sentence_context,"Phase gap remains: {""L1P1"":25,""L1P2"":11,""L2P1"":49,""L2P2"":125}"
wm-0093,P1,antonyms_synonyms,ask,ask/question,synonym,true,false,public/images/assessment/language/variants/antonyms-synonyms/ask-question-01.webp,,"Create a clear child-friendly context image for the synonym pair ""ask/question"". If antonym, show a matched contrast. If synonym, show one scene where both meanings make sense. No text, labels, signs, speech bubbles, logos, or watermarks.",,Active language-pair phase gap would benefit from disambiguating image/context media.,0,0,visual_word_pair_or_sentence_context,"Phase gap remains: {""L1P1"":25,""L1P2"":11,""L2P1"":49,""L2P2"":125}"
wm-0094,P1,antonyms_synonyms,asleep,awake/asleep,antonym,true,false,public/images/assessment/language/variants/antonyms-synonyms/awake-asleep-01.webp,,"Create a clear child-friendly context image for the antonym pair ""awake/asleep"". If antonym, show a matched contrast. If synonym, show one scene where both meanings make sense. No text, labels, signs, speech bubbles, logos, or watermarks.",,Active language-pair phase gap would benefit from disambiguating image/context media.,0,0,visual_word_pair_or_sentence_context,"Phase gap remains: {""L1P1"":25,""L1P2"":11,""L2P1"":49,""L2P2"":125}"
wm-0095,P1,antonyms_synonyms,assist,help/assist,synonym,true,false,public/images/assessment/language/variants/antonyms-synonyms/help-assist-01.webp,,"Create a clear child-friendly context image for the synonym pair ""help/assist"". If antonym, show a matched contrast. If synonym, show one scene where both meanings make sense. No text, labels, signs, speech bubbles, logos, or watermarks.",,Active language-pair phase gap would benefit from disambiguating image/context media.,0,0,visual_word_pair_or_sentence_context,"Phase gap remains: {""L1P1"":25,""L1P2"":11,""L2P1"":49,""L2P2"":125}"
wm-0096,P1,antonyms_synonyms,attempt,try/attempt,synonym,true,false,public/images/assessment/language/variants/antonyms-synonyms/try-attempt-01.webp,,"Create a clear child-friendly context image for the synonym pair ""try/attempt"". If antonym, show a matched contrast. If synonym, show one scene where both meanings make sense. No text, labels, signs, speech bubbles, logos, or watermarks.",,Active language-pair phase gap would benefit from disambiguating image/context media.,0,0,visual_word_pair_or_sentence_context,"Phase gap remains: {""L1P1"":25,""L1P2"":11,""L2P1"":49,""L2P2"":125}"
wm-0097,P1,antonyms_synonyms,awake,awake/asleep,antonym,true,false,public/images/assessment/language/variants/antonyms-synonyms/awake-asleep-01.webp,,"Create a clear child-friendly context image for the antonym pair ""awake/asleep"". If antonym, show a matched contrast. If synonym, show one scene where both meanings make sense. No text, labels, signs, speech bubbles, logos, or watermarks.",,Active language-pair phase gap would benefit from disambiguating image/context media.,0,0,visual_word_pair_or_sentence_context,"Phase gap remains: {""L1P1"":25,""L1P2"":11,""L2P1"":49,""L2P2"":125}"
wm-0098,P1,antonyms_synonyms,before,before/after,antonym,true,false,public/images/assessment/language/variants/antonyms-synonyms/before-after-01.webp,,"Create a clear child-friendly context image for the antonym pair ""before/after"". If antonym, show a matched contrast. If synonym, show one scene where both meanings make sense. No text, labels, signs, speech bubbles, logos, or watermarks.",,Active language-pair phase gap would benefit from disambiguating image/context media.,0,1,visual_word_pair_or_sentence_context,"Phase gap remains: {""L1P1"":25,""L1P2"":11,""L2P1"":49,""L2P2"":125}"
wm-0099,P1,antonyms_synonyms,before,before/earlier,synonym,true,false,public/images/assessment/language/variants/antonyms-synonyms/before-earlier-01.webp,,"Create a clear child-friendly context image for the synonym pair ""before/earlier"". If antonym, show a matched contrast. If synonym, show one scene where both meanings make sense. No text, labels, signs, speech bubbles, logos, or watermarks.",,Active language-pair phase gap would benefit from disambiguating image/context media.,0,1,visual_word_pair_or_sentence_context,"Phase gap remains: {""L1P1"":25,""L1P2"":11,""L2P1"":49,""L2P2"":125}"
wm-0100,P1,antonyms_synonyms,bold,brave/bold,synonym,true,false,public/images/assessment/language/variants/antonyms-synonyms/brave-bold-01.webp,,"Create a clear child-friendly context image for the synonym pair ""brave/bold"". If antonym, show a matched contrast. If synonym, show one scene where both meanings make sense. No text, labels, signs, speech bubbles, logos, or watermarks.",,Active language-pair phase gap would benefit from disambiguating image/context media.,0,0,visual_word_pair_or_sentence_context,"Phase gap remains: {""L1P1"":25,""L1P2"":11,""L2P1"":49,""L2P2"":125}"
wm-0101,P1,antonyms_synonyms,bottom,top/bottom,antonym,true,false,public/images/assessment/language/variants/antonyms-synonyms/top-bottom-01.webp,,"Create a clear child-friendly context image for the antonym pair ""top/bottom"". If antonym, show a matched contrast. If synonym, show one scene where both meanings make sense. No text, labels, signs, speech bubbles, logos, or watermarks.",,Active language-pair phase gap would benefit from disambiguating image/context media.,0,0,visual_word_pair_or_sentence_context,"Phase gap remains: {""L1P1"":25,""L1P2"":11,""L2P1"":49,""L2P2"":125}"
wm-0102,P1,antonyms_synonyms,busy,busy/free,antonym,true,false,public/images/assessment/language/variants/antonyms-synonyms/busy-free-01.webp,,"Create a clear child-friendly context image for the antonym pair ""busy/free"". If antonym, show a matched contrast. If synonym, show one scene where both meanings make sense. No text, labels, signs, speech bubbles, logos, or watermarks.",,Active language-pair phase gap would benefit from disambiguating image/context media.,0,0,visual_word_pair_or_sentence_context,"Phase gap remains: {""L1P1"":25,""L1P2"":11,""L2P1"":49,""L2P2"":125}"
wm-0103,P1,antonyms_synonyms,careful,careful/careless,antonym,true,false,public/images/assessment/language/variants/antonyms-synonyms/careful-careless-01.webp,,"Create a clear child-friendly context image for the antonym pair ""careful/careless"". If antonym, show a matched contrast. If synonym, show one scene where both meanings make sense. No text, labels, signs, speech bubbles, logos, or watermarks.",,Active language-pair phase gap would benefit from disambiguating image/context media.,0,0,visual_word_pair_or_sentence_context,"Phase gap remains: {""L1P1"":25,""L1P2"":11,""L2P1"":49,""L2P2"":125}"
wm-0104,P1,antonyms_synonyms,careless,careful/careless,antonym,true,false,public/images/assessment/language/variants/antonyms-synonyms/careful-careless-01.webp,,"Create a clear child-friendly context image for the antonym pair ""careful/careless"". If antonym, show a matched contrast. If synonym, show one scene where both meanings make sense. No text, labels, signs, speech bubbles, logos, or watermarks.",,Active language-pair phase gap would benefit from disambiguating image/context media.,0,0,visual_word_pair_or_sentence_context,"Phase gap remains: {""L1P1"":25,""L1P2"":11,""L2P1"":49,""L2P2"":125}"
wm-0105,P1,antonyms_synonyms,chilly,cold/chilly,synonym,true,false,public/images/assessment/language/variants/antonyms-synonyms/cold-chilly-01.webp,,"Create a clear child-friendly context image for the synonym pair ""cold/chilly"". If antonym, show a matched contrast. If synonym, show one scene where both meanings make sense. No text, labels, signs, speech bubbles, logos, or watermarks.",,Active language-pair phase gap would benefit from disambiguating image/context media.,0,0,visual_word_pair_or_sentence_context,"Phase gap remains: {""L1P1"":25,""L1P2"":11,""L2P1"":49,""L2P2"":125}"
wm-0106,P1,antonyms_synonyms,clever,smart/clever,synonym,true,false,public/images/assessment/language/variants/antonyms-synonyms/smart-clever-01.webp,,"Create a clear child-friendly context image for the synonym pair ""smart/clever"". If antonym, show a matched contrast. If synonym, show one scene where both meanings make sense. No text, labels, signs, speech bubbles, logos, or watermarks.",,Active language-pair phase gap would benefit from disambiguating image/context media.,0,0,visual_word_pair_or_sentence_context,"Phase gap remains: {""L1P1"":25,""L1P2"":11,""L2P1"":49,""L2P2"":125}"
wm-0107,P1,antonyms_synonyms,cloudy,clear/cloudy,antonym,true,false,public/images/assessment/language/variants/antonyms-synonyms/clear-cloudy-01.webp,,"Create a clear child-friendly context image for the antonym pair ""clear/cloudy"". If antonym, show a matched contrast. If synonym, show one scene where both meanings make sense. No text, labels, signs, speech bubbles, logos, or watermarks.",,Active language-pair phase gap would benefit from disambiguating image/context media.,0,0,visual_word_pair_or_sentence_context,"Phase gap remains: {""L1P1"":25,""L1P2"":11,""L2P1"":49,""L2P2"":125}"
wm-0108,P1,antonyms_synonyms,come,come/go,antonym,true,false,public/images/assessment/language/variants/antonyms-synonyms/come-go-01.webp,,"Create a clear child-friendly context image for the antonym pair ""come/go"". If antonym, show a matched contrast. If synonym, show one scene where both meanings make sense. No text, labels, signs, speech bubbles, logos, or watermarks.",,Active language-pair phase gap would benefit from disambiguating image/context media.,0,1,visual_word_pair_or_sentence_context,"Phase gap remains: {""L1P1"":25,""L1P2"":11,""L2P1"":49,""L2P2"":125}"
wm-0109,P1,antonyms_synonyms,complicated,simple/complicated,antonym,true,false,public/images/assessment/language/variants/antonyms-synonyms/simple-complicated-01.webp,,"Create a clear child-friendly context image for the antonym pair ""simple/complicated"". If antonym, show a matched contrast. If synonym, show one scene where both meanings make sense. No text, labels, signs, speech bubbles, logos, or watermarks.",,Active language-pair phase gap would benefit from disambiguating image/context media.,0,0,visual_word_pair_or_sentence_context,"Phase gap remains: {""L1P1"":25,""L1P2"":11,""L2P1"":49,""L2P2"":125}"
wm-0110,P1,antonyms_synonyms,conceal,hide/conceal,synonym,true,false,public/images/assessment/language/variants/antonyms-synonyms/hide-conceal-01.webp,,"Create a clear child-friendly context image for the synonym pair ""hide/conceal"". If antonym, show a matched contrast. If synonym, show one scene where both meanings make sense. No text, labels, signs, speech bubbles, logos, or watermarks.",,Active language-pair phase gap would benefit from disambiguating image/context media.,0,0,visual_word_pair_or_sentence_context,"Phase gap remains: {""L1P1"":25,""L1P2"":11,""L2P1"":49,""L2P2"":125}"
wm-0111,P1,antonyms_synonyms,construct,build/construct,synonym,true,false,public/images/assessment/language/variants/antonyms-synonyms/build-construct-01.webp,,"Create a clear child-friendly context image for the synonym pair ""build/construct"". If antonym, show a matched contrast. If synonym, show one scene where both meanings make sense. No text, labels, signs, speech bubbles, logos, or watermarks.",,Active language-pair phase gap would benefit from disambiguating image/context media.,0,0,visual_word_pair_or_sentence_context,"Phase gap remains: {""L1P1"":25,""L1P2"":11,""L2P1"":49,""L2P2"":125}"
wm-0112,P1,antonyms_synonyms,correct,right/correct,synonym,true,false,public/images/assessment/language/variants/antonyms-synonyms/right-correct-01.webp,,"Create a clear child-friendly context image for the synonym pair ""right/correct"". If antonym, show a matched contrast. If synonym, show one scene where both meanings make sense. No text, labels, signs, speech bubbles, logos, or watermarks.",,Active language-pair phase gap would benefit from disambiguating image/context media.,0,0,visual_word_pair_or_sentence_context,"Phase gap remains: {""L1P1"":25,""L1P2"":11,""L2P1"":49,""L2P2"":125}"
wm-0113,P1,antonyms_synonyms,create,make/create,synonym,true,false,public/images/assessment/language/variants/antonyms-synonyms/make-create-01.webp,,"Create a clear child-friendly context image for the synonym pair ""make/create"". If antonym, show a matched contrast. If synonym, show one scene where both meanings make sense. No text, labels, signs, speech bubbles, logos, or watermarks.",,Active language-pair phase gap would benefit from disambiguating image/context media.,0,0,visual_word_pair_or_sentence_context,"Phase gap remains: {""L1P1"":25,""L1P2"":11,""L2P1"":49,""L2P2"":125}"
wm-0114,P1,antonyms_synonyms,crooked,straight/crooked,antonym,true,false,public/images/assessment/language/variants/antonyms-synonyms/straight-crooked-01.webp,,"Create a clear child-friendly context image for the antonym pair ""straight/crooked"". If antonym, show a matched contrast. If synonym, show one scene where both meanings make sense. No text, labels, signs, speech bubbles, logos, or watermarks.",,Active language-pair phase gap would benefit from disambiguating image/context media.,0,0,visual_word_pair_or_sentence_context,"Phase gap remains: {""L1P1"":25,""L1P2"":11,""L2P1"":49,""L2P2"":125}"
wm-0115,P1,antonyms_synonyms,dangerous,safe/dangerous,antonym,true,false,public/images/assessment/language/variants/antonyms-synonyms/safe-dangerous-01.webp,,"Create a clear child-friendly context image for the antonym pair ""safe/dangerous"". If antonym, show a matched contrast. If synonym, show one scene where both meanings make sense. No text, labels, signs, speech bubbles, logos, or watermarks.",,Active language-pair phase gap would benefit from disambiguating image/context media.,0,0,visual_word_pair_or_sentence_context,"Phase gap remains: {""L1P1"":25,""L1P2"":11,""L2P1"":49,""L2P2"":125}"
wm-0116,P1,antonyms_synonyms,dash,run/dash,synonym,true,false,public/images/assessment/language/variants/antonyms-synonyms/run-dash-01.webp,,"Create a clear child-friendly context image for the synonym pair ""run/dash"". If antonym, show a matched contrast. If synonym, show one scene where both meanings make sense. No text, labels, signs, speech bubbles, logos, or watermarks.",,Active language-pair phase gap would benefit from disambiguating image/context media.,0,0,visual_word_pair_or_sentence_context,"Phase gap remains: {""L1P1"":25,""L1P2"":11,""L2P1"":49,""L2P2"":125}"
wm-0117,P1,antonyms_synonyms,delayed,early/delayed,antonym,true,false,public/images/assessment/language/variants/antonyms-synonyms/early-delayed-01.webp,,"Create a clear child-friendly context image for the antonym pair ""early/delayed"". If antonym, show a matched contrast. If synonym, show one scene where both meanings make sense. No text, labels, signs, speech bubbles, logos, or watermarks.",,Active language-pair phase gap would benefit from disambiguating image/context media.,0,1,visual_word_pair_or_sentence_context,"Phase gap remains: {""L1P1"":25,""L1P2"":11,""L2P1"":49,""L2P2"":125}"
wm-0118,P1,antonyms_synonyms,difficult,hard/difficult,synonym,true,false,public/images/assessment/language/variants/antonyms-synonyms/hard-difficult-01.webp,,"Create a clear child-friendly context image for the synonym pair ""hard/difficult"". If antonym, show a matched contrast. If synonym, show one scene where both meanings make sense. No text, labels, signs, speech bubbles, logos, or watermarks.",,Active language-pair phase gap would benefit from disambiguating image/context media.,0,0,visual_word_pair_or_sentence_context,"Phase gap remains: {""L1P1"":25,""L1P2"":11,""L2P1"":49,""L2P2"":125}"
wm-0119,P1,antonyms_synonyms,discover,find/discover,synonym,true,false,public/images/assessment/language/variants/antonyms-synonyms/find-discover-01.webp,,"Create a clear child-friendly context image for the synonym pair ""find/discover"". If antonym, show a matched contrast. If synonym, show one scene where both meanings make sense. No text, labels, signs, speech bubbles, logos, or watermarks.",,Active language-pair phase gap would benefit from disambiguating image/context media.,0,0,visual_word_pair_or_sentence_context,"Phase gap remains: {""L1P1"":25,""L1P2"":11,""L2P1"":49,""L2P2"":125}"
wm-0120,P1,antonyms_synonyms,dishonest,honest/dishonest,antonym,true,false,public/images/assessment/language/variants/antonyms-synonyms/honest-dishonest-01.webp,,"Create a clear child-friendly context image for the antonym pair ""honest/dishonest"". If antonym, show a matched contrast. If synonym, show one scene where both meanings make sense. No text, labels, signs, speech bubbles, logos, or watermarks.",,Active language-pair phase gap would benefit from disambiguating image/context media.,0,0,visual_word_pair_or_sentence_context,"Phase gap remains: {""L1P1"":25,""L1P2"":11,""L2P1"":49,""L2P2"":125}"
wm-0121,P1,antonyms_synonyms,display,show/display,synonym,true,false,public/images/assessment/language/variants/antonyms-synonyms/show-display-01.webp,,"Create a clear child-friendly context image for the synonym pair ""show/display"". If antonym, show a matched contrast. If synonym, show one scene where both meanings make sense. No text, labels, signs, speech bubbles, logos, or watermarks.",,Active language-pair phase gap would benefit from disambiguating image/context media.,0,0,visual_word_pair_or_sentence_context,"Phase gap remains: {""L1P1"":25,""L1P2"":11,""L2P1"":49,""L2P2"":125}"
wm-0122,P1,antonyms_synonyms,distant,far/distant,synonym,true,false,public/images/assessment/language/variants/antonyms-synonyms/far-distant-01.webp,,"Create a clear child-friendly context image for the synonym pair ""far/distant"". If antonym, show a matched contrast. If synonym, show one scene where both meanings make sense. No text, labels, signs, speech bubbles, logos, or watermarks.",,Active language-pair phase gap would benefit from disambiguating image/context media.,0,0,visual_word_pair_or_sentence_context,"Phase gap remains: {""L1P1"":25,""L1P2"":11,""L2P1"":49,""L2P2"":125}"
wm-0123,P1,antonyms_synonyms,down,up/down,antonym,true,false,public/images/assessment/language/variants/antonyms-synonyms/up-down-01.webp,,"Create a clear child-friendly context image for the antonym pair ""up/down"". If antonym, show a matched contrast. If synonym, show one scene where both meanings make sense. No text, labels, signs, speech bubbles, logos, or watermarks.",,Active language-pair phase gap would benefit from disambiguating image/context media.,0,1,visual_word_pair_or_sentence_context,"Phase gap remains: {""L1P1"":25,""L1P2"":11,""L2P1"":49,""L2P2"":125}"
wm-0124,P1,antonyms_synonyms,dull,sharp/dull,antonym,true,false,public/images/assessment/language/variants/antonyms-synonyms/sharp-dull-01.webp,,"Create a clear child-friendly context image for the antonym pair ""sharp/dull"". If antonym, show a matched contrast. If synonym, show one scene where both meanings make sense. No text, labels, signs, speech bubbles, logos, or watermarks.",,Active language-pair phase gap would benefit from disambiguating image/context media.,0,0,visual_word_pair_or_sentence_context,"Phase gap remains: {""L1P1"":25,""L1P2"":11,""L2P1"":49,""L2P2"":125}"
wm-0125,P1,antonyms_synonyms,earlier,before/earlier,synonym,true,false,public/images/assessment/language/variants/antonyms-synonyms/before-earlier-01.webp,,"Create a clear child-friendly context image for the synonym pair ""before/earlier"". If antonym, show a matched contrast. If synonym, show one scene where both meanings make sense. No text, labels, signs, speech bubbles, logos, or watermarks.",,Active language-pair phase gap would benefit from disambiguating image/context media.,0,0,visual_word_pair_or_sentence_context,"Phase gap remains: {""L1P1"":25,""L1P2"":11,""L2P1"":49,""L2P2"":125}"
wm-0126,P1,antonyms_synonyms,early,early/late,antonym,true,false,public/images/assessment/language/variants/antonyms-synonyms/early-late-01.webp,,"Create a clear child-friendly context image for the antonym pair ""early/late"". If antonym, show a matched contrast. If synonym, show one scene where both meanings make sense. No text, labels, signs, speech bubbles, logos, or watermarks.",,Active language-pair phase gap would benefit from disambiguating image/context media.,0,0,visual_word_pair_or_sentence_context,"Phase gap remains: {""L1P1"":25,""L1P2"":11,""L2P1"":49,""L2P2"":125}"
wm-0127,P1,antonyms_synonyms,easy,easy/hard,antonym,true,false,public/images/assessment/language/variants/antonyms-synonyms/easy-hard-01.webp,,"Create a clear child-friendly context image for the antonym pair ""easy/hard"". If antonym, show a matched contrast. If synonym, show one scene where both meanings make sense. No text, labels, signs, speech bubbles, logos, or watermarks.",,Active language-pair phase gap would benefit from disambiguating image/context media.,0,0,visual_word_pair_or_sentence_context,"Phase gap remains: {""L1P1"":25,""L1P2"":11,""L2P1"":49,""L2P2"":125}"
wm-0128,P1,antonyms_synonyms,easy,easy/simple,synonym,true,false,public/images/assessment/language/variants/antonyms-synonyms/easy-simple-01.webp,,"Create a clear child-friendly context image for the synonym pair ""easy/simple"". If antonym, show a matched contrast. If synonym, show one scene where both meanings make sense. No text, labels, signs, speech bubbles, logos, or watermarks.",,Active language-pair phase gap would benefit from disambiguating image/context media.,0,0,visual_word_pair_or_sentence_context,"Phase gap remains: {""L1P1"":25,""L1P2"":11,""L2P1"":49,""L2P2"":125}"
wm-0129,P1,antonyms_synonyms,employ,use/employ,synonym,true,false,public/images/assessment/language/variants/antonyms-synonyms/use-employ-01.webp,,"Create a clear child-friendly context image for the synonym pair ""use/employ"". If antonym, show a matched contrast. If synonym, show one scene where both meanings make sense. No text, labels, signs, speech bubbles, logos, or watermarks.",,Active language-pair phase gap would benefit from disambiguating image/context media.,0,0,visual_word_pair_or_sentence_context,"Phase gap remains: {""L1P1"":25,""L1P2"":11,""L2P1"":49,""L2P2"":125}"
wm-0130,P1,antonyms_synonyms,end,finish/end,synonym,true,false,public/images/assessment/language/variants/antonyms-synonyms/finish-end-01.webp,,"Create a clear child-friendly context image for the synonym pair ""finish/end"". If antonym, show a matched contrast. If synonym, show one scene where both meanings make sense. No text, labels, signs, speech bubbles, logos, or watermarks.",,Active language-pair phase gap would benefit from disambiguating image/context media.,0,0,visual_word_pair_or_sentence_context,"Phase gap remains: {""L1P1"":25,""L1P2"":11,""L2P1"":49,""L2P2"":125}"
wm-0131,P1,antonyms_synonyms,fake,real/fake,antonym,true,false,public/images/assessment/language/variants/antonyms-synonyms/real-fake-01.webp,,"Create a clear child-friendly context image for the antonym pair ""real/fake"". If antonym, show a matched contrast. If synonym, show one scene where both meanings make sense. No text, labels, signs, speech bubbles, logos, or watermarks.",,Active language-pair phase gap would benefit from disambiguating image/context media.,0,0,visual_word_pair_or_sentence_context,"Phase gap remains: {""L1P1"":25,""L1P2"":11,""L2P1"":49,""L2P2"":125}"
wm-0132,P1,antonyms_synonyms,false,true/false,antonym,true,false,public/images/assessment/language/variants/antonyms-synonyms/true-false-01.webp,,"Create a clear child-friendly context image for the antonym pair ""true/false"". If antonym, show a matched contrast. If synonym, show one scene where both meanings make sense. No text, labels, signs, speech bubbles, logos, or watermarks.",,Active language-pair phase gap would benefit from disambiguating image/context media.,0,0,visual_word_pair_or_sentence_context,"Phase gap remains: {""L1P1"":25,""L1P2"":11,""L2P1"":49,""L2P2"":125}"
wm-0133,P1,antonyms_synonyms,false,false/untrue,synonym,true,false,public/images/assessment/language/variants/antonyms-synonyms/false-untrue-01.webp,,"Create a clear child-friendly context image for the synonym pair ""false/untrue"". If antonym, show a matched contrast. If synonym, show one scene where both meanings make sense. No text, labels, signs, speech bubbles, logos, or watermarks.",,Active language-pair phase gap would benefit from disambiguating image/context media.,0,0,visual_word_pair_or_sentence_context,"Phase gap remains: {""L1P1"":25,""L1P2"":11,""L2P1"":49,""L2P2"":125}"
wm-0134,P1,antonyms_synonyms,filled,empty/filled,antonym,true,false,public/images/assessment/language/variants/antonyms-synonyms/empty-filled-01.webp,,"Create a clear child-friendly context image for the antonym pair ""empty/filled"". If antonym, show a matched contrast. If synonym, show one scene where both meanings make sense. No text, labels, signs, speech bubbles, logos, or watermarks.",,Active language-pair phase gap would benefit from disambiguating image/context media.,0,0,visual_word_pair_or_sentence_context,"Phase gap remains: {""L1P1"":25,""L1P2"":11,""L2P1"":49,""L2P2"":125}"
wm-0135,P1,antonyms_synonyms,filled,full/filled,synonym,true,false,public/images/assessment/language/variants/antonyms-synonyms/full-filled-01.webp,,"Create a clear child-friendly context image for the synonym pair ""full/filled"". If antonym, show a matched contrast. If synonym, show one scene where both meanings make sense. No text, labels, signs, speech bubbles, logos, or watermarks.",,Active language-pair phase gap would benefit from disambiguating image/context media.,0,0,visual_word_pair_or_sentence_context,"Phase gap remains: {""L1P1"":25,""L1P2"":11,""L2P1"":49,""L2P2"":125}"
wm-0136,P1,antonyms_synonyms,find,find/discover,synonym,true,false,public/images/assessment/language/variants/antonyms-synonyms/find-discover-01.webp,,"Create a clear child-friendly context image for the synonym pair ""find/discover"". If antonym, show a matched contrast. If synonym, show one scene where both meanings make sense. No text, labels, signs, speech bubbles, logos, or watermarks.",,Active language-pair phase gap would benefit from disambiguating image/context media.,0,1,visual_word_pair_or_sentence_context,"Phase gap remains: {""L1P1"":25,""L1P2"":11,""L2P1"":49,""L2P2"":125}"
wm-0137,P1,antonyms_synonyms,firm,hard/firm,synonym,true,false,public/images/assessment/language/variants/antonyms-synonyms/hard-firm-01.webp,,"Create a clear child-friendly context image for the synonym pair ""hard/firm"". If antonym, show a matched contrast. If synonym, show one scene where both meanings make sense. No text, labels, signs, speech bubbles, logos, or watermarks.",,Active language-pair phase gap would benefit from disambiguating image/context media.,0,0,visual_word_pair_or_sentence_context,"Phase gap remains: {""L1P1"":25,""L1P2"":11,""L2P1"":49,""L2P2"":125}"
wm-0138,P1,antonyms_synonyms,fragile,strong/fragile,antonym,true,false,public/images/assessment/language/variants/antonyms-synonyms/strong-fragile-01.webp,,"Create a clear child-friendly context image for the antonym pair ""strong/fragile"". If antonym, show a matched contrast. If synonym, show one scene where both meanings make sense. No text, labels, signs, speech bubbles, logos, or watermarks.",,Active language-pair phase gap would benefit from disambiguating image/context media.,0,0,visual_word_pair_or_sentence_context,"Phase gap remains: {""L1P1"":25,""L1P2"":11,""L2P1"":49,""L2P2"":125}"
wm-0139,P1,antonyms_synonyms,fragile,weak/fragile,synonym,true,false,public/images/assessment/language/variants/antonyms-synonyms/weak-fragile-01.webp,,"Create a clear child-friendly context image for the synonym pair ""weak/fragile"". If antonym, show a matched contrast. If synonym, show one scene where both meanings make sense. No text, labels, signs, speech bubbles, logos, or watermarks.",,Active language-pair phase gap would benefit from disambiguating image/context media.,0,0,visual_word_pair_or_sentence_context,"Phase gap remains: {""L1P1"":25,""L1P2"":11,""L2P1"":49,""L2P2"":125}"
wm-0140,P1,antonyms_synonyms,friendly,friendly/unfriendly,antonym,true,false,public/images/assessment/language/variants/antonyms-synonyms/friendly-unfriendly-01.webp,,"Create a clear child-friendly context image for the antonym pair ""friendly/unfriendly"". If antonym, show a matched contrast. If synonym, show one scene where both meanings make sense. No text, labels, signs, speech bubbles, logos, or watermarks.",,Active language-pair phase gap would benefit from disambiguating image/context media.,0,0,visual_word_pair_or_sentence_context,"Phase gap remains: {""L1P1"":25,""L1P2"":11,""L2P1"":49,""L2P2"":125}"
wm-0141,P1,antonyms_synonyms,front,front/back,antonym,true,false,public/images/assessment/language/variants/antonyms-synonyms/front-back-01.webp,,"Create a clear child-friendly context image for the antonym pair ""front/back"". If antonym, show a matched contrast. If synonym, show one scene where both meanings make sense. No text, labels, signs, speech bubbles, logos, or watermarks.",,Active language-pair phase gap would benefit from disambiguating image/context media.,0,0,visual_word_pair_or_sentence_context,"Phase gap remains: {""L1P1"":25,""L1P2"":11,""L2P1"":49,""L2P2"":125}"
wm-0142,P1,antonyms_synonyms,funny,funny/silly,synonym,true,false,public/images/assessment/language/variants/antonyms-synonyms/funny-silly-01.webp,,"Create a clear child-friendly context image for the synonym pair ""funny/silly"". If antonym, show a matched contrast. If synonym, show one scene where both meanings make sense. No text, labels, signs, speech bubbles, logos, or watermarks.",,Active language-pair phase gap would benefit from disambiguating image/context media.,0,0,visual_word_pair_or_sentence_context,"Phase gap remains: {""L1P1"":25,""L1P2"":11,""L2P1"":49,""L2P2"":125}"
wm-0143,P1,antonyms_synonyms,giggle,laugh/giggle,synonym,true,false,public/images/assessment/language/variants/antonyms-synonyms/laugh-giggle-01.webp,,"Create a clear child-friendly context image for the synonym pair ""laugh/giggle"". If antonym, show a matched contrast. If synonym, show one scene where both meanings make sense. No text, labels, signs, speech bubbles, logos, or watermarks.",,Active language-pair phase gap would benefit from disambiguating image/context media.,0,0,visual_word_pair_or_sentence_context,"Phase gap remains: {""L1P1"":25,""L1P2"":11,""L2P1"":49,""L2P2"":125}"
wm-0144,P1,antonyms_synonyms,give,give/take,antonym,true,false,public/images/assessment/language/variants/antonyms-synonyms/give-take-01.webp,,"Create a clear child-friendly context image for the antonym pair ""give/take"". If antonym, show a matched contrast. If synonym, show one scene where both meanings make sense. No text, labels, signs, speech bubbles, logos, or watermarks.",,Active language-pair phase gap would benefit from disambiguating image/context media.,0,0,visual_word_pair_or_sentence_context,"Phase gap remains: {""L1P1"":25,""L1P2"":11,""L2P1"":49,""L2P2"":125}"
wm-0145,P1,antonyms_synonyms,give,give/offer,synonym,true,false,public/images/assessment/language/variants/antonyms-synonyms/give-offer-01.webp,,"Create a clear child-friendly context image for the synonym pair ""give/offer"". If antonym, show a matched contrast. If synonym, show one scene where both meanings make sense. No text, labels, signs, speech bubbles, logos, or watermarks.",,Active language-pair phase gap would benefit from disambiguating image/context media.,0,0,visual_word_pair_or_sentence_context,"Phase gap remains: {""L1P1"":25,""L1P2"":11,""L2P1"":49,""L2P2"":125}"
wm-0146,P1,antonyms_synonyms,go,come/go,antonym,true,false,public/images/assessment/language/variants/antonyms-synonyms/come-go-01.webp,,"Create a clear child-friendly context image for the antonym pair ""come/go"". If antonym, show a matched contrast. If synonym, show one scene where both meanings make sense. No text, labels, signs, speech bubbles, logos, or watermarks.",,Active language-pair phase gap would benefit from disambiguating image/context media.,0,1,visual_word_pair_or_sentence_context,"Phase gap remains: {""L1P1"":25,""L1P2"":11,""L2P1"":49,""L2P2"":125}"
wm-0147,P1,antonyms_synonyms,great,good/great,synonym,true,false,public/images/assessment/language/variants/antonyms-synonyms/good-great-01.webp,,"Create a clear child-friendly context image for the synonym pair ""good/great"". If antonym, show a matched contrast. If synonym, show one scene where both meanings make sense. No text, labels, signs, speech bubbles, logos, or watermarks.",,Active language-pair phase gap would benefit from disambiguating image/context media.,0,0,visual_word_pair_or_sentence_context,"Phase gap remains: {""L1P1"":25,""L1P2"":11,""L2P1"":49,""L2P2"":125}"
wm-0148,P1,antonyms_synonyms,healthy,healthy/sick,antonym,true,false,public/images/assessment/language/variants/antonyms-synonyms/healthy-sick-01.webp,,"Create a clear child-friendly context image for the antonym pair ""healthy/sick"". If antonym, show a matched contrast. If synonym, show one scene where both meanings make sense. No text, labels, signs, speech bubbles, logos, or watermarks.",,Active language-pair phase gap would benefit from disambiguating image/context media.,0,0,visual_word_pair_or_sentence_context,"Phase gap remains: {""L1P1"":25,""L1P2"":11,""L2P1"":49,""L2P2"":125}"
wm-0149,P1,antonyms_synonyms,hidden,visible/hidden,antonym,true,false,public/images/assessment/language/variants/antonyms-synonyms/visible-hidden-01.webp,,"Create a clear child-friendly context image for the antonym pair ""visible/hidden"". If antonym, show a matched contrast. If synonym, show one scene where both meanings make sense. No text, labels, signs, speech bubbles, logos, or watermarks.",,Active language-pair phase gap would benefit from disambiguating image/context media.,0,0,visual_word_pair_or_sentence_context,"Phase gap remains: {""L1P1"":25,""L1P2"":11,""L2P1"":49,""L2P2"":125}"
wm-0150,P1,antonyms_synonyms,honest,honest/dishonest,antonym,true,false,public/images/assessment/language/variants/antonyms-synonyms/honest-dishonest-01.webp,,"Create a clear child-friendly context image for the antonym pair ""honest/dishonest"". If antonym, show a matched contrast. If synonym, show one scene where both meanings make sense. No text, labels, signs, speech bubbles, logos, or watermarks.",,Active language-pair phase gap would benefit from disambiguating image/context media.,0,0,visual_word_pair_or_sentence_context,"Phase gap remains: {""L1P1"":25,""L1P2"":11,""L2P1"":49,""L2P2"":125}"
wm-0151,P1,antonyms_synonyms,important,important/unimportant,antonym,true,false,public/images/assessment/language/variants/antonyms-synonyms/important-unimportant-01.webp,,"Create a clear child-friendly context image for the antonym pair ""important/unimportant"". If antonym, show a matched contrast. If synonym, show one scene where both meanings make sense. No text, labels, signs, speech bubbles, logos, or watermarks.",,Active language-pair phase gap would benefit from disambiguating image/context media.,0,0,visual_word_pair_or_sentence_context,"Phase gap remains: {""L1P1"":25,""L1P2"":11,""L2P1"":49,""L2P2"":125}"
wm-0152,P1,antonyms_synonyms,impossible,possible/impossible,antonym,true,false,public/images/assessment/language/variants/antonyms-synonyms/possible-impossible-01.webp,,"Create a clear child-friendly context image for the antonym pair ""possible/impossible"". If antonym, show a matched contrast. If synonym, show one scene where both meanings make sense. No text, labels, signs, speech bubbles, logos, or watermarks.",,Active language-pair phase gap would benefit from disambiguating image/context media.,0,0,visual_word_pair_or_sentence_context,"Phase gap remains: {""L1P1"":25,""L1P2"":11,""L2P1"":49,""L2P2"":125}"
wm-0153,P1,antonyms_synonyms,in,in/out,antonym,true,false,public/images/assessment/language/variants/antonyms-synonyms/in-out-01.webp,,"Create a clear child-friendly context image for the antonym pair ""in/out"". If antonym, show a matched contrast. If synonym, show one scene where both meanings make sense. No text, labels, signs, speech bubbles, logos, or watermarks.",,Active language-pair phase gap would benefit from disambiguating image/context media.,0,1,visual_word_pair_or_sentence_context,"Phase gap remains: {""L1P1"":25,""L1P2"":11,""L2P1"":49,""L2P2"":125}"
wm-0154,P1,antonyms_synonyms,incorrect,wrong/incorrect,synonym,true,false,public/images/assessment/language/variants/antonyms-synonyms/wrong-incorrect-01.webp,,"Create a clear child-friendly context image for the synonym pair ""wrong/incorrect"". If antonym, show a matched contrast. If synonym, show one scene where both meanings make sense. No text, labels, signs, speech bubbles, logos, or watermarks.",,Active language-pair phase gap would benefit from disambiguating image/context media.,0,0,visual_word_pair_or_sentence_context,"Phase gap remains: {""L1P1"":25,""L1P2"":11,""L2P1"":49,""L2P2"":125}"
wm-0155,P1,antonyms_synonyms,large,large/tiny,antonym,true,false,public/images/assessment/language/variants/antonyms-synonyms/large-tiny-01.webp,,"Create a clear child-friendly context image for the antonym pair ""large/tiny"". If antonym, show a matched contrast. If synonym, show one scene where both meanings make sense. No text, labels, signs, speech bubbles, logos, or watermarks.",,Active language-pair phase gap would benefit from disambiguating image/context media.,0,0,visual_word_pair_or_sentence_context,"Phase gap remains: {""L1P1"":25,""L1P2"":11,""L2P1"":49,""L2P2"":125}"
wm-0156,P1,antonyms_synonyms,large,big/large,synonym,true,false,public/images/assessment/language/variants/antonyms-synonyms/big-large-01.webp,,"Create a clear child-friendly context image for the synonym pair ""big/large"". If antonym, show a matched contrast. If synonym, show one scene where both meanings make sense. No text, labels, signs, speech bubbles, logos, or watermarks.",,Active language-pair phase gap would benefit from disambiguating image/context media.,0,0,visual_word_pair_or_sentence_context,"Phase gap remains: {""L1P1"":25,""L1P2"":11,""L2P1"":49,""L2P2"":125}"
wm-0157,P1,antonyms_synonyms,later,after/later,synonym,true,false,public/images/assessment/language/variants/antonyms-synonyms/after-later-01.webp,,"Create a clear child-friendly context image for the synonym pair ""after/later"". If antonym, show a matched contrast. If synonym, show one scene where both meanings make sense. No text, labels, signs, speech bubbles, logos, or watermarks.",,Active language-pair phase gap would benefit from disambiguating image/context media.,0,0,visual_word_pair_or_sentence_context,"Phase gap remains: {""L1P1"":25,""L1P2"":11,""L2P1"":49,""L2P2"":125}"
wm-0158,P1,antonyms_synonyms,like,like/enjoy,synonym,true,false,public/images/assessment/language/variants/antonyms-synonyms/like-enjoy-01.webp,,"Create a clear child-friendly context image for the synonym pair ""like/enjoy"". If antonym, show a matched contrast. If synonym, show one scene where both meanings make sense. No text, labels, signs, speech bubbles, logos, or watermarks.",,Active language-pair phase gap would benefit from disambiguating image/context media.,0,1,visual_word_pair_or_sentence_context,"Phase gap remains: {""L1P1"":25,""L1P2"":11,""L2P1"":49,""L2P2"":125}"
wm-0159,P1,antonyms_synonyms,little,small/little,synonym,true,false,public/images/assessment/language/variants/antonyms-synonyms/small-little-01.webp,,"Create a clear child-friendly context image for the synonym pair ""small/little"". If antonym, show a matched contrast. If synonym, show one scene where both meanings make sense. No text, labels, signs, speech bubbles, logos, or watermarks.",,Active language-pair phase gap would benefit from disambiguating image/context media.,0,1,visual_word_pair_or_sentence_context,"Phase gap remains: {""L1P1"":25,""L1P2"":11,""L2P1"":49,""L2P2"":125}"
wm-0160,P1,antonyms_synonyms,loose,loose/tight,antonym,true,false,public/images/assessment/language/variants/antonyms-synonyms/loose-tight-01.webp,,"Create a clear child-friendly context image for the antonym pair ""loose/tight"". If antonym, show a matched contrast. If synonym, show one scene where both meanings make sense. No text, labels, signs, speech bubbles, logos, or watermarks.",,Active language-pair phase gap would benefit from disambiguating image/context media.,0,0,visual_word_pair_or_sentence_context,"Phase gap remains: {""L1P1"":25,""L1P2"":11,""L2P1"":49,""L2P2"":125}"
wm-0161,P1,antonyms_synonyms,lose,win/lose,antonym,true,false,public/images/assessment/language/variants/antonyms-synonyms/win-lose-01.webp,,"Create a clear child-friendly context image for the antonym pair ""win/lose"". If antonym, show a matched contrast. If synonym, show one scene where both meanings make sense. No text, labels, signs, speech bubbles, logos, or watermarks.",,Active language-pair phase gap would benefit from disambiguating image/context media.,0,0,visual_word_pair_or_sentence_context,"Phase gap remains: {""L1P1"":25,""L1P2"":11,""L2P1"":49,""L2P2"":125}"
wm-0162,P1,antonyms_synonyms,lots,many/lots,synonym,true,false,public/images/assessment/language/variants/antonyms-synonyms/many-lots-01.webp,,"Create a clear child-friendly context image for the synonym pair ""many/lots"". If antonym, show a matched contrast. If synonym, show one scene where both meanings make sense. No text, labels, signs, speech bubbles, logos, or watermarks.",,Active language-pair phase gap would benefit from disambiguating image/context media.,0,0,visual_word_pair_or_sentence_context,"Phase gap remains: {""L1P1"":25,""L1P2"":11,""L2P1"":49,""L2P2"":125}"
wm-0163,P1,antonyms_synonyms,make,make/create,synonym,true,false,public/images/assessment/language/variants/antonyms-synonyms/make-create-01.webp,,"Create a clear child-friendly context image for the synonym pair ""make/create"". If antonym, show a matched contrast. If synonym, show one scene where both meanings make sense. No text, labels, signs, speech bubbles, logos, or watermarks.",,Active language-pair phase gap would benefit from disambiguating image/context media.,0,1,visual_word_pair_or_sentence_context,"Phase gap remains: {""L1P1"":25,""L1P2"":11,""L2P1"":49,""L2P2"":125}"
wm-0164,P1,antonyms_synonyms,messy,messy/neat,antonym,true,false,public/images/assessment/language/variants/antonyms-synonyms/messy-neat-01.webp,,"Create a clear child-friendly context image for the antonym pair ""messy/neat"". If antonym, show a matched contrast. If synonym, show one scene where both meanings make sense. No text, labels, signs, speech bubbles, logos, or watermarks.",,Active language-pair phase gap would benefit from disambiguating image/context media.,0,0,visual_word_pair_or_sentence_context,"Phase gap remains: {""L1P1"":25,""L1P2"":11,""L2P1"":49,""L2P2"":125}"
wm-0165,P1,antonyms_synonyms,messy,messy/untidy,synonym,true,false,public/images/assessment/language/variants/antonyms-synonyms/messy-untidy-01.webp,,"Create a clear child-friendly context image for the synonym pair ""messy/untidy"". If antonym, show a matched contrast. If synonym, show one scene where both meanings make sense. No text, labels, signs, speech bubbles, logos, or watermarks.",,Active language-pair phase gap would benefit from disambiguating image/context media.,0,0,visual_word_pair_or_sentence_context,"Phase gap remains: {""L1P1"":25,""L1P2"":11,""L2P1"":49,""L2P2"":125}"
wm-0166,P1,antonyms_synonyms,munch,eat/munch,synonym,true,false,public/images/assessment/language/variants/antonyms-synonyms/eat-munch-01.webp,,"Create a clear child-friendly context image for the synonym pair ""eat/munch"". If antonym, show a matched contrast. If synonym, show one scene where both meanings make sense. No text, labels, signs, speech bubbles, logos, or watermarks.",,Active language-pair phase gap would benefit from disambiguating image/context media.,0,0,visual_word_pair_or_sentence_context,"Phase gap remains: {""L1P1"":25,""L1P2"":11,""L2P1"":49,""L2P2"":125}"
wm-0167,P1,antonyms_synonyms,narrow,wide/narrow,antonym,true,false,public/images/assessment/language/variants/antonyms-synonyms/wide-narrow-01.webp,,"Create a clear child-friendly context image for the antonym pair ""wide/narrow"". If antonym, show a matched contrast. If synonym, show one scene where both meanings make sense. No text, labels, signs, speech bubbles, logos, or watermarks.",,Active language-pair phase gap would benefit from disambiguating image/context media.,0,0,visual_word_pair_or_sentence_context,"Phase gap remains: {""L1P1"":25,""L1P2"":11,""L2P1"":49,""L2P2"":125}"
wm-0168,P1,antonyms_synonyms,needy,poor/needy,synonym,true,false,public/images/assessment/language/variants/antonyms-synonyms/poor-needy-01.webp,,"Create a clear child-friendly context image for the synonym pair ""poor/needy"". If antonym, show a matched contrast. If synonym, show one scene where both meanings make sense. No text, labels, signs, speech bubbles, logos, or watermarks.",,Active language-pair phase gap would benefit from disambiguating image/context media.,0,0,visual_word_pair_or_sentence_context,"Phase gap remains: {""L1P1"":25,""L1P2"":11,""L2P1"":49,""L2P2"":125}"
wm-0169,P1,antonyms_synonyms,offer,give/offer,synonym,true,false,public/images/assessment/language/variants/antonyms-synonyms/give-offer-01.webp,,"Create a clear child-friendly context image for the synonym pair ""give/offer"". If antonym, show a matched contrast. If synonym, show one scene where both meanings make sense. No text, labels, signs, speech bubbles, logos, or watermarks.",,Active language-pair phase gap would benefit from disambiguating image/context media.,0,0,visual_word_pair_or_sentence_context,"Phase gap remains: {""L1P1"":25,""L1P2"":11,""L2P1"":49,""L2P2"":125}"
wm-0170,P1,antonyms_synonyms,on,on/off,antonym,true,false,public/images/assessment/language/variants/antonyms-synonyms/on-off-01.webp,,"Create a clear child-friendly context image for the antonym pair ""on/off"". If antonym, show a matched contrast. If synonym, show one scene where both meanings make sense. No text, labels, signs, speech bubbles, logos, or watermarks.",,Active language-pair phase gap would benefit from disambiguating image/context media.,0,1,visual_word_pair_or_sentence_context,"Phase gap remains: {""L1P1"":25,""L1P2"":11,""L2P1"":49,""L2P2"":125}"
wm-0171,P1,antonyms_synonyms,out,in/out,antonym,true,false,public/images/assessment/language/variants/antonyms-synonyms/in-out-01.webp,,"Create a clear child-friendly context image for the antonym pair ""in/out"". If antonym, show a matched contrast. If synonym, show one scene where both meanings make sense. No text, labels, signs, speech bubbles, logos, or watermarks.",,Active language-pair phase gap would benefit from disambiguating image/context media.,0,1,visual_word_pair_or_sentence_context,"Phase gap remains: {""L1P1"":25,""L1P2"":11,""L2P1"":49,""L2P2"":125}"
wm-0172,P1,antonyms_synonyms,polite,polite/rude,antonym,true,false,public/images/assessment/language/variants/antonyms-synonyms/polite-rude-01.webp,,"Create a clear child-friendly context image for the antonym pair ""polite/rude"". If antonym, show a matched contrast. If synonym, show one scene where both meanings make sense. No text, labels, signs, speech bubbles, logos, or watermarks.",,Active language-pair phase gap would benefit from disambiguating image/context media.,0,0,visual_word_pair_or_sentence_context,"Phase gap remains: {""L1P1"":25,""L1P2"":11,""L2P1"":49,""L2P2"":125}"
wm-0173,P1,antonyms_synonyms,possible,possible/impossible,antonym,true,false,public/images/assessment/language/variants/antonyms-synonyms/possible-impossible-01.webp,,"Create a clear child-friendly context image for the antonym pair ""possible/impossible"". If antonym, show a matched contrast. If synonym, show one scene where both meanings make sense. No text, labels, signs, speech bubbles, logos, or watermarks.",,Active language-pair phase gap would benefit from disambiguating image/context media.,0,0,visual_word_pair_or_sentence_context,"Phase gap remains: {""L1P1"":25,""L1P2"":11,""L2P1"":49,""L2P2"":125}"
wm-0174,P1,antonyms_synonyms,powerful,strong/powerful,synonym,true,false,public/images/assessment/language/variants/antonyms-synonyms/strong-powerful-01.webp,,"Create a clear child-friendly context image for the synonym pair ""strong/powerful"". If antonym, show a matched contrast. If synonym, show one scene where both meanings make sense. No text, labels, signs, speech bubbles, logos, or watermarks.",,Active language-pair phase gap would benefit from disambiguating image/context media.,0,0,visual_word_pair_or_sentence_context,"Phase gap remains: {""L1P1"":25,""L1P2"":11,""L2P1"":49,""L2P2"":125}"
wm-0175,P1,antonyms_synonyms,pretty,pretty/beautiful,synonym,true,false,public/images/assessment/language/variants/antonyms-synonyms/pretty-beautiful-01.webp,,"Create a clear child-friendly context image for the synonym pair ""pretty/beautiful"". If antonym, show a matched contrast. If synonym, show one scene where both meanings make sense. No text, labels, signs, speech bubbles, logos, or watermarks.",,Active language-pair phase gap would benefit from disambiguating image/context media.,0,0,visual_word_pair_or_sentence_context,"Phase gap remains: {""L1P1"":25,""L1P2"":11,""L2P1"":49,""L2P2"":125}"
wm-0176,P1,antonyms_synonyms,private,public/private,antonym,true,false,public/images/assessment/language/variants/antonyms-synonyms/public-private-01.webp,,"Create a clear child-friendly context image for the antonym pair ""public/private"". If antonym, show a matched contrast. If synonym, show one scene where both meanings make sense. No text, labels, signs, speech bubbles, logos, or watermarks.",,Active language-pair phase gap would benefit from disambiguating image/context media.,0,0,visual_word_pair_or_sentence_context,"Phase gap remains: {""L1P1"":25,""L1P2"":11,""L2P1"":49,""L2P2"":125}"
wm-0177,P1,antonyms_synonyms,public,public/private,antonym,true,false,public/images/assessment/language/variants/antonyms-synonyms/public-private-01.webp,,"Create a clear child-friendly context image for the antonym pair ""public/private"". If antonym, show a matched contrast. If synonym, show one scene where both meanings make sense. No text, labels, signs, speech bubbles, logos, or watermarks.",,Active language-pair phase gap would benefit from disambiguating image/context media.,0,0,visual_word_pair_or_sentence_context,"Phase gap remains: {""L1P1"":25,""L1P2"":11,""L2P1"":49,""L2P2"":125}"
wm-0178,P1,antonyms_synonyms,purchase,buy/purchase,synonym,true,false,public/images/assessment/language/variants/antonyms-synonyms/buy-purchase-01.webp,,"Create a clear child-friendly context image for the synonym pair ""buy/purchase"". If antonym, show a matched contrast. If synonym, show one scene where both meanings make sense. No text, labels, signs, speech bubbles, logos, or watermarks.",,Active language-pair phase gap would benefit from disambiguating image/context media.,0,0,visual_word_pair_or_sentence_context,"Phase gap remains: {""L1P1"":25,""L1P2"":11,""L2P1"":49,""L2P2"":125}"
wm-0179,P1,antonyms_synonyms,rainy,sunny/rainy,antonym,true,false,public/images/assessment/language/variants/antonyms-synonyms/sunny-rainy-01.webp,,"Create a clear child-friendly context image for the antonym pair ""sunny/rainy"". If antonym, show a matched contrast. If synonym, show one scene where both meanings make sense. No text, labels, signs, speech bubbles, logos, or watermarks.",,Active language-pair phase gap would benefit from disambiguating image/context media.,0,0,visual_word_pair_or_sentence_context,"Phase gap remains: {""L1P1"":25,""L1P2"":11,""L2P1"":49,""L2P2"":125}"
wm-0180,P1,antonyms_synonyms,raise,raise/lift,synonym,true,false,public/images/assessment/language/variants/antonyms-synonyms/raise-lift-01.webp,,"Create a clear child-friendly context image for the synonym pair ""raise/lift"". If antonym, show a matched contrast. If synonym, show one scene where both meanings make sense. No text, labels, signs, speech bubbles, logos, or watermarks.",,Active language-pair phase gap would benefit from disambiguating image/context media.,0,0,visual_word_pair_or_sentence_context,"Phase gap remains: {""L1P1"":25,""L1P2"":11,""L2P1"":49,""L2P2"":125}"
wm-0181,P1,antonyms_synonyms,real,real/fake,antonym,true,false,public/images/assessment/language/variants/antonyms-synonyms/real-fake-01.webp,,"Create a clear child-friendly context image for the antonym pair ""real/fake"". If antonym, show a matched contrast. If synonym, show one scene where both meanings make sense. No text, labels, signs, speech bubbles, logos, or watermarks.",,Active language-pair phase gap would benefit from disambiguating image/context media.,0,0,visual_word_pair_or_sentence_context,"Phase gap remains: {""L1P1"":25,""L1P2"":11,""L2P1"":49,""L2P2"":125}"
wm-0182,P1,antonyms_synonyms,real,true/real,synonym,true,false,public/images/assessment/language/variants/antonyms-synonyms/true-real-01.webp,,"Create a clear child-friendly context image for the synonym pair ""true/real"". If antonym, show a matched contrast. If synonym, show one scene where both meanings make sense. No text, labels, signs, speech bubbles, logos, or watermarks.",,Active language-pair phase gap would benefit from disambiguating image/context media.,0,0,visual_word_pair_or_sentence_context,"Phase gap remains: {""L1P1"":25,""L1P2"":11,""L2P1"":49,""L2P2"":125}"
wm-0183,P1,antonyms_synonyms,receive,get/receive,synonym,true,false,public/images/assessment/language/variants/antonyms-synonyms/get-receive-01.webp,,"Create a clear child-friendly context image for the synonym pair ""get/receive"". If antonym, show a matched contrast. If synonym, show one scene where both meanings make sense. No text, labels, signs, speech bubbles, logos, or watermarks.",,Active language-pair phase gap would benefit from disambiguating image/context media.,0,0,visual_word_pair_or_sentence_context,"Phase gap remains: {""L1P1"":25,""L1P2"":11,""L2P1"":49,""L2P2"":125}"
wm-0184,P1,antonyms_synonyms,relax,rest/relax,synonym,true,false,public/images/assessment/language/variants/antonyms-synonyms/rest-relax-01.webp,,"Create a clear child-friendly context image for the synonym pair ""rest/relax"". If antonym, show a matched contrast. If synonym, show one scene where both meanings make sense. No text, labels, signs, speech bubbles, logos, or watermarks.",,Active language-pair phase gap would benefit from disambiguating image/context media.,0,0,visual_word_pair_or_sentence_context,"Phase gap remains: {""L1P1"":25,""L1P2"":11,""L2P1"":49,""L2P2"":125}"
wm-0185,P1,antonyms_synonyms,reply,answer/reply,synonym,true,false,public/images/assessment/language/variants/antonyms-synonyms/answer-reply-01.webp,,"Create a clear child-friendly context image for the synonym pair ""answer/reply"". If antonym, show a matched contrast. If synonym, show one scene where both meanings make sense. No text, labels, signs, speech bubbles, logos, or watermarks.",,Active language-pair phase gap would benefit from disambiguating image/context media.,0,0,visual_word_pair_or_sentence_context,"Phase gap remains: {""L1P1"":25,""L1P2"":11,""L2P1"":49,""L2P2"":125}"
wm-0186,P1,antonyms_synonyms,require,need/require,synonym,true,false,public/images/assessment/language/variants/antonyms-synonyms/need-require-01.webp,,"Create a clear child-friendly context image for the synonym pair ""need/require"". If antonym, show a matched contrast. If synonym, show one scene where both meanings make sense. No text, labels, signs, speech bubbles, logos, or watermarks.",,Active language-pair phase gap would benefit from disambiguating image/context media.,0,0,visual_word_pair_or_sentence_context,"Phase gap remains: {""L1P1"":25,""L1P2"":11,""L2P1"":49,""L2P2"":125}"
wm-0187,P1,antonyms_synonyms,rude,polite/rude,antonym,true,false,public/images/assessment/language/variants/antonyms-synonyms/polite-rude-01.webp,,"Create a clear child-friendly context image for the antonym pair ""polite/rude"". If antonym, show a matched contrast. If synonym, show one scene where both meanings make sense. No text, labels, signs, speech bubbles, logos, or watermarks.",,Active language-pair phase gap would benefit from disambiguating image/context media.,0,0,visual_word_pair_or_sentence_context,"Phase gap remains: {""L1P1"":25,""L1P2"":11,""L2P1"":49,""L2P2"":125}"
wm-0188,P1,antonyms_synonyms,safe,safe/dangerous,antonym,true,false,public/images/assessment/language/variants/antonyms-synonyms/safe-dangerous-01.webp,,"Create a clear child-friendly context image for the antonym pair ""safe/dangerous"". If antonym, show a matched contrast. If synonym, show one scene where both meanings make sense. No text, labels, signs, speech bubbles, logos, or watermarks.",,Active language-pair phase gap would benefit from disambiguating image/context media.,0,0,visual_word_pair_or_sentence_context,"Phase gap remains: {""L1P1"":25,""L1P2"":11,""L2P1"":49,""L2P2"":125}"
wm-0189,P1,antonyms_synonyms,safe,safe/secure,synonym,true,false,public/images/assessment/language/variants/antonyms-synonyms/safe-secure-01.webp,,"Create a clear child-friendly context image for the synonym pair ""safe/secure"". If antonym, show a matched contrast. If synonym, show one scene where both meanings make sense. No text, labels, signs, speech bubbles, logos, or watermarks.",,Active language-pair phase gap would benefit from disambiguating image/context media.,0,0,visual_word_pair_or_sentence_context,"Phase gap remains: {""L1P1"":25,""L1P2"":11,""L2P1"":49,""L2P2"":125}"
wm-0190,P1,antonyms_synonyms,scared,afraid/scared,synonym,true,false,public/images/assessment/language/variants/antonyms-synonyms/afraid-scared-01.webp,,"Create a clear child-friendly context image for the synonym pair ""afraid/scared"". If antonym, show a matched contrast. If synonym, show one scene where both meanings make sense. No text, labels, signs, speech bubbles, logos, or watermarks.",,Active language-pair phase gap would benefit from disambiguating image/context media.,0,0,visual_word_pair_or_sentence_context,"Phase gap remains: {""L1P1"":25,""L1P2"":11,""L2P1"":49,""L2P2"":125}"
wm-0191,P1,antonyms_synonyms,secure,safe/secure,synonym,true,false,public/images/assessment/language/variants/antonyms-synonyms/safe-secure-01.webp,,"Create a clear child-friendly context image for the synonym pair ""safe/secure"". If antonym, show a matched contrast. If synonym, show one scene where both meanings make sense. No text, labels, signs, speech bubbles, logos, or watermarks.",,Active language-pair phase gap would benefit from disambiguating image/context media.,0,0,visual_word_pair_or_sentence_context,"Phase gap remains: {""L1P1"":25,""L1P2"":11,""L2P1"":49,""L2P2"":125}"
wm-0192,P1,antonyms_synonyms,see,look/see,synonym,true,false,public/images/assessment/language/variants/antonyms-synonyms/look-see-01.webp,,"Create a clear child-friendly context image for the synonym pair ""look/see"". If antonym, show a matched contrast. If synonym, show one scene where both meanings make sense. No text, labels, signs, speech bubbles, logos, or watermarks.",,Active language-pair phase gap would benefit from disambiguating image/context media.,0,0,visual_word_pair_or_sentence_context,"Phase gap remains: {""L1P1"":25,""L1P2"":11,""L2P1"":49,""L2P2"":125}"
wm-0193,P1,antonyms_synonyms,shallow,deep/shallow,antonym,true,false,public/images/assessment/language/variants/antonyms-synonyms/deep-shallow-01.webp,,"Create a clear child-friendly context image for the antonym pair ""deep/shallow"". If antonym, show a matched contrast. If synonym, show one scene where both meanings make sense. No text, labels, signs, speech bubbles, logos, or watermarks.",,Active language-pair phase gap would benefit from disambiguating image/context media.,0,0,visual_word_pair_or_sentence_context,"Phase gap remains: {""L1P1"":25,""L1P2"":11,""L2P1"":49,""L2P2"":125}"
wm-0194,P1,antonyms_synonyms,sick,healthy/sick,antonym,true,false,public/images/assessment/language/variants/antonyms-synonyms/healthy-sick-01.webp,,"Create a clear child-friendly context image for the antonym pair ""healthy/sick"". If antonym, show a matched contrast. If synonym, show one scene where both meanings make sense. No text, labels, signs, speech bubbles, logos, or watermarks.",,Active language-pair phase gap would benefit from disambiguating image/context media.,0,0,visual_word_pair_or_sentence_context,"Phase gap remains: {""L1P1"":25,""L1P2"":11,""L2P1"":49,""L2P2"":125}"
wm-0195,P1,antonyms_synonyms,silly,funny/silly,synonym,true,false,public/images/assessment/language/variants/antonyms-synonyms/funny-silly-01.webp,,"Create a clear child-friendly context image for the synonym pair ""funny/silly"". If antonym, show a matched contrast. If synonym, show one scene where both meanings make sense. No text, labels, signs, speech bubbles, logos, or watermarks.",,Active language-pair phase gap would benefit from disambiguating image/context media.,0,0,visual_word_pair_or_sentence_context,"Phase gap remains: {""L1P1"":25,""L1P2"":11,""L2P1"":49,""L2P2"":125}"
wm-0196,P1,antonyms_synonyms,simple,simple/complicated,antonym,true,false,public/images/assessment/language/variants/antonyms-synonyms/simple-complicated-01.webp,,"Create a clear child-friendly context image for the antonym pair ""simple/complicated"". If antonym, show a matched contrast. If synonym, show one scene where both meanings make sense. No text, labels, signs, speech bubbles, logos, or watermarks.",,Active language-pair phase gap would benefit from disambiguating image/context media.,0,0,visual_word_pair_or_sentence_context,"Phase gap remains: {""L1P1"":25,""L1P2"":11,""L2P1"":49,""L2P2"":125}"
wm-0197,P1,antonyms_synonyms,simple,easy/simple,synonym,true,false,public/images/assessment/language/variants/antonyms-synonyms/easy-simple-01.webp,,"Create a clear child-friendly context image for the synonym pair ""easy/simple"". If antonym, show a matched contrast. If synonym, show one scene where both meanings make sense. No text, labels, signs, speech bubbles, logos, or watermarks.",,Active language-pair phase gap would benefit from disambiguating image/context media.,0,0,visual_word_pair_or_sentence_context,"Phase gap remains: {""L1P1"":25,""L1P2"":11,""L2P1"":49,""L2P2"":125}"
wm-0198,P1,antonyms_synonyms,sleepy,tired/sleepy,synonym,true,false,public/images/assessment/language/variants/antonyms-synonyms/tired-sleepy-01.webp,,"Create a clear child-friendly context image for the synonym pair ""tired/sleepy"". If antonym, show a matched contrast. If synonym, show one scene where both meanings make sense. No text, labels, signs, speech bubbles, logos, or watermarks.",,Active language-pair phase gap would benefit from disambiguating image/context media.,0,0,visual_word_pair_or_sentence_context,"Phase gap remains: {""L1P1"":25,""L1P2"":11,""L2P1"":49,""L2P2"":125}"
wm-0199,P1,antonyms_synonyms,some,few/some,synonym,true,false,public/images/assessment/language/variants/antonyms-synonyms/few-some-01.webp,,"Create a clear child-friendly context image for the synonym pair ""few/some"". If antonym, show a matched contrast. If synonym, show one scene where both meanings make sense. No text, labels, signs, speech bubbles, logos, or watermarks.",,Active language-pair phase gap would benefit from disambiguating image/context media.,0,1,visual_word_pair_or_sentence_context,"Phase gap remains: {""L1P1"":25,""L1P2"":11,""L2P1"":49,""L2P2"":125}"
wm-0200,P1,antonyms_synonyms,stale,fresh/stale,antonym,true,false,public/images/assessment/language/variants/antonyms-synonyms/fresh-stale-01.webp,,"Create a clear child-friendly context image for the antonym pair ""fresh/stale"". If antonym, show a matched contrast. If synonym, show one scene where both meanings make sense. No text, labels, signs, speech bubbles, logos, or watermarks.",,Active language-pair phase gap would benefit from disambiguating image/context media.,0,0,visual_word_pair_or_sentence_context,"Phase gap remains: {""L1P1"":25,""L1P2"":11,""L2P1"":49,""L2P2"":125}"
wm-0201,P1,antonyms_synonyms,straight,straight/crooked,antonym,true,false,public/images/assessment/language/variants/antonyms-synonyms/straight-crooked-01.webp,,"Create a clear child-friendly context image for the antonym pair ""straight/crooked"". If antonym, show a matched contrast. If synonym, show one scene where both meanings make sense. No text, labels, signs, speech bubbles, logos, or watermarks.",,Active language-pair phase gap would benefit from disambiguating image/context media.,0,0,visual_word_pair_or_sentence_context,"Phase gap remains: {""L1P1"":25,""L1P2"":11,""L2P1"":49,""L2P2"":125}"
wm-0202,P1,antonyms_synonyms,stroll,walk/stroll,synonym,true,false,public/images/assessment/language/variants/antonyms-synonyms/walk-stroll-01.webp,,"Create a clear child-friendly context image for the synonym pair ""walk/stroll"". If antonym, show a matched contrast. If synonym, show one scene where both meanings make sense. No text, labels, signs, speech bubbles, logos, or watermarks.",,Active language-pair phase gap would benefit from disambiguating image/context media.,0,0,visual_word_pair_or_sentence_context,"Phase gap remains: {""L1P1"":25,""L1P2"":11,""L2P1"":49,""L2P2"":125}"
wm-0203,P1,antonyms_synonyms,sunny,sunny/rainy,antonym,true,false,public/images/assessment/language/variants/antonyms-synonyms/sunny-rainy-01.webp,,"Create a clear child-friendly context image for the antonym pair ""sunny/rainy"". If antonym, show a matched contrast. If synonym, show one scene where both meanings make sense. No text, labels, signs, speech bubbles, logos, or watermarks.",,Active language-pair phase gap would benefit from disambiguating image/context media.,0,0,visual_word_pair_or_sentence_context,"Phase gap remains: {""L1P1"":25,""L1P2"":11,""L2P1"":49,""L2P2"":125}"
wm-0204,P1,antonyms_synonyms,take,give/take,antonym,true,false,public/images/assessment/language/variants/antonyms-synonyms/give-take-01.webp,,"Create a clear child-friendly context image for the antonym pair ""give/take"". If antonym, show a matched contrast. If synonym, show one scene where both meanings make sense. No text, labels, signs, speech bubbles, logos, or watermarks.",,Active language-pair phase gap would benefit from disambiguating image/context media.,0,1,visual_word_pair_or_sentence_context,"Phase gap remains: {""L1P1"":25,""L1P2"":11,""L2P1"":49,""L2P2"":125}"
wm-0205,P1,antonyms_synonyms,tidy,neat/tidy,synonym,true,false,public/images/assessment/language/variants/antonyms-synonyms/neat-tidy-01.webp,,"Create a clear child-friendly context image for the synonym pair ""neat/tidy"". If antonym, show a matched contrast. If synonym, show one scene where both meanings make sense. No text, labels, signs, speech bubbles, logos, or watermarks.",,Active language-pair phase gap would benefit from disambiguating image/context media.,0,0,visual_word_pair_or_sentence_context,"Phase gap remains: {""L1P1"":25,""L1P2"":11,""L2P1"":49,""L2P2"":125}"
wm-0206,P1,antonyms_synonyms,tired,tired/sleepy,synonym,true,false,public/images/assessment/language/variants/antonyms-synonyms/tired-sleepy-01.webp,,"Create a clear child-friendly context image for the synonym pair ""tired/sleepy"". If antonym, show a matched contrast. If synonym, show one scene where both meanings make sense. No text, labels, signs, speech bubbles, logos, or watermarks.",,Active language-pair phase gap would benefit from disambiguating image/context media.,0,0,visual_word_pair_or_sentence_context,"Phase gap remains: {""L1P1"":25,""L1P2"":11,""L2P1"":49,""L2P2"":125}"
wm-0207,P1,antonyms_synonyms,ugly,beautiful/ugly,antonym,true,false,public/images/assessment/language/variants/antonyms-synonyms/beautiful-ugly-01.webp,,"Create a clear child-friendly context image for the antonym pair ""beautiful/ugly"". If antonym, show a matched contrast. If synonym, show one scene where both meanings make sense. No text, labels, signs, speech bubbles, logos, or watermarks.",,Active language-pair phase gap would benefit from disambiguating image/context media.,0,0,visual_word_pair_or_sentence_context,"Phase gap remains: {""L1P1"":25,""L1P2"":11,""L2P1"":49,""L2P2"":125}"
wm-0208,P1,antonyms_synonyms,unfriendly,friendly/unfriendly,antonym,true,false,public/images/assessment/language/variants/antonyms-synonyms/friendly-unfriendly-01.webp,,"Create a clear child-friendly context image for the antonym pair ""friendly/unfriendly"". If antonym, show a matched contrast. If synonym, show one scene where both meanings make sense. No text, labels, signs, speech bubbles, logos, or watermarks.",,Active language-pair phase gap would benefit from disambiguating image/context media.,0,0,visual_word_pair_or_sentence_context,"Phase gap remains: {""L1P1"":25,""L1P2"":11,""L2P1"":49,""L2P2"":125}"
wm-0209,P1,antonyms_synonyms,unhappy,sad/unhappy,synonym,true,false,public/images/assessment/language/variants/antonyms-synonyms/sad-unhappy-01.webp,,"Create a clear child-friendly context image for the synonym pair ""sad/unhappy"". If antonym, show a matched contrast. If synonym, show one scene where both meanings make sense. No text, labels, signs, speech bubbles, logos, or watermarks.",,Active language-pair phase gap would benefit from disambiguating image/context media.,0,0,visual_word_pair_or_sentence_context,"Phase gap remains: {""L1P1"":25,""L1P2"":11,""L2P1"":49,""L2P2"":125}"
wm-0210,P1,antonyms_synonyms,unhurried,slow/unhurried,synonym,true,false,public/images/assessment/language/variants/antonyms-synonyms/slow-unhurried-01.webp,,"Create a clear child-friendly context image for the synonym pair ""slow/unhurried"". If antonym, show a matched contrast. If synonym, show one scene where both meanings make sense. No text, labels, signs, speech bubbles, logos, or watermarks.",,Active language-pair phase gap would benefit from disambiguating image/context media.,0,0,visual_word_pair_or_sentence_context,"Phase gap remains: {""L1P1"":25,""L1P2"":11,""L2P1"":49,""L2P2"":125}"
wm-0211,P1,antonyms_synonyms,unimportant,important/unimportant,antonym,true,false,public/images/assessment/language/variants/antonyms-synonyms/important-unimportant-01.webp,,"Create a clear child-friendly context image for the antonym pair ""important/unimportant"". If antonym, show a matched contrast. If synonym, show one scene where both meanings make sense. No text, labels, signs, speech bubbles, logos, or watermarks.",,Active language-pair phase gap would benefit from disambiguating image/context media.,0,0,visual_word_pair_or_sentence_context,"Phase gap remains: {""L1P1"":25,""L1P2"":11,""L2P1"":49,""L2P2"":125}"
wm-0212,P1,antonyms_synonyms,untidy,messy/untidy,synonym,true,false,public/images/assessment/language/variants/antonyms-synonyms/messy-untidy-01.webp,,"Create a clear child-friendly context image for the synonym pair ""messy/untidy"". If antonym, show a matched contrast. If synonym, show one scene where both meanings make sense. No text, labels, signs, speech bubbles, logos, or watermarks.",,Active language-pair phase gap would benefit from disambiguating image/context media.,0,0,visual_word_pair_or_sentence_context,"Phase gap remains: {""L1P1"":25,""L1P2"":11,""L2P1"":49,""L2P2"":125}"
wm-0213,P1,antonyms_synonyms,untrue,false/untrue,synonym,true,false,public/images/assessment/language/variants/antonyms-synonyms/false-untrue-01.webp,,"Create a clear child-friendly context image for the synonym pair ""false/untrue"". If antonym, show a matched contrast. If synonym, show one scene where both meanings make sense. No text, labels, signs, speech bubbles, logos, or watermarks.",,Active language-pair phase gap would benefit from disambiguating image/context media.,0,0,visual_word_pair_or_sentence_context,"Phase gap remains: {""L1P1"":25,""L1P2"":11,""L2P1"":49,""L2P2"":125}"
wm-0214,P1,antonyms_synonyms,upset,glad/upset,antonym,true,false,public/images/assessment/language/variants/antonyms-synonyms/glad-upset-01.webp,,"Create a clear child-friendly context image for the antonym pair ""glad/upset"". If antonym, show a matched contrast. If synonym, show one scene where both meanings make sense. No text, labels, signs, speech bubbles, logos, or watermarks.",,Active language-pair phase gap would benefit from disambiguating image/context media.,0,0,visual_word_pair_or_sentence_context,"Phase gap remains: {""L1P1"":25,""L1P2"":11,""L2P1"":49,""L2P2"":125}"
wm-0215,P1,antonyms_synonyms,visible,visible/hidden,antonym,true,false,public/images/assessment/language/variants/antonyms-synonyms/visible-hidden-01.webp,,"Create a clear child-friendly context image for the antonym pair ""visible/hidden"". If antonym, show a matched contrast. If synonym, show one scene where both meanings make sense. No text, labels, signs, speech bubbles, logos, or watermarks.",,Active language-pair phase gap would benefit from disambiguating image/context media.,0,0,visual_word_pair_or_sentence_context,"Phase gap remains: {""L1P1"":25,""L1P2"":11,""L2P1"":49,""L2P2"":125}"
wm-0216,P1,antonyms_synonyms,wealthy,rich/wealthy,synonym,true,false,public/images/assessment/language/variants/antonyms-synonyms/rich-wealthy-01.webp,,"Create a clear child-friendly context image for the synonym pair ""rich/wealthy"". If antonym, show a matched contrast. If synonym, show one scene where both meanings make sense. No text, labels, signs, speech bubbles, logos, or watermarks.",,Active language-pair phase gap would benefit from disambiguating image/context media.,0,0,visual_word_pair_or_sentence_context,"Phase gap remains: {""L1P1"":25,""L1P2"":11,""L2P1"":49,""L2P2"":125}"
wm-0217,P1,antonyms_synonyms,weep,cry/weep,synonym,true,false,public/images/assessment/language/variants/antonyms-synonyms/cry-weep-01.webp,,"Create a clear child-friendly context image for the synonym pair ""cry/weep"". If antonym, show a matched contrast. If synonym, show one scene where both meanings make sense. No text, labels, signs, speech bubbles, logos, or watermarks.",,Active language-pair phase gap would benefit from disambiguating image/context media.,0,0,visual_word_pair_or_sentence_context,"Phase gap remains: {""L1P1"":25,""L1P2"":11,""L2P1"":49,""L2P2"":125}"
wm-0218,P1,antonyms_synonyms,wild,calm/wild,antonym,true,false,public/images/assessment/language/variants/antonyms-synonyms/calm-wild-01.webp,,"Create a clear child-friendly context image for the antonym pair ""calm/wild"". If antonym, show a matched contrast. If synonym, show one scene where both meanings make sense. No text, labels, signs, speech bubbles, logos, or watermarks.",,Active language-pair phase gap would benefit from disambiguating image/context media.,0,0,visual_word_pair_or_sentence_context,"Phase gap remains: {""L1P1"":25,""L1P2"":11,""L2P1"":49,""L2P2"":125}"
wm-0219,P1,antonyms_synonyms,wish,want/wish,synonym,true,false,public/images/assessment/language/variants/antonyms-synonyms/want-wish-01.webp,,"Create a clear child-friendly context image for the synonym pair ""want/wish"". If antonym, show a matched contrast. If synonym, show one scene where both meanings make sense. No text, labels, signs, speech bubbles, logos, or watermarks.",,Active language-pair phase gap would benefit from disambiguating image/context media.,0,0,visual_word_pair_or_sentence_context,"Phase gap remains: {""L1P1"":25,""L1P2"":11,""L2P1"":49,""L2P2"":125}"
wm-0220,P1,nouns,baby,,noun,false,true,,public/audio/vocabulary/baby.mp3,,"Record clean child-friendly American English audio for ""baby"". Say the whole word naturally only once. Do not spell it. No music, sound effects, echo, robotic voice, or background noise. Normalize volume to match the existing approved vocabulary audio.",Active grammar runtime gap: strict grammar variants need approved image and choice audio.,2,0,concrete_noun_image_and_word_audio,
wm-0221,P1,nouns,bee,,noun,true,false,public/images/assessment/language/variants/nouns/bee-01.webp,,"Create a clean child-friendly cartoon-realistic image for the noun ""bee"". Show one clear concrete object/animal/person where possible. No text, labels, signs, speech bubbles, logos, or watermarks.",,Active grammar runtime gap: strict grammar variants need approved image and choice audio.,0,1,concrete_noun_image_and_word_audio,
wm-0222,P1,nouns,boy,,noun,false,true,,public/audio/vocabulary/boy.mp3,,"Record clean child-friendly American English audio for ""boy"". Say the whole word naturally only once. Do not spell it. No music, sound effects, echo, robotic voice, or background noise. Normalize volume to match the existing approved vocabulary audio.",Active grammar runtime gap: strict grammar variants need approved image and choice audio.,1,0,concrete_noun_image_and_word_audio,
wm-0223,P1,nouns,school,,noun,false,true,,public/audio/vocabulary/school.mp3,,"Record clean child-friendly American English audio for ""school"". Say the whole word naturally only once. Do not spell it. No music, sound effects, echo, robotic voice, or background noise. Normalize volume to match the existing approved vocabulary audio.",Active grammar runtime gap: strict grammar variants need approved image and choice audio.,2,0,concrete_noun_image_and_word_audio,
wm-0224,P1,nouns,stick,,noun,true,true,public/images/assessment/language/variants/nouns/stick-01.webp,public/audio/vocabulary/stick.mp3,"Create a clean child-friendly cartoon-realistic image for the noun ""stick"". Show one clear concrete object/animal/person where possible. No text, labels, signs, speech bubbles, logos, or watermarks.","Record clean child-friendly American English audio for ""stick"". Say the whole word naturally only once. Do not spell it. No music, sound effects, echo, robotic voice, or background noise. Normalize volume to match the existing approved vocabulary audio.",Active grammar runtime gap: strict grammar variants need approved image and choice audio.,0,0,concrete_noun_image_and_word_audio,
wm-0225,P1,plurals,apples,apple/apples,plural_pair,true,false,public/images/assessment/language/variants/plurals/apple-apples-01.webp,,"Create a child-friendly cartoon-realistic visual for the plural item ""apple/apples"". Make singular/plural contrast clear, countable, and uncluttered. No text, labels, signs, speech bubbles, logos, or watermarks.",,Active plural expansion needs imageable singular/plural contrast media.,0,0,singular_plural_contrast_image,"Phase gap remains: {""L1P1"":18,""L1P2"":10,""L2P1"":34,""L2P2"":74}"
wm-0226,P1,plurals,arms,arm/arms,plural_pair,true,false,public/images/assessment/language/variants/plurals/arm-arms-01.webp,,"Create a child-friendly cartoon-realistic visual for the plural item ""arm/arms"". Make singular/plural contrast clear, countable, and uncluttered. No text, labels, signs, speech bubbles, logos, or watermarks.",,Active plural expansion needs imageable singular/plural contrast media.,0,0,singular_plural_contrast_image,"Phase gap remains: {""L1P1"":18,""L1P2"":10,""L2P1"":34,""L2P2"":74}"
wm-0227,P1,plurals,babies,baby/babies,plural_pair,true,false,public/images/assessment/language/variants/plurals/baby-babies-01.webp,,"Create a child-friendly cartoon-realistic visual for the plural item ""baby/babies"". Make singular/plural contrast clear, countable, and uncluttered. No text, labels, signs, speech bubbles, logos, or watermarks.",,Active plural expansion needs imageable singular/plural contrast media.,0,0,singular_plural_contrast_image,"Phase gap remains: {""L1P1"":18,""L1P2"":10,""L2P1"":34,""L2P2"":74}"
wm-0228,P1,plurals,bananas,banana/bananas,plural_pair,true,false,public/images/assessment/language/variants/plurals/banana-bananas-01.webp,,"Create a child-friendly cartoon-realistic visual for the plural item ""banana/bananas"". Make singular/plural contrast clear, countable, and uncluttered. No text, labels, signs, speech bubbles, logos, or watermarks.",,Active plural expansion needs imageable singular/plural contrast media.,0,0,singular_plural_contrast_image,"Phase gap remains: {""L1P1"":18,""L1P2"":10,""L2P1"":34,""L2P2"":74}"
wm-0229,P1,plurals,bears,bear/bears,plural_pair,true,false,public/images/assessment/language/variants/plurals/bear-bears-01.webp,,"Create a child-friendly cartoon-realistic visual for the plural item ""bear/bears"". Make singular/plural contrast clear, countable, and uncluttered. No text, labels, signs, speech bubbles, logos, or watermarks.",,Active plural expansion needs imageable singular/plural contrast media.,0,0,singular_plural_contrast_image,"Phase gap remains: {""L1P1"":18,""L1P2"":10,""L2P1"":34,""L2P2"":74}"
wm-0230,P1,plurals,benches,bench/benches,plural_pair,true,false,public/images/assessment/language/variants/plurals/bench-benches-01.webp,,"Create a child-friendly cartoon-realistic visual for the plural item ""bench/benches"". Make singular/plural contrast clear, countable, and uncluttered. No text, labels, signs, speech bubbles, logos, or watermarks.",,Active plural expansion needs imageable singular/plural contrast media.,0,0,singular_plural_contrast_image,"Phase gap remains: {""L1P1"":18,""L1P2"":10,""L2P1"":34,""L2P2"":74}"
wm-0231,P1,plurals,berries,berry/berries,plural_pair,true,false,public/images/assessment/language/variants/plurals/berry-berries-01.webp,,"Create a child-friendly cartoon-realistic visual for the plural item ""berry/berries"". Make singular/plural contrast clear, countable, and uncluttered. No text, labels, signs, speech bubbles, logos, or watermarks.",,Active plural expansion needs imageable singular/plural contrast media.,0,0,singular_plural_contrast_image,"Phase gap remains: {""L1P1"":18,""L1P2"":10,""L2P1"":34,""L2P2"":74}"
wm-0232,P1,plurals,birds,bird/birds,plural_pair,true,false,public/images/assessment/language/variants/plurals/bird-birds-01.webp,,"Create a child-friendly cartoon-realistic visual for the plural item ""bird/birds"". Make singular/plural contrast clear, countable, and uncluttered. No text, labels, signs, speech bubbles, logos, or watermarks.",,Active plural expansion needs imageable singular/plural contrast media.,0,0,singular_plural_contrast_image,"Phase gap remains: {""L1P1"":18,""L1P2"":10,""L2P1"":34,""L2P2"":74}"
wm-0233,P1,plurals,books,book/books,plural_pair,true,false,public/images/assessment/language/variants/plurals/book-books-01.webp,,"Create a child-friendly cartoon-realistic visual for the plural item ""book/books"". Make singular/plural contrast clear, countable, and uncluttered. No text, labels, signs, speech bubbles, logos, or watermarks.",,Active plural expansion needs imageable singular/plural contrast media.,0,1,singular_plural_contrast_image,"Phase gap remains: {""L1P1"":18,""L1P2"":10,""L2P1"":34,""L2P2"":74}"
wm-0234,P1,plurals,boxes,box/boxes,plural_pair,true,false,public/images/assessment/language/variants/plurals/box-boxes-01.webp,,"Create a child-friendly cartoon-realistic visual for the plural item ""box/boxes"". Make singular/plural contrast clear, countable, and uncluttered. No text, labels, signs, speech bubbles, logos, or watermarks.",,Active plural expansion needs imageable singular/plural contrast media.,0,1,singular_plural_contrast_image,"Phase gap remains: {""L1P1"":18,""L1P2"":10,""L2P1"":34,""L2P2"":74}"
wm-0235,P1,plurals,boys,boy/boys,plural_pair,true,false,public/images/assessment/language/variants/plurals/boy-boys-01.webp,,"Create a child-friendly cartoon-realistic visual for the plural item ""boy/boys"". Make singular/plural contrast clear, countable, and uncluttered. No text, labels, signs, speech bubbles, logos, or watermarks.",,Active plural expansion needs imageable singular/plural contrast media.,0,0,singular_plural_contrast_image,"Phase gap remains: {""L1P1"":18,""L1P2"":10,""L2P1"":34,""L2P2"":74}"
wm-0236,P1,plurals,brushes,brush/brushes,plural_pair,true,false,public/images/assessment/language/variants/plurals/brush-brushes-01.webp,,"Create a child-friendly cartoon-realistic visual for the plural item ""brush/brushes"". Make singular/plural contrast clear, countable, and uncluttered. No text, labels, signs, speech bubbles, logos, or watermarks.",,Active plural expansion needs imageable singular/plural contrast media.,0,1,singular_plural_contrast_image,"Phase gap remains: {""L1P1"":18,""L1P2"":10,""L2P1"":34,""L2P2"":74}"
wm-0237,P1,plurals,bunnies,bunny/bunnies,plural_pair,true,false,public/images/assessment/language/variants/plurals/bunny-bunnies-01.webp,,"Create a child-friendly cartoon-realistic visual for the plural item ""bunny/bunnies"". Make singular/plural contrast clear, countable, and uncluttered. No text, labels, signs, speech bubbles, logos, or watermarks.",,Active plural expansion needs imageable singular/plural contrast media.,0,0,singular_plural_contrast_image,"Phase gap remains: {""L1P1"":18,""L1P2"":10,""L2P1"":34,""L2P2"":74}"
wm-0238,P1,plurals,butterflies,butterfly/butterflies,plural_pair,true,false,public/images/assessment/language/variants/plurals/butterfly-butterflies-01.webp,,"Create a child-friendly cartoon-realistic visual for the plural item ""butterfly/butterflies"". Make singular/plural contrast clear, countable, and uncluttered. No text, labels, signs, speech bubbles, logos, or watermarks.",,Active plural expansion needs imageable singular/plural contrast media.,0,0,singular_plural_contrast_image,"Phase gap remains: {""L1P1"":18,""L1P2"":10,""L2P1"":34,""L2P2"":74}"
wm-0239,P1,plurals,cakes,cake/cakes,plural_pair,true,false,public/images/assessment/language/variants/plurals/cake-cakes-01.webp,,"Create a child-friendly cartoon-realistic visual for the plural item ""cake/cakes"". Make singular/plural contrast clear, countable, and uncluttered. No text, labels, signs, speech bubbles, logos, or watermarks.",,Active plural expansion needs imageable singular/plural contrast media.,0,0,singular_plural_contrast_image,"Phase gap remains: {""L1P1"":18,""L1P2"":10,""L2P1"":34,""L2P2"":74}"
wm-0240,P1,plurals,calves,calf/calves,plural_pair,true,false,public/images/assessment/language/variants/plurals/calf-calves-01.webp,,"Create a child-friendly cartoon-realistic visual for the plural item ""calf/calves"". Make singular/plural contrast clear, countable, and uncluttered. No text, labels, signs, speech bubbles, logos, or watermarks.",,Active plural expansion needs imageable singular/plural contrast media.,0,0,singular_plural_contrast_image,"Phase gap remains: {""L1P1"":18,""L1P2"":10,""L2P1"":34,""L2P2"":74}"
wm-0241,P1,plurals,carrots,carrot/carrots,plural_pair,true,false,public/images/assessment/language/variants/plurals/carrot-carrots-01.webp,,"Create a child-friendly cartoon-realistic visual for the plural item ""carrot/carrots"". Make singular/plural contrast clear, countable, and uncluttered. No text, labels, signs, speech bubbles, logos, or watermarks.",,Active plural expansion needs imageable singular/plural contrast media.,0,0,singular_plural_contrast_image,"Phase gap remains: {""L1P1"":18,""L1P2"":10,""L2P1"":34,""L2P2"":74}"
wm-0242,P1,plurals,cats,cat/cats,plural_pair,true,false,public/images/assessment/language/variants/plurals/cat-cats-01.webp,,"Create a child-friendly cartoon-realistic visual for the plural item ""cat/cats"". Make singular/plural contrast clear, countable, and uncluttered. No text, labels, signs, speech bubbles, logos, or watermarks.",,Active plural expansion needs imageable singular/plural contrast media.,0,1,singular_plural_contrast_image,"Phase gap remains: {""L1P1"":18,""L1P2"":10,""L2P1"":34,""L2P2"":74}"
wm-0243,P1,plurals,chairs,chair/chairs,plural_pair,true,false,public/images/assessment/language/variants/plurals/chair-chairs-01.webp,,"Create a child-friendly cartoon-realistic visual for the plural item ""chair/chairs"". Make singular/plural contrast clear, countable, and uncluttered. No text, labels, signs, speech bubbles, logos, or watermarks.",,Active plural expansion needs imageable singular/plural contrast media.,0,0,singular_plural_contrast_image,"Phase gap remains: {""L1P1"":18,""L1P2"":10,""L2P1"":34,""L2P2"":74}"
wm-0244,P1,plurals,chiefs,chief/chiefs,plural_pair,true,false,public/images/assessment/language/variants/plurals/chief-chiefs-01.webp,,"Create a child-friendly cartoon-realistic visual for the plural item ""chief/chiefs"". Make singular/plural contrast clear, countable, and uncluttered. No text, labels, signs, speech bubbles, logos, or watermarks.",,Active plural expansion needs imageable singular/plural contrast media.,0,0,singular_plural_contrast_image,"Phase gap remains: {""L1P1"":18,""L1P2"":10,""L2P1"":34,""L2P2"":74}"
wm-0245,P1,plurals,church,church/churches,plural_pair,true,false,public/images/assessment/language/variants/plurals/church-churches-01.webp,,"Create a child-friendly cartoon-realistic visual for the plural item ""church/churches"". Make singular/plural contrast clear, countable, and uncluttered. No text, labels, signs, speech bubbles, logos, or watermarks.",,Active plural expansion needs imageable singular/plural contrast media.,0,0,singular_plural_contrast_image,"Phase gap remains: {""L1P1"":18,""L1P2"":10,""L2P1"":34,""L2P2"":74}"
wm-0246,P1,plurals,cities,city/cities,plural_pair,true,false,public/images/assessment/language/variants/plurals/city-cities-01.webp,,"Create a child-friendly cartoon-realistic visual for the plural item ""city/cities"". Make singular/plural contrast clear, countable, and uncluttered. No text, labels, signs, speech bubbles, logos, or watermarks.",,Active plural expansion needs imageable singular/plural contrast media.,0,0,singular_plural_contrast_image,"Phase gap remains: {""L1P1"":18,""L1P2"":10,""L2P1"":34,""L2P2"":74}"
wm-0247,P1,plurals,city,city/cities,plural_pair,true,false,public/images/assessment/language/variants/plurals/city-cities-01.webp,,"Create a child-friendly cartoon-realistic visual for the plural item ""city/cities"". Make singular/plural contrast clear, countable, and uncluttered. No text, labels, signs, speech bubbles, logos, or watermarks.",,Active plural expansion needs imageable singular/plural contrast media.,0,0,singular_plural_contrast_image,"Phase gap remains: {""L1P1"":18,""L1P2"":10,""L2P1"":34,""L2P2"":74}"
wm-0248,P1,plurals,cliffs,cliff/cliffs,plural_pair,true,false,public/images/assessment/language/variants/plurals/cliff-cliffs-01.webp,,"Create a child-friendly cartoon-realistic visual for the plural item ""cliff/cliffs"". Make singular/plural contrast clear, countable, and uncluttered. No text, labels, signs, speech bubbles, logos, or watermarks.",,Active plural expansion needs imageable singular/plural contrast media.,0,0,singular_plural_contrast_image,"Phase gap remains: {""L1P1"":18,""L1P2"":10,""L2P1"":34,""L2P2"":74}"
wm-0249,P1,plurals,coats,coat/coats,plural_pair,true,false,public/images/assessment/language/variants/plurals/coat-coats-01.webp,,"Create a child-friendly cartoon-realistic visual for the plural item ""coat/coats"". Make singular/plural contrast clear, countable, and uncluttered. No text, labels, signs, speech bubbles, logos, or watermarks.",,Active plural expansion needs imageable singular/plural contrast media.,0,0,singular_plural_contrast_image,"Phase gap remains: {""L1P1"":18,""L1P2"":10,""L2P1"":34,""L2P2"":74}"
wm-0250,P1,plurals,cookies,cookie/cookies,plural_pair,true,false,public/images/assessment/language/variants/plurals/cookie-cookies-01.webp,,"Create a child-friendly cartoon-realistic visual for the plural item ""cookie/cookies"". Make singular/plural contrast clear, countable, and uncluttered. No text, labels, signs, speech bubbles, logos, or watermarks.",,Active plural expansion needs imageable singular/plural contrast media.,0,0,singular_plural_contrast_image,"Phase gap remains: {""L1P1"":18,""L1P2"":10,""L2P1"":34,""L2P2"":74}"
wm-0251,P1,plurals,cows,cow/cows,plural_pair,true,false,public/images/assessment/language/variants/plurals/cow-cows-01.webp,,"Create a child-friendly cartoon-realistic visual for the plural item ""cow/cows"". Make singular/plural contrast clear, countable, and uncluttered. No text, labels, signs, speech bubbles, logos, or watermarks.",,Active plural expansion needs imageable singular/plural contrast media.,0,0,singular_plural_contrast_image,"Phase gap remains: {""L1P1"":18,""L1P2"":10,""L2P1"":34,""L2P2"":74}"
wm-0252,P1,plurals,cups,cup/cups,plural_pair,true,false,public/images/assessment/language/variants/plurals/cup-cups-01.webp,,"Create a child-friendly cartoon-realistic visual for the plural item ""cup/cups"". Make singular/plural contrast clear, countable, and uncluttered. No text, labels, signs, speech bubbles, logos, or watermarks.",,Active plural expansion needs imageable singular/plural contrast media.,0,1,singular_plural_contrast_image,"Phase gap remains: {""L1P1"":18,""L1P2"":10,""L2P1"":34,""L2P2"":74}"
wm-0253,P1,plurals,days,day/days,plural_pair,true,false,public/images/assessment/language/variants/plurals/day-days-01.webp,,"Create a child-friendly cartoon-realistic visual for the plural item ""day/days"". Make singular/plural contrast clear, countable, and uncluttered. No text, labels, signs, speech bubbles, logos, or watermarks.",,Active plural expansion needs imageable singular/plural contrast media.,0,0,singular_plural_contrast_image,"Phase gap remains: {""L1P1"":18,""L1P2"":10,""L2P1"":34,""L2P2"":74}"
wm-0254,P1,plurals,desks,desk/desks,plural_pair,true,false,public/images/assessment/language/variants/plurals/desk-desks-01.webp,,"Create a child-friendly cartoon-realistic visual for the plural item ""desk/desks"". Make singular/plural contrast clear, countable, and uncluttered. No text, labels, signs, speech bubbles, logos, or watermarks.",,Active plural expansion needs imageable singular/plural contrast media.,0,0,singular_plural_contrast_image,"Phase gap remains: {""L1P1"":18,""L1P2"":10,""L2P1"":34,""L2P2"":74}"
wm-0255,P1,plurals,dishes,dish/dishes,plural_pair,true,false,public/images/assessment/language/variants/plurals/dish-dishes-01.webp,,"Create a child-friendly cartoon-realistic visual for the plural item ""dish/dishes"". Make singular/plural contrast clear, countable, and uncluttered. No text, labels, signs, speech bubbles, logos, or watermarks.",,Active plural expansion needs imageable singular/plural contrast media.,0,1,singular_plural_contrast_image,"Phase gap remains: {""L1P1"":18,""L1P2"":10,""L2P1"":34,""L2P2"":74}"
wm-0256,P1,plurals,dogs,dog/dogs,plural_pair,true,false,public/images/assessment/language/variants/plurals/dog-dogs-01.webp,,"Create a child-friendly cartoon-realistic visual for the plural item ""dog/dogs"". Make singular/plural contrast clear, countable, and uncluttered. No text, labels, signs, speech bubbles, logos, or watermarks.",,Active plural expansion needs imageable singular/plural contrast media.,0,1,singular_plural_contrast_image,"Phase gap remains: {""L1P1"":18,""L1P2"":10,""L2P1"":34,""L2P2"":74}"
wm-0257,P1,plurals,donkeys,donkey/donkeys,plural_pair,true,false,public/images/assessment/language/variants/plurals/donkey-donkeys-01.webp,,"Create a child-friendly cartoon-realistic visual for the plural item ""donkey/donkeys"". Make singular/plural contrast clear, countable, and uncluttered. No text, labels, signs, speech bubbles, logos, or watermarks.",,Active plural expansion needs imageable singular/plural contrast media.,0,0,singular_plural_contrast_image,"Phase gap remains: {""L1P1"":18,""L1P2"":10,""L2P1"":34,""L2P2"":74}"
wm-0258,P1,plurals,doors,door/doors,plural_pair,true,false,public/images/assessment/language/variants/plurals/door-doors-01.webp,,"Create a child-friendly cartoon-realistic visual for the plural item ""door/doors"". Make singular/plural contrast clear, countable, and uncluttered. No text, labels, signs, speech bubbles, logos, or watermarks.",,Active plural expansion needs imageable singular/plural contrast media.,0,0,singular_plural_contrast_image,"Phase gap remains: {""L1P1"":18,""L1P2"":10,""L2P1"":34,""L2P2"":74}"
wm-0259,P1,plurals,ears,ear/ears,plural_pair,true,false,public/images/assessment/language/variants/plurals/ear-ears-01.webp,,"Create a child-friendly cartoon-realistic visual for the plural item ""ear/ears"". Make singular/plural contrast clear, countable, and uncluttered. No text, labels, signs, speech bubbles, logos, or watermarks.",,Active plural expansion needs imageable singular/plural contrast media.,0,0,singular_plural_contrast_image,"Phase gap remains: {""L1P1"":18,""L1P2"":10,""L2P1"":34,""L2P2"":74}"
wm-0260,P1,plurals,echo,echo/echoes,plural_pair,true,false,public/images/assessment/language/variants/plurals/echo-echoes-01.webp,,"Create a child-friendly cartoon-realistic visual for the plural item ""echo/echoes"". Make singular/plural contrast clear, countable, and uncluttered. No text, labels, signs, speech bubbles, logos, or watermarks.",,Active plural expansion needs imageable singular/plural contrast media.,0,0,singular_plural_contrast_image,"Phase gap remains: {""L1P1"":18,""L1P2"":10,""L2P1"":34,""L2P2"":74}"
wm-0261,P1,plurals,echoes,echo/echoes,plural_pair,true,false,public/images/assessment/language/variants/plurals/echo-echoes-01.webp,,"Create a child-friendly cartoon-realistic visual for the plural item ""echo/echoes"". Make singular/plural contrast clear, countable, and uncluttered. No text, labels, signs, speech bubbles, logos, or watermarks.",,Active plural expansion needs imageable singular/plural contrast media.,0,0,singular_plural_contrast_image,"Phase gap remains: {""L1P1"":18,""L1P2"":10,""L2P1"":34,""L2P2"":74}"
wm-0262,P1,plurals,eyes,eye/eyes,plural_pair,true,false,public/images/assessment/language/variants/plurals/eye-eyes-01.webp,,"Create a child-friendly cartoon-realistic visual for the plural item ""eye/eyes"". Make singular/plural contrast clear, countable, and uncluttered. No text, labels, signs, speech bubbles, logos, or watermarks.",,Active plural expansion needs imageable singular/plural contrast media.,0,0,singular_plural_contrast_image,"Phase gap remains: {""L1P1"":18,""L1P2"":10,""L2P1"":34,""L2P2"":74}"
wm-0263,P1,plurals,families,family/families,plural_pair,true,false,public/images/assessment/language/variants/plurals/family-families-01.webp,,"Create a child-friendly cartoon-realistic visual for the plural item ""family/families"". Make singular/plural contrast clear, countable, and uncluttered. No text, labels, signs, speech bubbles, logos, or watermarks.",,Active plural expansion needs imageable singular/plural contrast media.,0,0,singular_plural_contrast_image,"Phase gap remains: {""L1P1"":18,""L1P2"":10,""L2P1"":34,""L2P2"":74}"
wm-0264,P1,plurals,flies,fly/flies,plural_pair,true,false,public/images/assessment/language/variants/plurals/fly-flies-01.webp,,"Create a child-friendly cartoon-realistic visual for the plural item ""fly/flies"". Make singular/plural contrast clear, countable, and uncluttered. No text, labels, signs, speech bubbles, logos, or watermarks.",,Active plural expansion needs imageable singular/plural contrast media.,0,0,singular_plural_contrast_image,"Phase gap remains: {""L1P1"":18,""L1P2"":10,""L2P1"":34,""L2P2"":74}"
wm-0265,P1,plurals,forks,fork/forks,plural_pair,true,false,public/images/assessment/language/variants/plurals/fork-forks-01.webp,,"Create a child-friendly cartoon-realistic visual for the plural item ""fork/forks"". Make singular/plural contrast clear, countable, and uncluttered. No text, labels, signs, speech bubbles, logos, or watermarks.",,Active plural expansion needs imageable singular/plural contrast media.,0,0,singular_plural_contrast_image,"Phase gap remains: {""L1P1"":18,""L1P2"":10,""L2P1"":34,""L2P2"":74}"
wm-0266,P1,plurals,geese,goose/geese,plural_pair,true,false,public/images/assessment/language/variants/plurals/goose-geese-01.webp,,"Create a child-friendly cartoon-realistic visual for the plural item ""goose/geese"". Make singular/plural contrast clear, countable, and uncluttered. No text, labels, signs, speech bubbles, logos, or watermarks.",,Active plural expansion needs imageable singular/plural contrast media.,0,0,singular_plural_contrast_image,"Phase gap remains: {""L1P1"":18,""L1P2"":10,""L2P1"":34,""L2P2"":74}"
wm-0267,P1,plurals,goats,goat/goats,plural_pair,true,false,public/images/assessment/language/variants/plurals/goat-goats-01.webp,,"Create a child-friendly cartoon-realistic visual for the plural item ""goat/goats"". Make singular/plural contrast clear, countable, and uncluttered. No text, labels, signs, speech bubbles, logos, or watermarks.",,Active plural expansion needs imageable singular/plural contrast media.,0,0,singular_plural_contrast_image,"Phase gap remains: {""L1P1"":18,""L1P2"":10,""L2P1"":34,""L2P2"":74}"
wm-0268,P1,plurals,half,half/halves,plural_pair,true,false,public/images/assessment/language/variants/plurals/half-halves-01.webp,,"Create a child-friendly cartoon-realistic visual for the plural item ""half/halves"". Make singular/plural contrast clear, countable, and uncluttered. No text, labels, signs, speech bubbles, logos, or watermarks.",,Active plural expansion needs imageable singular/plural contrast media.,0,0,singular_plural_contrast_image,"Phase gap remains: {""L1P1"":18,""L1P2"":10,""L2P1"":34,""L2P2"":74}"
wm-0269,P1,plurals,halves,half/halves,plural_pair,true,false,public/images/assessment/language/variants/plurals/half-halves-01.webp,,"Create a child-friendly cartoon-realistic visual for the plural item ""half/halves"". Make singular/plural contrast clear, countable, and uncluttered. No text, labels, signs, speech bubbles, logos, or watermarks.",,Active plural expansion needs imageable singular/plural contrast media.,0,0,singular_plural_contrast_image,"Phase gap remains: {""L1P1"":18,""L1P2"":10,""L2P1"":34,""L2P2"":74}"
wm-0270,P1,plurals,hands,hand/hands,plural_pair,true,false,public/images/assessment/language/variants/plurals/hand-hands-01.webp,,"Create a child-friendly cartoon-realistic visual for the plural item ""hand/hands"". Make singular/plural contrast clear, countable, and uncluttered. No text, labels, signs, speech bubbles, logos, or watermarks.",,Active plural expansion needs imageable singular/plural contrast media.,0,0,singular_plural_contrast_image,"Phase gap remains: {""L1P1"":18,""L1P2"":10,""L2P1"":34,""L2P2"":74}"
wm-0271,P1,plurals,hats,hat/hats,plural_pair,true,false,public/images/assessment/language/variants/plurals/hat-hats-01.webp,,"Create a child-friendly cartoon-realistic visual for the plural item ""hat/hats"". Make singular/plural contrast clear, countable, and uncluttered. No text, labels, signs, speech bubbles, logos, or watermarks.",,Active plural expansion needs imageable singular/plural contrast media.,0,1,singular_plural_contrast_image,"Phase gap remains: {""L1P1"":18,""L1P2"":10,""L2P1"":34,""L2P2"":74}"
wm-0272,P1,plurals,hero,hero/heroes,plural_pair,true,false,public/images/assessment/language/variants/plurals/hero-heroes-01.webp,,"Create a child-friendly cartoon-realistic visual for the plural item ""hero/heroes"". Make singular/plural contrast clear, countable, and uncluttered. No text, labels, signs, speech bubbles, logos, or watermarks.",,Active plural expansion needs imageable singular/plural contrast media.,0,0,singular_plural_contrast_image,"Phase gap remains: {""L1P1"":18,""L1P2"":10,""L2P1"":34,""L2P2"":74}"
wm-0273,P1,plurals,heroes,hero/heroes,plural_pair,true,false,public/images/assessment/language/variants/plurals/hero-heroes-01.webp,,"Create a child-friendly cartoon-realistic visual for the plural item ""hero/heroes"". Make singular/plural contrast clear, countable, and uncluttered. No text, labels, signs, speech bubbles, logos, or watermarks.",,Active plural expansion needs imageable singular/plural contrast media.,0,0,singular_plural_contrast_image,"Phase gap remains: {""L1P1"":18,""L1P2"":10,""L2P1"":34,""L2P2"":74}"
wm-0274,P1,plurals,horses,horse/horses,plural_pair,true,false,public/images/assessment/language/variants/plurals/horse-horses-01.webp,,"Create a child-friendly cartoon-realistic visual for the plural item ""horse/horses"". Make singular/plural contrast clear, countable, and uncluttered. No text, labels, signs, speech bubbles, logos, or watermarks.",,Active plural expansion needs imageable singular/plural contrast media.,0,0,singular_plural_contrast_image,"Phase gap remains: {""L1P1"":18,""L1P2"":10,""L2P1"":34,""L2P2"":74}"
wm-0275,P1,plurals,kangaroos,kangaroo/kangaroos,plural_pair,true,false,public/images/assessment/language/variants/plurals/kangaroo-kangaroos-01.webp,,"Create a child-friendly cartoon-realistic visual for the plural item ""kangaroo/kangaroos"". Make singular/plural contrast clear, countable, and uncluttered. No text, labels, signs, speech bubbles, logos, or watermarks.",,Active plural expansion needs imageable singular/plural contrast media.,0,0,singular_plural_contrast_image,"Phase gap remains: {""L1P1"":18,""L1P2"":10,""L2P1"":34,""L2P2"":74}"
wm-0276,P1,plurals,keys,key/keys,plural_pair,true,false,public/images/assessment/language/variants/plurals/key-keys-01.webp,,"Create a child-friendly cartoon-realistic visual for the plural item ""key/keys"". Make singular/plural contrast clear, countable, and uncluttered. No text, labels, signs, speech bubbles, logos, or watermarks.",,Active plural expansion needs imageable singular/plural contrast media.,0,0,singular_plural_contrast_image,"Phase gap remains: {""L1P1"":18,""L1P2"":10,""L2P1"":34,""L2P2"":74}"
wm-0277,P1,plurals,knives,knife/knives,plural_pair,true,false,public/images/assessment/language/variants/plurals/knife-knives-01.webp,,"Create a child-friendly cartoon-realistic visual for the plural item ""knife/knives"". Make singular/plural contrast clear, countable, and uncluttered. No text, labels, signs, speech bubbles, logos, or watermarks.",,Active plural expansion needs imageable singular/plural contrast media.,0,0,singular_plural_contrast_image,"Phase gap remains: {""L1P1"":18,""L1P2"":10,""L2P1"":34,""L2P2"":74}"
wm-0278,P1,plurals,ladies,lady/ladies,plural_pair,true,false,public/images/assessment/language/variants/plurals/lady-ladies-01.webp,,"Create a child-friendly cartoon-realistic visual for the plural item ""lady/ladies"". Make singular/plural contrast clear, countable, and uncluttered. No text, labels, signs, speech bubbles, logos, or watermarks.",,Active plural expansion needs imageable singular/plural contrast media.,0,0,singular_plural_contrast_image,"Phase gap remains: {""L1P1"":18,""L1P2"":10,""L2P1"":34,""L2P2"":74}"
wm-0279,P1,plurals,leaves,leaf/leaves,plural_pair,true,false,public/images/assessment/language/variants/plurals/leaf-leaves-01.webp,,"Create a child-friendly cartoon-realistic visual for the plural item ""leaf/leaves"". Make singular/plural contrast clear, countable, and uncluttered. No text, labels, signs, speech bubbles, logos, or watermarks.",,Active plural expansion needs imageable singular/plural contrast media.,0,0,singular_plural_contrast_image,"Phase gap remains: {""L1P1"":18,""L1P2"":10,""L2P1"":34,""L2P2"":74}"
wm-0280,P1,plurals,legs,leg/legs,plural_pair,true,false,public/images/assessment/language/variants/plurals/leg-legs-01.webp,,"Create a child-friendly cartoon-realistic visual for the plural item ""leg/legs"". Make singular/plural contrast clear, countable, and uncluttered. No text, labels, signs, speech bubbles, logos, or watermarks.",,Active plural expansion needs imageable singular/plural contrast media.,0,0,singular_plural_contrast_image,"Phase gap remains: {""L1P1"":18,""L1P2"":10,""L2P1"":34,""L2P2"":74}"
wm-0281,P1,plurals,lions,lion/lions,plural_pair,true,false,public/images/assessment/language/variants/plurals/lion-lions-01.webp,,"Create a child-friendly cartoon-realistic visual for the plural item ""lion/lions"". Make singular/plural contrast clear, countable, and uncluttered. No text, labels, signs, speech bubbles, logos, or watermarks.",,Active plural expansion needs imageable singular/plural contrast media.,0,0,singular_plural_contrast_image,"Phase gap remains: {""L1P1"":18,""L1P2"":10,""L2P1"":34,""L2P2"":74}"
wm-0282,P1,plurals,lives,life/lives,plural_pair,true,false,public/images/assessment/language/variants/plurals/life-lives-01.webp,,"Create a child-friendly cartoon-realistic visual for the plural item ""life/lives"". Make singular/plural contrast clear, countable, and uncluttered. No text, labels, signs, speech bubbles, logos, or watermarks.",,Active plural expansion needs imageable singular/plural contrast media.,0,0,singular_plural_contrast_image,"Phase gap remains: {""L1P1"":18,""L1P2"":10,""L2P1"":34,""L2P2"":74}"
wm-0283,P1,plurals,loaves,loaf/loaves,plural_pair,true,false,public/images/assessment/language/variants/plurals/loaf-loaves-01.webp,,"Create a child-friendly cartoon-realistic visual for the plural item ""loaf/loaves"". Make singular/plural contrast clear, countable, and uncluttered. No text, labels, signs, speech bubbles, logos, or watermarks.",,Active plural expansion needs imageable singular/plural contrast media.,0,0,singular_plural_contrast_image,"Phase gap remains: {""L1P1"":18,""L1P2"":10,""L2P1"":34,""L2P2"":74}"
wm-0284,P1,plurals,match,match/matches,plural_pair,true,false,public/images/assessment/language/variants/plurals/match-matches-01.webp,,"Create a child-friendly cartoon-realistic visual for the plural item ""match/matches"". Make singular/plural contrast clear, countable, and uncluttered. No text, labels, signs, speech bubbles, logos, or watermarks.",,Active plural expansion needs imageable singular/plural contrast media.,0,0,singular_plural_contrast_image,"Phase gap remains: {""L1P1"":18,""L1P2"":10,""L2P1"":34,""L2P2"":74}"
wm-0285,P1,plurals,matches,match/matches,plural_pair,true,false,public/images/assessment/language/variants/plurals/match-matches-01.webp,,"Create a child-friendly cartoon-realistic visual for the plural item ""match/matches"". Make singular/plural contrast clear, countable, and uncluttered. No text, labels, signs, speech bubbles, logos, or watermarks.",,Active plural expansion needs imageable singular/plural contrast media.,0,0,singular_plural_contrast_image,"Phase gap remains: {""L1P1"":18,""L1P2"":10,""L2P1"":34,""L2P2"":74}"
wm-0286,P1,plurals,mice,mouse/mice,plural_pair,true,false,public/images/assessment/language/variants/plurals/mouse-mice-01.webp,,"Create a child-friendly cartoon-realistic visual for the plural item ""mouse/mice"". Make singular/plural contrast clear, countable, and uncluttered. No text, labels, signs, speech bubbles, logos, or watermarks.",,Active plural expansion needs imageable singular/plural contrast media.,0,0,singular_plural_contrast_image,"Phase gap remains: {""L1P1"":18,""L1P2"":10,""L2P1"":34,""L2P2"":74}"
wm-0287,P1,plurals,monkeys,monkey/monkeys,plural_pair,true,false,public/images/assessment/language/variants/plurals/monkey-monkeys-01.webp,,"Create a child-friendly cartoon-realistic visual for the plural item ""monkey/monkeys"". Make singular/plural contrast clear, countable, and uncluttered. No text, labels, signs, speech bubbles, logos, or watermarks.",,Active plural expansion needs imageable singular/plural contrast media.,0,0,singular_plural_contrast_image,"Phase gap remains: {""L1P1"":18,""L1P2"":10,""L2P1"":34,""L2P2"":74}"
wm-0288,P1,plurals,noses,nose/noses,plural_pair,true,false,public/images/assessment/language/variants/plurals/nose-noses-01.webp,,"Create a child-friendly cartoon-realistic visual for the plural item ""nose/noses"". Make singular/plural contrast clear, countable, and uncluttered. No text, labels, signs, speech bubbles, logos, or watermarks.",,Active plural expansion needs imageable singular/plural contrast media.,0,0,singular_plural_contrast_image,"Phase gap remains: {""L1P1"":18,""L1P2"":10,""L2P1"":34,""L2P2"":74}"
wm-0289,P1,plurals,parties,party/parties,plural_pair,true,false,public/images/assessment/language/variants/plurals/party-parties-01.webp,,"Create a child-friendly cartoon-realistic visual for the plural item ""party/parties"". Make singular/plural contrast clear, countable, and uncluttered. No text, labels, signs, speech bubbles, logos, or watermarks.",,Active plural expansion needs imageable singular/plural contrast media.,0,0,singular_plural_contrast_image,"Phase gap remains: {""L1P1"":18,""L1P2"":10,""L2P1"":34,""L2P2"":74}"
wm-0290,P1,plurals,party,party/parties,plural_pair,true,false,public/images/assessment/language/variants/plurals/party-parties-01.webp,,"Create a child-friendly cartoon-realistic visual for the plural item ""party/parties"". Make singular/plural contrast clear, countable, and uncluttered. No text, labels, signs, speech bubbles, logos, or watermarks.",,Active plural expansion needs imageable singular/plural contrast media.,0,0,singular_plural_contrast_image,"Phase gap remains: {""L1P1"":18,""L1P2"":10,""L2P1"":34,""L2P2"":74}"
wm-0291,P1,plurals,peaches,peach/peaches,plural_pair,true,false,public/images/assessment/language/variants/plurals/peach-peaches-01.webp,,"Create a child-friendly cartoon-realistic visual for the plural item ""peach/peaches"". Make singular/plural contrast clear, countable, and uncluttered. No text, labels, signs, speech bubbles, logos, or watermarks.",,Active plural expansion needs imageable singular/plural contrast media.,0,0,singular_plural_contrast_image,"Phase gap remains: {""L1P1"":18,""L1P2"":10,""L2P1"":34,""L2P2"":74}"
wm-0292,P1,plurals,pencils,pencil/pencils,plural_pair,true,false,public/images/assessment/language/variants/plurals/pencil-pencils-01.webp,,"Create a child-friendly cartoon-realistic visual for the plural item ""pencil/pencils"". Make singular/plural contrast clear, countable, and uncluttered. No text, labels, signs, speech bubbles, logos, or watermarks.",,Active plural expansion needs imageable singular/plural contrast media.,0,0,singular_plural_contrast_image,"Phase gap remains: {""L1P1"":18,""L1P2"":10,""L2P1"":34,""L2P2"":74}"
wm-0293,P1,plurals,photos,photo/photos,plural_pair,true,false,public/images/assessment/language/variants/plurals/photo-photos-01.webp,,"Create a child-friendly cartoon-realistic visual for the plural item ""photo/photos"". Make singular/plural contrast clear, countable, and uncluttered. No text, labels, signs, speech bubbles, logos, or watermarks.",,Active plural expansion needs imageable singular/plural contrast media.,0,0,singular_plural_contrast_image,"Phase gap remains: {""L1P1"":18,""L1P2"":10,""L2P1"":34,""L2P2"":74}"
wm-0294,P1,plurals,pianos,piano/pianos,plural_pair,true,false,public/images/assessment/language/variants/plurals/piano-pianos-01.webp,,"Create a child-friendly cartoon-realistic visual for the plural item ""piano/pianos"". Make singular/plural contrast clear, countable, and uncluttered. No text, labels, signs, speech bubbles, logos, or watermarks.",,Active plural expansion needs imageable singular/plural contrast media.,0,0,singular_plural_contrast_image,"Phase gap remains: {""L1P1"":18,""L1P2"":10,""L2P1"":34,""L2P2"":74}"
wm-0295,P1,plurals,plates,plate/plates,plural_pair,true,false,public/images/assessment/language/variants/plurals/plate-plates-01.webp,,"Create a child-friendly cartoon-realistic visual for the plural item ""plate/plates"". Make singular/plural contrast clear, countable, and uncluttered. No text, labels, signs, speech bubbles, logos, or watermarks.",,Active plural expansion needs imageable singular/plural contrast media.,0,0,singular_plural_contrast_image,"Phase gap remains: {""L1P1"":18,""L1P2"":10,""L2P1"":34,""L2P2"":74}"
wm-0296,P1,plurals,potatoes,potato/potatoes,plural_pair,true,false,public/images/assessment/language/variants/plurals/potato-potatoes-01.webp,,"Create a child-friendly cartoon-realistic visual for the plural item ""potato/potatoes"". Make singular/plural contrast clear, countable, and uncluttered. No text, labels, signs, speech bubbles, logos, or watermarks.",,Active plural expansion needs imageable singular/plural contrast media.,0,0,singular_plural_contrast_image,"Phase gap remains: {""L1P1"":18,""L1P2"":10,""L2P1"":34,""L2P2"":74}"
wm-0297,P1,plurals,puppies,puppy/puppies,plural_pair,true,false,public/images/assessment/language/variants/plurals/puppy-puppies-01.webp,,"Create a child-friendly cartoon-realistic visual for the plural item ""puppy/puppies"". Make singular/plural contrast clear, countable, and uncluttered. No text, labels, signs, speech bubbles, logos, or watermarks.",,Active plural expansion needs imageable singular/plural contrast media.,0,0,singular_plural_contrast_image,"Phase gap remains: {""L1P1"":18,""L1P2"":10,""L2P1"":34,""L2P2"":74}"
wm-0298,P1,plurals,radios,radio/radios,plural_pair,true,false,public/images/assessment/language/variants/plurals/radio-radios-01.webp,,"Create a child-friendly cartoon-realistic visual for the plural item ""radio/radios"". Make singular/plural contrast clear, countable, and uncluttered. No text, labels, signs, speech bubbles, logos, or watermarks.",,Active plural expansion needs imageable singular/plural contrast media.,0,0,singular_plural_contrast_image,"Phase gap remains: {""L1P1"":18,""L1P2"":10,""L2P1"":34,""L2P2"":74}"
wm-0299,P1,plurals,roofs,roof/roofs,plural_pair,true,false,public/images/assessment/language/variants/plurals/roof-roofs-01.webp,,"Create a child-friendly cartoon-realistic visual for the plural item ""roof/roofs"". Make singular/plural contrast clear, countable, and uncluttered. No text, labels, signs, speech bubbles, logos, or watermarks.",,Active plural expansion needs imageable singular/plural contrast media.,0,0,singular_plural_contrast_image,"Phase gap remains: {""L1P1"":18,""L1P2"":10,""L2P1"":34,""L2P2"":74}"
wm-0300,P1,plurals,shelves,shelf/shelves,plural_pair,true,false,public/images/assessment/language/variants/plurals/shelf-shelves-01.webp,,"Create a child-friendly cartoon-realistic visual for the plural item ""shelf/shelves"". Make singular/plural contrast clear, countable, and uncluttered. No text, labels, signs, speech bubbles, logos, or watermarks.",,Active plural expansion needs imageable singular/plural contrast media.,0,0,singular_plural_contrast_image,"Phase gap remains: {""L1P1"":18,""L1P2"":10,""L2P1"":34,""L2P2"":74}"
wm-0301,P1,plurals,shoes,shoe/shoes,plural_pair,true,false,public/images/assessment/language/variants/plurals/shoe-shoes-01.webp,,"Create a child-friendly cartoon-realistic visual for the plural item ""shoe/shoes"". Make singular/plural contrast clear, countable, and uncluttered. No text, labels, signs, speech bubbles, logos, or watermarks.",,Active plural expansion needs imageable singular/plural contrast media.,0,0,singular_plural_contrast_image,"Phase gap remains: {""L1P1"":18,""L1P2"":10,""L2P1"":34,""L2P2"":74}"
wm-0302,P1,plurals,socks,sock/socks,plural_pair,true,false,public/images/assessment/language/variants/plurals/sock-socks-01.webp,,"Create a child-friendly cartoon-realistic visual for the plural item ""sock/socks"". Make singular/plural contrast clear, countable, and uncluttered. No text, labels, signs, speech bubbles, logos, or watermarks.",,Active plural expansion needs imageable singular/plural contrast media.,0,0,singular_plural_contrast_image,"Phase gap remains: {""L1P1"":18,""L1P2"":10,""L2P1"":34,""L2P2"":74}"
wm-0303,P1,plurals,spoons,spoon/spoons,plural_pair,true,false,public/images/assessment/language/variants/plurals/spoon-spoons-01.webp,,"Create a child-friendly cartoon-realistic visual for the plural item ""spoon/spoons"". Make singular/plural contrast clear, countable, and uncluttered. No text, labels, signs, speech bubbles, logos, or watermarks.",,Active plural expansion needs imageable singular/plural contrast media.,0,0,singular_plural_contrast_image,"Phase gap remains: {""L1P1"":18,""L1P2"":10,""L2P1"":34,""L2P2"":74}"
wm-0304,P1,plurals,stories,story/stories,plural_pair,true,false,public/images/assessment/language/variants/plurals/story-stories-01.webp,,"Create a child-friendly cartoon-realistic visual for the plural item ""story/stories"". Make singular/plural contrast clear, countable, and uncluttered. No text, labels, signs, speech bubbles, logos, or watermarks.",,Active plural expansion needs imageable singular/plural contrast media.,0,0,singular_plural_contrast_image,"Phase gap remains: {""L1P1"":18,""L1P2"":10,""L2P1"":34,""L2P2"":74}"
wm-0305,P1,plurals,tables,table/tables,plural_pair,true,false,public/images/assessment/language/variants/plurals/table-tables-01.webp,,"Create a child-friendly cartoon-realistic visual for the plural item ""table/tables"". Make singular/plural contrast clear, countable, and uncluttered. No text, labels, signs, speech bubbles, logos, or watermarks.",,Active plural expansion needs imageable singular/plural contrast media.,0,0,singular_plural_contrast_image,"Phase gap remains: {""L1P1"":18,""L1P2"":10,""L2P1"":34,""L2P2"":74}"
wm-0306,P1,plurals,tigers,tiger/tigers,plural_pair,true,false,public/images/assessment/language/variants/plurals/tiger-tigers-01.webp,,"Create a child-friendly cartoon-realistic visual for the plural item ""tiger/tigers"". Make singular/plural contrast clear, countable, and uncluttered. No text, labels, signs, speech bubbles, logos, or watermarks.",,Active plural expansion needs imageable singular/plural contrast media.,0,0,singular_plural_contrast_image,"Phase gap remains: {""L1P1"":18,""L1P2"":10,""L2P1"":34,""L2P2"":74}"
wm-0307,P1,plurals,tomatoes,tomato/tomatoes,plural_pair,true,false,public/images/assessment/language/variants/plurals/tomato-tomatoes-01.webp,,"Create a child-friendly cartoon-realistic visual for the plural item ""tomato/tomatoes"". Make singular/plural contrast clear, countable, and uncluttered. No text, labels, signs, speech bubbles, logos, or watermarks.",,Active plural expansion needs imageable singular/plural contrast media.,0,0,singular_plural_contrast_image,"Phase gap remains: {""L1P1"":18,""L1P2"":10,""L2P1"":34,""L2P2"":74}"
wm-0308,P1,plurals,toys,toy/toys,plural_pair,true,false,public/images/assessment/language/variants/plurals/toy-toys-01.webp,,"Create a child-friendly cartoon-realistic visual for the plural item ""toy/toys"". Make singular/plural contrast clear, countable, and uncluttered. No text, labels, signs, speech bubbles, logos, or watermarks.",,Active plural expansion needs imageable singular/plural contrast media.,0,0,singular_plural_contrast_image,"Phase gap remains: {""L1P1"":18,""L1P2"":10,""L2P1"":34,""L2P2"":74}"
wm-0309,P1,plurals,trays,tray/trays,plural_pair,true,false,public/images/assessment/language/variants/plurals/tray-trays-01.webp,,"Create a child-friendly cartoon-realistic visual for the plural item ""tray/trays"". Make singular/plural contrast clear, countable, and uncluttered. No text, labels, signs, speech bubbles, logos, or watermarks.",,Active plural expansion needs imageable singular/plural contrast media.,0,0,singular_plural_contrast_image,"Phase gap remains: {""L1P1"":18,""L1P2"":10,""L2P1"":34,""L2P2"":74}"
wm-0310,P1,plurals,windows,window/windows,plural_pair,true,false,public/images/assessment/language/variants/plurals/window-windows-01.webp,,"Create a child-friendly cartoon-realistic visual for the plural item ""window/windows"". Make singular/plural contrast clear, countable, and uncluttered. No text, labels, signs, speech bubbles, logos, or watermarks.",,Active plural expansion needs imageable singular/plural contrast media.,0,0,singular_plural_contrast_image,"Phase gap remains: {""L1P1"":18,""L1P2"":10,""L2P1"":34,""L2P2"":74}"
wm-0311,P1,plurals,wish,wish/wishes,plural_pair,true,false,public/images/assessment/language/variants/plurals/wish-wishes-01.webp,,"Create a child-friendly cartoon-realistic visual for the plural item ""wish/wishes"". Make singular/plural contrast clear, countable, and uncluttered. No text, labels, signs, speech bubbles, logos, or watermarks.",,Active plural expansion needs imageable singular/plural contrast media.,0,0,singular_plural_contrast_image,"Phase gap remains: {""L1P1"":18,""L1P2"":10,""L2P1"":34,""L2P2"":74}"
wm-0312,P1,plurals,wolf,wolf/wolves,plural_pair,true,false,public/images/assessment/language/variants/plurals/wolf-wolves-01.webp,,"Create a child-friendly cartoon-realistic visual for the plural item ""wolf/wolves"". Make singular/plural contrast clear, countable, and uncluttered. No text, labels, signs, speech bubbles, logos, or watermarks.",,Active plural expansion needs imageable singular/plural contrast media.,0,1,singular_plural_contrast_image,"Phase gap remains: {""L1P1"":18,""L1P2"":10,""L2P1"":34,""L2P2"":74}"
wm-0313,P1,plurals,wolves,wolf/wolves,plural_pair,true,false,public/images/assessment/language/variants/plurals/wolf-wolves-01.webp,,"Create a child-friendly cartoon-realistic visual for the plural item ""wolf/wolves"". Make singular/plural contrast clear, countable, and uncluttered. No text, labels, signs, speech bubbles, logos, or watermarks.",,Active plural expansion needs imageable singular/plural contrast media.,0,0,singular_plural_contrast_image,"Phase gap remains: {""L1P1"":18,""L1P2"":10,""L2P1"":34,""L2P2"":74}"
wm-0314,P1,plurals,zoos,zoo/zoos,plural_pair,true,false,public/images/assessment/language/variants/plurals/zoo-zoos-01.webp,,"Create a child-friendly cartoon-realistic visual for the plural item ""zoo/zoos"". Make singular/plural contrast clear, countable, and uncluttered. No text, labels, signs, speech bubbles, logos, or watermarks.",,Active plural expansion needs imageable singular/plural contrast media.,0,0,singular_plural_contrast_image,"Phase gap remains: {""L1P1"":18,""L1P2"":10,""L2P1"":34,""L2P2"":74}"
wm-0315,P1,prepositions,in,,preposition_scene,true,false,public/images/assessment/language/variants/prepositions/in-01.webp,,"Create a simple child-friendly spatial scene for the preposition target ""in"". Use familiar objects and make the relation unmistakable. No text, labels, signs, speech bubbles, logos, or watermarks.",,"Common spatial preposition needs real scene images, not word art.",0,1,preposition_spatial_scene,
wm-0316,P1,prepositions,in front of,,preposition_scene,true,false,public/images/assessment/language/variants/prepositions/in-front-of-01.webp,,"Create a simple child-friendly spatial scene for the preposition target ""in front of"". Use familiar objects and make the relation unmistakable. No text, labels, signs, speech bubbles, logos, or watermarks.",,"Common spatial preposition needs real scene images, not word art.",0,0,preposition_spatial_scene,
wm-0317,P1,prepositions,next to,,preposition_scene,true,false,public/images/assessment/language/variants/prepositions/next-to-01.webp,,"Create a simple child-friendly spatial scene for the preposition target ""next to"". Use familiar objects and make the relation unmistakable. No text, labels, signs, speech bubbles, logos, or watermarks.",,"Common spatial preposition needs real scene images, not word art.",0,0,preposition_spatial_scene,
wm-0318,P1,prepositions,on,,preposition_scene,true,false,public/images/assessment/language/variants/prepositions/on-01.webp,,"Create a simple child-friendly spatial scene for the preposition target ""on"". Use familiar objects and make the relation unmistakable. No text, labels, signs, speech bubbles, logos, or watermarks.",,"Common spatial preposition needs real scene images, not word art.",0,1,preposition_spatial_scene,
wm-0319,P1,verbs,add,,verb,false,true,,public/audio/vocabulary/add.mp3,,"Record clean child-friendly American English audio for ""add"". Say the whole word naturally only once. Do not spell it. No music, sound effects, echo, robotic voice, or background noise. Normalize volume to match the existing approved vocabulary audio.",Active grammar runtime gap: strict grammar variants need approved image and choice audio.,1,0,action_verb_image_and_word_audio,
wm-0320,P1,verbs,answer,,verb,true,true,public/images/assessment/language/variants/verbs/answer-01.webp,public/audio/vocabulary/answer.mp3,"Create a clear child-friendly cartoon-realistic image showing the action verb ""answer"". The action must be obvious from the picture. No text, labels, signs, speech bubbles, logos, or watermarks.","Record clean child-friendly American English audio for ""answer"". Say the whole word naturally only once. Do not spell it. No music, sound effects, echo, robotic voice, or background noise. Normalize volume to match the existing approved vocabulary audio.",Active grammar runtime gap: strict grammar variants need approved image and choice audio.,0,0,action_verb_image_and_word_audio,
wm-0321,P1,verbs,arrange,,verb,true,true,public/images/assessment/language/variants/verbs/arrange-01.webp,public/audio/vocabulary/arrange.mp3,"Create a clear child-friendly cartoon-realistic image showing the action verb ""arrange"". The action must be obvious from the picture. No text, labels, signs, speech bubbles, logos, or watermarks.","Record clean child-friendly American English audio for ""arrange"". Say the whole word naturally only once. Do not spell it. No music, sound effects, echo, robotic voice, or background noise. Normalize volume to match the existing approved vocabulary audio.",Active grammar runtime gap: strict grammar variants need approved image and choice audio.,0,0,action_verb_image_and_word_audio,
wm-0322,P1,verbs,ask,,verb,true,true,public/images/assessment/language/variants/verbs/ask-01.webp,public/audio/vocabulary/ask.mp3,"Create a clear child-friendly cartoon-realistic image showing the action verb ""ask"". The action must be obvious from the picture. No text, labels, signs, speech bubbles, logos, or watermarks.","Record clean child-friendly American English audio for ""ask"". Say the whole word naturally only once. Do not spell it. No music, sound effects, echo, robotic voice, or background noise. Normalize volume to match the existing approved vocabulary audio.",Active grammar runtime gap: strict grammar variants need approved image and choice audio.,0,0,action_verb_image_and_word_audio,
wm-0323,P1,verbs,balance,,verb,true,true,public/images/assessment/language/variants/verbs/balance-01.webp,public/audio/vocabulary/balance.mp3,"Create a clear child-friendly cartoon-realistic image showing the action verb ""balance"". The action must be obvious from the picture. No text, labels, signs, speech bubbles, logos, or watermarks.","Record clean child-friendly American English audio for ""balance"". Say the whole word naturally only once. Do not spell it. No music, sound effects, echo, robotic voice, or background noise. Normalize volume to match the existing approved vocabulary audio.",Active grammar runtime gap: strict grammar variants need approved image and choice audio.,0,0,action_verb_image_and_word_audio,
wm-0324,P1,verbs,bathe,,verb,true,true,public/images/assessment/language/variants/verbs/bathe-01.webp,public/audio/vocabulary/bathe.mp3,"Create a clear child-friendly cartoon-realistic image showing the action verb ""bathe"". The action must be obvious from the picture. No text, labels, signs, speech bubbles, logos, or watermarks.","Record clean child-friendly American English audio for ""bathe"". Say the whole word naturally only once. Do not spell it. No music, sound effects, echo, robotic voice, or background noise. Normalize volume to match the existing approved vocabulary audio.",Active grammar runtime gap: strict grammar variants need approved image and choice audio.,0,0,action_verb_image_and_word_audio,
wm-0325,P1,verbs,borrow,,verb,true,true,public/images/assessment/language/variants/verbs/borrow-01.webp,public/audio/vocabulary/borrow.mp3,"Create a clear child-friendly cartoon-realistic image showing the action verb ""borrow"". The action must be obvious from the picture. No text, labels, signs, speech bubbles, logos, or watermarks.","Record clean child-friendly American English audio for ""borrow"". Say the whole word naturally only once. Do not spell it. No music, sound effects, echo, robotic voice, or background noise. Normalize volume to match the existing approved vocabulary audio.",Active grammar runtime gap: strict grammar variants need approved image and choice audio.,0,0,action_verb_image_and_word_audio,
wm-0326,P1,verbs,bounce,,verb,true,true,public/images/assessment/language/variants/verbs/bounce-01.webp,public/audio/vocabulary/bounce.mp3,"Create a clear child-friendly cartoon-realistic image showing the action verb ""bounce"". The action must be obvious from the picture. No text, labels, signs, speech bubbles, logos, or watermarks.","Record clean child-friendly American English audio for ""bounce"". Say the whole word naturally only once. Do not spell it. No music, sound effects, echo, robotic voice, or background noise. Normalize volume to match the existing approved vocabulary audio.",Active grammar runtime gap: strict grammar variants need approved image and choice audio.,0,0,action_verb_image_and_word_audio,
wm-0327,P1,verbs,bring,,verb,false,true,,public/audio/vocabulary/bring.mp3,,"Record clean child-friendly American English audio for ""bring"". Say the whole word naturally only once. Do not spell it. No music, sound effects, echo, robotic voice, or background noise. Normalize volume to match the existing approved vocabulary audio.",Active grammar runtime gap: strict grammar variants need approved image and choice audio.,1,0,action_verb_image_and_word_audio,
wm-0328,P1,verbs,build,,verb,false,true,,public/audio/vocabulary/build.mp3,,"Record clean child-friendly American English audio for ""build"". Say the whole word naturally only once. Do not spell it. No music, sound effects, echo, robotic voice, or background noise. Normalize volume to match the existing approved vocabulary audio.",Active grammar runtime gap: strict grammar variants need approved image and choice audio.,2,0,action_verb_image_and_word_audio,
wm-0329,P1,verbs,carry,,verb,false,true,,public/audio/vocabulary/carry.mp3,,"Record clean child-friendly American English audio for ""carry"". Say the whole word naturally only once. Do not spell it. No music, sound effects, echo, robotic voice, or background noise. Normalize volume to match the existing approved vocabulary audio.",Active grammar runtime gap: strict grammar variants need approved image and choice audio.,2,0,action_verb_image_and_word_audio,
wm-0330,P1,verbs,chase,,verb,false,true,,public/audio/vocabulary/chase.mp3,,"Record clean child-friendly American English audio for ""chase"". Say the whole word naturally only once. Do not spell it. No music, sound effects, echo, robotic voice, or background noise. Normalize volume to match the existing approved vocabulary audio.",Active grammar runtime gap: strict grammar variants need approved image and choice audio.,1,0,action_verb_image_and_word_audio,
wm-0331,P1,verbs,choose,,verb,false,true,,public/audio/vocabulary/choose.mp3,,"Record clean child-friendly American English audio for ""choose"". Say the whole word naturally only once. Do not spell it. No music, sound effects, echo, robotic voice, or background noise. Normalize volume to match the existing approved vocabulary audio.",Active grammar runtime gap: strict grammar variants need approved image and choice audio.,1,0,action_verb_image_and_word_audio,
wm-0332,P1,verbs,close,,verb,false,true,,public/audio/vocabulary/close.mp3,,"Record clean child-friendly American English audio for ""close"". Say the whole word naturally only once. Do not spell it. No music, sound effects, echo, robotic voice, or background noise. Normalize volume to match the existing approved vocabulary audio.",Active grammar runtime gap: strict grammar variants need approved image and choice audio.,1,0,action_verb_image_and_word_audio,
wm-0333,P1,verbs,collect,,verb,true,true,public/images/assessment/language/variants/verbs/collect-01.webp,public/audio/vocabulary/collect.mp3,"Create a clear child-friendly cartoon-realistic image showing the action verb ""collect"". The action must be obvious from the picture. No text, labels, signs, speech bubbles, logos, or watermarks.","Record clean child-friendly American English audio for ""collect"". Say the whole word naturally only once. Do not spell it. No music, sound effects, echo, robotic voice, or background noise. Normalize volume to match the existing approved vocabulary audio.",Active grammar runtime gap: strict grammar variants need approved image and choice audio.,0,0,action_verb_image_and_word_audio,
wm-0334,P1,verbs,color,,verb,true,true,public/images/assessment/language/variants/verbs/color-01.webp,public/audio/vocabulary/color.mp3,"Create a clear child-friendly cartoon-realistic image showing the action verb ""color"". The action must be obvious from the picture. No text, labels, signs, speech bubbles, logos, or watermarks.","Record clean child-friendly American English audio for ""color"". Say the whole word naturally only once. Do not spell it. No music, sound effects, echo, robotic voice, or background noise. Normalize volume to match the existing approved vocabulary audio.",Active grammar runtime gap: strict grammar variants need approved image and choice audio.,0,0,action_verb_image_and_word_audio,
wm-0335,P1,verbs,come,,verb,true,false,public/images/assessment/language/variants/verbs/come-01.webp,,"Create a clear child-friendly cartoon-realistic image showing the action verb ""come"". The action must be obvious from the picture. No text, labels, signs, speech bubbles, logos, or watermarks.",,Active grammar runtime gap: strict grammar variants need approved image and choice audio.,0,1,action_verb_image_and_word_audio,
wm-0336,P1,verbs,compare,,verb,false,true,,public/audio/vocabulary/compare.mp3,,"Record clean child-friendly American English audio for ""compare"". Say the whole word naturally only once. Do not spell it. No music, sound effects, echo, robotic voice, or background noise. Normalize volume to match the existing approved vocabulary audio.",Active grammar runtime gap: strict grammar variants need approved image and choice audio.,1,0,action_verb_image_and_word_audio,
wm-0337,P1,verbs,connect,,verb,true,true,public/images/assessment/language/variants/verbs/connect-01.webp,public/audio/vocabulary/connect.mp3,"Create a clear child-friendly cartoon-realistic image showing the action verb ""connect"". The action must be obvious from the picture. No text, labels, signs, speech bubbles, logos, or watermarks.","Record clean child-friendly American English audio for ""connect"". Say the whole word naturally only once. Do not spell it. No music, sound effects, echo, robotic voice, or background noise. Normalize volume to match the existing approved vocabulary audio.",Active grammar runtime gap: strict grammar variants need approved image and choice audio.,0,0,action_verb_image_and_word_audio,
wm-0338,P1,verbs,copy,,verb,true,true,public/images/assessment/language/variants/verbs/copy-01.webp,public/audio/vocabulary/copy.mp3,"Create a clear child-friendly cartoon-realistic image showing the action verb ""copy"". The action must be obvious from the picture. No text, labels, signs, speech bubbles, logos, or watermarks.","Record clean child-friendly American English audio for ""copy"". Say the whole word naturally only once. Do not spell it. No music, sound effects, echo, robotic voice, or background noise. Normalize volume to match the existing approved vocabulary audio.",Active grammar runtime gap: strict grammar variants need approved image and choice audio.,0,0,action_verb_image_and_word_audio,
wm-0339,P1,verbs,count,,verb,false,true,,public/audio/vocabulary/count.mp3,,"Record clean child-friendly American English audio for ""count"". Say the whole word naturally only once. Do not spell it. No music, sound effects, echo, robotic voice, or background noise. Normalize volume to match the existing approved vocabulary audio.",Active grammar runtime gap: strict grammar variants need approved image and choice audio.,2,0,action_verb_image_and_word_audio,
wm-0340,P1,verbs,cover,,verb,true,true,public/images/assessment/language/variants/verbs/cover-01.webp,public/audio/vocabulary/cover.mp3,"Create a clear child-friendly cartoon-realistic image showing the action verb ""cover"". The action must be obvious from the picture. No text, labels, signs, speech bubbles, logos, or watermarks.","Record clean child-friendly American English audio for ""cover"". Say the whole word naturally only once. Do not spell it. No music, sound effects, echo, robotic voice, or background noise. Normalize volume to match the existing approved vocabulary audio.",Active grammar runtime gap: strict grammar variants need approved image and choice audio.,0,0,action_verb_image_and_word_audio,
wm-0341,P1,verbs,cross,,verb,false,true,,public/audio/vocabulary/cross.mp3,,"Record clean child-friendly American English audio for ""cross"". Say the whole word naturally only once. Do not spell it. No music, sound effects, echo, robotic voice, or background noise. Normalize volume to match the existing approved vocabulary audio.",Active grammar runtime gap: strict grammar variants need approved image and choice audio.,1,0,action_verb_image_and_word_audio,
wm-0342,P1,verbs,dance,,verb,false,true,,public/audio/vocabulary/dance.mp3,,"Record clean child-friendly American English audio for ""dance"". Say the whole word naturally only once. Do not spell it. No music, sound effects, echo, robotic voice, or background noise. Normalize volume to match the existing approved vocabulary audio.",Active grammar runtime gap: strict grammar variants need approved image and choice audio.,1,0,action_verb_image_and_word_audio,
wm-0343,P1,verbs,decorate,,verb,true,true,public/images/assessment/language/variants/verbs/decorate-01.webp,public/audio/vocabulary/decorate.mp3,"Create a clear child-friendly cartoon-realistic image showing the action verb ""decorate"". The action must be obvious from the picture. No text, labels, signs, speech bubbles, logos, or watermarks.","Record clean child-friendly American English audio for ""decorate"". Say the whole word naturally only once. Do not spell it. No music, sound effects, echo, robotic voice, or background noise. Normalize volume to match the existing approved vocabulary audio.",Active grammar runtime gap: strict grammar variants need approved image and choice audio.,0,0,action_verb_image_and_word_audio,
wm-0344,P1,verbs,describe,,verb,true,true,public/images/assessment/language/variants/verbs/describe-01.webp,public/audio/vocabulary/describe.mp3,"Create a clear child-friendly cartoon-realistic image showing the action verb ""describe"". The action must be obvious from the picture. No text, labels, signs, speech bubbles, logos, or watermarks.","Record clean child-friendly American English audio for ""describe"". Say the whole word naturally only once. Do not spell it. No music, sound effects, echo, robotic voice, or background noise. Normalize volume to match the existing approved vocabulary audio.",Active grammar runtime gap: strict grammar variants need approved image and choice audio.,0,0,action_verb_image_and_word_audio,
wm-0345,P1,verbs,discover,,verb,true,true,public/images/assessment/language/variants/verbs/discover-01.webp,public/audio/vocabulary/discover.mp3,"Create a clear child-friendly cartoon-realistic image showing the action verb ""discover"". The action must be obvious from the picture. No text, labels, signs, speech bubbles, logos, or watermarks.","Record clean child-friendly American English audio for ""discover"". Say the whole word naturally only once. Do not spell it. No music, sound effects, echo, robotic voice, or background noise. Normalize volume to match the existing approved vocabulary audio.",Active grammar runtime gap: strict grammar variants need approved image and choice audio.,0,0,action_verb_image_and_word_audio,
wm-0346,P1,verbs,divide,,verb,true,true,public/images/assessment/language/variants/verbs/divide-01.webp,public/audio/vocabulary/divide.mp3,"Create a clear child-friendly cartoon-realistic image showing the action verb ""divide"". The action must be obvious from the picture. No text, labels, signs, speech bubbles, logos, or watermarks.","Record clean child-friendly American English audio for ""divide"". Say the whole word naturally only once. Do not spell it. No music, sound effects, echo, robotic voice, or background noise. Normalize volume to match the existing approved vocabulary audio.",Active grammar runtime gap: strict grammar variants need approved image and choice audio.,0,0,action_verb_image_and_word_audio,
wm-0347,P1,verbs,drive,,verb,false,true,,public/audio/vocabulary/drive.mp3,,"Record clean child-friendly American English audio for ""drive"". Say the whole word naturally only once. Do not spell it. No music, sound effects, echo, robotic voice, or background noise. Normalize volume to match the existing approved vocabulary audio.",Active grammar runtime gap: strict grammar variants need approved image and choice audio.,2,0,action_verb_image_and_word_audio,
wm-0348,P1,verbs,eat,,verb,false,true,,public/audio/vocabulary/eat.mp3,,"Record clean child-friendly American English audio for ""eat"". Say the whole word naturally only once. Do not spell it. No music, sound effects, echo, robotic voice, or background noise. Normalize volume to match the existing approved vocabulary audio.",Active grammar runtime gap: strict grammar variants need approved image and choice audio.,2,0,action_verb_image_and_word_audio,
wm-0349,P1,verbs,explain,,verb,false,true,,public/audio/vocabulary/explain.mp3,,"Record clean child-friendly American English audio for ""explain"". Say the whole word naturally only once. Do not spell it. No music, sound effects, echo, robotic voice, or background noise. Normalize volume to match the existing approved vocabulary audio.",Active grammar runtime gap: strict grammar variants need approved image and choice audio.,1,0,action_verb_image_and_word_audio,
wm-0350,P1,verbs,explore,,verb,true,true,public/images/assessment/language/variants/verbs/explore-01.webp,public/audio/vocabulary/explore.mp3,"Create a clear child-friendly cartoon-realistic image showing the action verb ""explore"". The action must be obvious from the picture. No text, labels, signs, speech bubbles, logos, or watermarks.","Record clean child-friendly American English audio for ""explore"". Say the whole word naturally only once. Do not spell it. No music, sound effects, echo, robotic voice, or background noise. Normalize volume to match the existing approved vocabulary audio.",Active grammar runtime gap: strict grammar variants need approved image and choice audio.,0,0,action_verb_image_and_word_audio,
wm-0351,P1,verbs,fall,,verb,false,true,,public/audio/vocabulary/fall.mp3,,"Record clean child-friendly American English audio for ""fall"". Say the whole word naturally only once. Do not spell it. No music, sound effects, echo, robotic voice, or background noise. Normalize volume to match the existing approved vocabulary audio.",Active grammar runtime gap: strict grammar variants need approved image and choice audio.,6,0,action_verb_image_and_word_audio,
wm-0352,P1,verbs,find,,verb,true,false,public/images/assessment/language/variants/verbs/find-01.webp,,"Create a clear child-friendly cartoon-realistic image showing the action verb ""find"". The action must be obvious from the picture. No text, labels, signs, speech bubbles, logos, or watermarks.",,Active grammar runtime gap: strict grammar variants need approved image and choice audio.,0,1,action_verb_image_and_word_audio,
wm-0353,P1,verbs,finish,,verb,false,true,,public/audio/vocabulary/finish.mp3,,"Record clean child-friendly American English audio for ""finish"". Say the whole word naturally only once. Do not spell it. No music, sound effects, echo, robotic voice, or background noise. Normalize volume to match the existing approved vocabulary audio.",Active grammar runtime gap: strict grammar variants need approved image and choice audio.,1,0,action_verb_image_and_word_audio,
wm-0354,P1,verbs,fly,,verb,false,true,,public/audio/vocabulary/fly.mp3,,"Record clean child-friendly American English audio for ""fly"". Say the whole word naturally only once. Do not spell it. No music, sound effects, echo, robotic voice, or background noise. Normalize volume to match the existing approved vocabulary audio.",Active grammar runtime gap: strict grammar variants need approved image and choice audio.,1,0,action_verb_image_and_word_audio,
wm-0355,P1,verbs,fold,,verb,true,true,public/images/assessment/language/variants/verbs/fold-01.webp,public/audio/vocabulary/fold.mp3,"Create a clear child-friendly cartoon-realistic image showing the action verb ""fold"". The action must be obvious from the picture. No text, labels, signs, speech bubbles, logos, or watermarks.","Record clean child-friendly American English audio for ""fold"". Say the whole word naturally only once. Do not spell it. No music, sound effects, echo, robotic voice, or background noise. Normalize volume to match the existing approved vocabulary audio.",Active grammar runtime gap: strict grammar variants need approved image and choice audio.,0,0,action_verb_image_and_word_audio,
wm-0356,P1,verbs,follow,,verb,false,true,,public/audio/vocabulary/follow.mp3,,"Record clean child-friendly American English audio for ""follow"". Say the whole word naturally only once. Do not spell it. No music, sound effects, echo, robotic voice, or background noise. Normalize volume to match the existing approved vocabulary audio.",Active grammar runtime gap: strict grammar variants need approved image and choice audio.,1,0,action_verb_image_and_word_audio,
wm-0357,P1,verbs,gather,,verb,true,true,public/images/assessment/language/variants/verbs/gather-01.webp,public/audio/vocabulary/gather.mp3,"Create a clear child-friendly cartoon-realistic image showing the action verb ""gather"". The action must be obvious from the picture. No text, labels, signs, speech bubbles, logos, or watermarks.","Record clean child-friendly American English audio for ""gather"". Say the whole word naturally only once. Do not spell it. No music, sound effects, echo, robotic voice, or background noise. Normalize volume to match the existing approved vocabulary audio.",Active grammar runtime gap: strict grammar variants need approved image and choice audio.,0,0,action_verb_image_and_word_audio,
wm-0358,P1,verbs,give,,verb,true,true,public/images/assessment/language/variants/verbs/give-01.webp,public/audio/vocabulary/give.mp3,"Create a clear child-friendly cartoon-realistic image showing the action verb ""give"". The action must be obvious from the picture. No text, labels, signs, speech bubbles, logos, or watermarks.","Record clean child-friendly American English audio for ""give"". Say the whole word naturally only once. Do not spell it. No music, sound effects, echo, robotic voice, or background noise. Normalize volume to match the existing approved vocabulary audio.",Active grammar runtime gap: strict grammar variants need approved image and choice audio.,0,0,action_verb_image_and_word_audio,
wm-0359,P1,verbs,glue,,verb,true,true,public/images/assessment/language/variants/verbs/glue-01.webp,public/audio/vocabulary/glue.mp3,"Create a clear child-friendly cartoon-realistic image showing the action verb ""glue"". The action must be obvious from the picture. No text, labels, signs, speech bubbles, logos, or watermarks.","Record clean child-friendly American English audio for ""glue"". Say the whole word naturally only once. Do not spell it. No music, sound effects, echo, robotic voice, or background noise. Normalize volume to match the existing approved vocabulary audio.",Active grammar runtime gap: strict grammar variants need approved image and choice audio.,0,0,action_verb_image_and_word_audio,
wm-0360,P1,verbs,go,,verb,true,false,public/images/assessment/language/variants/verbs/go-01.webp,,"Create a clear child-friendly cartoon-realistic image showing the action verb ""go"". The action must be obvious from the picture. No text, labels, signs, speech bubbles, logos, or watermarks.",,Active grammar runtime gap: strict grammar variants need approved image and choice audio.,0,1,action_verb_image_and_word_audio,
wm-0361,P1,verbs,grow,,verb,false,true,,public/audio/vocabulary/grow.mp3,,"Record clean child-friendly American English audio for ""grow"". Say the whole word naturally only once. Do not spell it. No music, sound effects, echo, robotic voice, or background noise. Normalize volume to match the existing approved vocabulary audio.",Active grammar runtime gap: strict grammar variants need approved image and choice audio.,1,0,action_verb_image_and_word_audio,
wm-0362,P1,verbs,help,,verb,false,true,,public/audio/vocabulary/help.mp3,,"Record clean child-friendly American English audio for ""help"". Say the whole word naturally only once. Do not spell it. No music, sound effects, echo, robotic voice, or background noise. Normalize volume to match the existing approved vocabulary audio.",Active grammar runtime gap: strict grammar variants need approved image and choice audio.,1,0,action_verb_image_and_word_audio,
wm-0363,P1,verbs,hide,,verb,false,true,,public/audio/vocabulary/hide.mp3,,"Record clean child-friendly American English audio for ""hide"". Say the whole word naturally only once. Do not spell it. No music, sound effects, echo, robotic voice, or background noise. Normalize volume to match the existing approved vocabulary audio.",Active grammar runtime gap: strict grammar variants need approved image and choice audio.,6,0,action_verb_image_and_word_audio,
wm-0364,P1,verbs,hold,,verb,false,true,,public/audio/vocabulary/hold.mp3,,"Record clean child-friendly American English audio for ""hold"". Say the whole word naturally only once. Do not spell it. No music, sound effects, echo, robotic voice, or background noise. Normalize volume to match the existing approved vocabulary audio.",Active grammar runtime gap: strict grammar variants need approved image and choice audio.,1,0,action_verb_image_and_word_audio,
wm-0365,P1,verbs,hug,,verb,false,true,,public/audio/vocabulary/hug.mp3,,"Record clean child-friendly American English audio for ""hug"". Say the whole word naturally only once. Do not spell it. No music, sound effects, echo, robotic voice, or background noise. Normalize volume to match the existing approved vocabulary audio.",Active grammar runtime gap: strict grammar variants need approved image and choice audio.,1,0,action_verb_image_and_word_audio,
wm-0366,P1,verbs,invite,,verb,true,true,public/images/assessment/language/variants/verbs/invite-01.webp,public/audio/vocabulary/invite.mp3,"Create a clear child-friendly cartoon-realistic image showing the action verb ""invite"". The action must be obvious from the picture. No text, labels, signs, speech bubbles, logos, or watermarks.","Record clean child-friendly American English audio for ""invite"". Say the whole word naturally only once. Do not spell it. No music, sound effects, echo, robotic voice, or background noise. Normalize volume to match the existing approved vocabulary audio.",Active grammar runtime gap: strict grammar variants need approved image and choice audio.,0,0,action_verb_image_and_word_audio,
wm-0367,P1,verbs,label,,verb,true,true,public/images/assessment/language/variants/verbs/label-01.webp,public/audio/vocabulary/label.mp3,"Create a clear child-friendly cartoon-realistic image showing the action verb ""label"". The action must be obvious from the picture. No text, labels, signs, speech bubbles, logos, or watermarks.","Record clean child-friendly American English audio for ""label"". Say the whole word naturally only once. Do not spell it. No music, sound effects, echo, robotic voice, or background noise. Normalize volume to match the existing approved vocabulary audio.",Active grammar runtime gap: strict grammar variants need approved image and choice audio.,0,0,action_verb_image_and_word_audio,
wm-0368,P1,verbs,learn,,verb,false,true,,public/audio/vocabulary/learn.mp3,,"Record clean child-friendly American English audio for ""learn"". Say the whole word naturally only once. Do not spell it. No music, sound effects, echo, robotic voice, or background noise. Normalize volume to match the existing approved vocabulary audio.",Active grammar runtime gap: strict grammar variants need approved image and choice audio.,1,0,action_verb_image_and_word_audio,
wm-0369,P1,verbs,listen,,verb,false,true,,public/audio/vocabulary/listen.mp3,,"Record clean child-friendly American English audio for ""listen"". Say the whole word naturally only once. Do not spell it. No music, sound effects, echo, robotic voice, or background noise. Normalize volume to match the existing approved vocabulary audio.",Active grammar runtime gap: strict grammar variants need approved image and choice audio.,2,0,action_verb_image_and_word_audio,
wm-0370,P1,verbs,look,,verb,false,true,,public/audio/vocabulary/look.mp3,,"Record clean child-friendly American English audio for ""look"". Say the whole word naturally only once. Do not spell it. No music, sound effects, echo, robotic voice, or background noise. Normalize volume to match the existing approved vocabulary audio.",Active grammar runtime gap: strict grammar variants need approved image and choice audio.,1,0,action_verb_image_and_word_audio,
wm-0371,P1,verbs,make,,verb,true,false,public/images/assessment/language/variants/verbs/make-01.webp,,"Create a clear child-friendly cartoon-realistic image showing the action verb ""make"". The action must be obvious from the picture. No text, labels, signs, speech bubbles, logos, or watermarks.",,Active grammar runtime gap: strict grammar variants need approved image and choice audio.,0,1,action_verb_image_and_word_audio,
wm-0372,P1,verbs,measure,,verb,false,true,,public/audio/vocabulary/measure.mp3,,"Record clean child-friendly American English audio for ""measure"". Say the whole word naturally only once. Do not spell it. No music, sound effects, echo, robotic voice, or background noise. Normalize volume to match the existing approved vocabulary audio.",Active grammar runtime gap: strict grammar variants need approved image and choice audio.,1,0,action_verb_image_and_word_audio,
wm-0373,P1,verbs,move,,verb,false,true,,public/audio/vocabulary/move.mp3,,"Record clean child-friendly American English audio for ""move"". Say the whole word naturally only once. Do not spell it. No music, sound effects, echo, robotic voice, or background noise. Normalize volume to match the existing approved vocabulary audio.",Active grammar runtime gap: strict grammar variants need approved image and choice audio.,1,0,action_verb_image_and_word_audio,
wm-0374,P1,verbs,notice,,verb,true,true,public/images/assessment/language/variants/verbs/notice-01.webp,public/audio/vocabulary/notice.mp3,"Create a clear child-friendly cartoon-realistic image showing the action verb ""notice"". The action must be obvious from the picture. No text, labels, signs, speech bubbles, logos, or watermarks.","Record clean child-friendly American English audio for ""notice"". Say the whole word naturally only once. Do not spell it. No music, sound effects, echo, robotic voice, or background noise. Normalize volume to match the existing approved vocabulary audio.",Active grammar runtime gap: strict grammar variants need approved image and choice audio.,0,0,action_verb_image_and_word_audio,
wm-0375,P1,verbs,pack,,verb,true,true,public/images/assessment/language/variants/verbs/pack-01.webp,public/audio/vocabulary/pack.mp3,"Create a clear child-friendly cartoon-realistic image showing the action verb ""pack"". The action must be obvious from the picture. No text, labels, signs, speech bubbles, logos, or watermarks.","Record clean child-friendly American English audio for ""pack"". Say the whole word naturally only once. Do not spell it. No music, sound effects, echo, robotic voice, or background noise. Normalize volume to match the existing approved vocabulary audio.",Active grammar runtime gap: strict grammar variants need approved image and choice audio.,0,0,action_verb_image_and_word_audio,
wm-0376,P1,verbs,play,,verb,true,true,public/images/assessment/language/variants/verbs/play-01.webp,public/audio/vocabulary/play.mp3,"Create a clear child-friendly cartoon-realistic image showing the action verb ""play"". The action must be obvious from the picture. No text, labels, signs, speech bubbles, logos, or watermarks.","Record clean child-friendly American English audio for ""play"". Say the whole word naturally only once. Do not spell it. No music, sound effects, echo, robotic voice, or background noise. Normalize volume to match the existing approved vocabulary audio.",Active grammar runtime gap: strict grammar variants need approved image and choice audio.,0,0,action_verb_image_and_word_audio,
wm-0377,P1,verbs,point,,verb,false,true,,public/audio/vocabulary/point.mp3,,"Record clean child-friendly American English audio for ""point"". Say the whole word naturally only once. Do not spell it. No music, sound effects, echo, robotic voice, or background noise. Normalize volume to match the existing approved vocabulary audio.",Active grammar runtime gap: strict grammar variants need approved image and choice audio.,1,0,action_verb_image_and_word_audio,
wm-0378,P1,verbs,practice,,verb,true,true,public/images/assessment/language/variants/verbs/practice-01.webp,public/audio/vocabulary/practice.mp3,"Create a clear child-friendly cartoon-realistic image showing the action verb ""practice"". The action must be obvious from the picture. No text, labels, signs, speech bubbles, logos, or watermarks.","Record clean child-friendly American English audio for ""practice"". Say the whole word naturally only once. Do not spell it. No music, sound effects, echo, robotic voice, or background noise. Normalize volume to match the existing approved vocabulary audio.",Active grammar runtime gap: strict grammar variants need approved image and choice audio.,0,0,action_verb_image_and_word_audio,
wm-0379,P1,verbs,pretend,,verb,true,true,public/images/assessment/language/variants/verbs/pretend-01.webp,public/audio/vocabulary/pretend.mp3,"Create a clear child-friendly cartoon-realistic image showing the action verb ""pretend"". The action must be obvious from the picture. No text, labels, signs, speech bubbles, logos, or watermarks.","Record clean child-friendly American English audio for ""pretend"". Say the whole word naturally only once. Do not spell it. No music, sound effects, echo, robotic voice, or background noise. Normalize volume to match the existing approved vocabulary audio.",Active grammar runtime gap: strict grammar variants need approved image and choice audio.,0,0,action_verb_image_and_word_audio,
wm-0380,P1,verbs,put,,verb,true,true,public/images/assessment/language/variants/verbs/put-01.webp,public/audio/vocabulary/put.mp3,"Create a clear child-friendly cartoon-realistic image showing the action verb ""put"". The action must be obvious from the picture. No text, labels, signs, speech bubbles, logos, or watermarks.","Record clean child-friendly American English audio for ""put"". Say the whole word naturally only once. Do not spell it. No music, sound effects, echo, robotic voice, or background noise. Normalize volume to match the existing approved vocabulary audio.",Active grammar runtime gap: strict grammar variants need approved image and choice audio.,0,0,action_verb_image_and_word_audio,
wm-0381,P1,verbs,remember,,verb,true,true,public/images/assessment/language/variants/verbs/remember-01.webp,public/audio/vocabulary/remember.mp3,"Create a clear child-friendly cartoon-realistic image showing the action verb ""remember"". The action must be obvious from the picture. No text, labels, signs, speech bubbles, logos, or watermarks.","Record clean child-friendly American English audio for ""remember"". Say the whole word naturally only once. Do not spell it. No music, sound effects, echo, robotic voice, or background noise. Normalize volume to match the existing approved vocabulary audio.",Active grammar runtime gap: strict grammar variants need approved image and choice audio.,0,0,action_verb_image_and_word_audio,
wm-0382,P1,verbs,repeat,,verb,true,true,public/images/assessment/language/variants/verbs/repeat-01.webp,public/audio/vocabulary/repeat.mp3,"Create a clear child-friendly cartoon-realistic image showing the action verb ""repeat"". The action must be obvious from the picture. No text, labels, signs, speech bubbles, logos, or watermarks.","Record clean child-friendly American English audio for ""repeat"". Say the whole word naturally only once. Do not spell it. No music, sound effects, echo, robotic voice, or background noise. Normalize volume to match the existing approved vocabulary audio.",Active grammar runtime gap: strict grammar variants need approved image and choice audio.,0,0,action_verb_image_and_word_audio,
wm-0383,P1,verbs,rest,,verb,false,true,,public/audio/vocabulary/rest.mp3,,"Record clean child-friendly American English audio for ""rest"". Say the whole word naturally only once. Do not spell it. No music, sound effects, echo, robotic voice, or background noise. Normalize volume to match the existing approved vocabulary audio.",Active grammar runtime gap: strict grammar variants need approved image and choice audio.,1,0,action_verb_image_and_word_audio,
wm-0384,P1,verbs,return,,verb,true,true,public/images/assessment/language/variants/verbs/return-01.webp,public/audio/vocabulary/return.mp3,"Create a clear child-friendly cartoon-realistic image showing the action verb ""return"". The action must be obvious from the picture. No text, labels, signs, speech bubbles, logos, or watermarks.","Record clean child-friendly American English audio for ""return"". Say the whole word naturally only once. Do not spell it. No music, sound effects, echo, robotic voice, or background noise. Normalize volume to match the existing approved vocabulary audio.",Active grammar runtime gap: strict grammar variants need approved image and choice audio.,0,0,action_verb_image_and_word_audio,
wm-0385,P1,verbs,say,,verb,false,true,,public/audio/vocabulary/say.mp3,,"Record clean child-friendly American English audio for ""say"". Say the whole word naturally only once. Do not spell it. No music, sound effects, echo, robotic voice, or background noise. Normalize volume to match the existing approved vocabulary audio.",Active grammar runtime gap: strict grammar variants need approved image and choice audio.,1,0,action_verb_image_and_word_audio,
wm-0386,P1,verbs,search,,verb,true,true,public/images/assessment/language/variants/verbs/search-01.webp,public/audio/vocabulary/search.mp3,"Create a clear child-friendly cartoon-realistic image showing the action verb ""search"". The action must be obvious from the picture. No text, labels, signs, speech bubbles, logos, or watermarks.","Record clean child-friendly American English audio for ""search"". Say the whole word naturally only once. Do not spell it. No music, sound effects, echo, robotic voice, or background noise. Normalize volume to match the existing approved vocabulary audio.",Active grammar runtime gap: strict grammar variants need approved image and choice audio.,0,0,action_verb_image_and_word_audio,
wm-0387,P1,verbs,see,,verb,true,true,public/images/assessment/language/variants/verbs/see-01.webp,public/audio/vocabulary/see.mp3,"Create a clear child-friendly cartoon-realistic image showing the action verb ""see"". The action must be obvious from the picture. No text, labels, signs, speech bubbles, logos, or watermarks.","Record clean child-friendly American English audio for ""see"". Say the whole word naturally only once. Do not spell it. No music, sound effects, echo, robotic voice, or background noise. Normalize volume to match the existing approved vocabulary audio.",Active grammar runtime gap: strict grammar variants need approved image and choice audio.,0,0,action_verb_image_and_word_audio,
wm-0388,P1,verbs,separate,,verb,true,true,public/images/assessment/language/variants/verbs/separate-01.webp,public/audio/vocabulary/separate.mp3,"Create a clear child-friendly cartoon-realistic image showing the action verb ""separate"". The action must be obvious from the picture. No text, labels, signs, speech bubbles, logos, or watermarks.","Record clean child-friendly American English audio for ""separate"". Say the whole word naturally only once. Do not spell it. No music, sound effects, echo, robotic voice, or background noise. Normalize volume to match the existing approved vocabulary audio.",Active grammar runtime gap: strict grammar variants need approved image and choice audio.,0,0,action_verb_image_and_word_audio,
wm-0389,P1,verbs,sing,,verb,false,true,,public/audio/vocabulary/sing.mp3,,"Record clean child-friendly American English audio for ""sing"". Say the whole word naturally only once. Do not spell it. No music, sound effects, echo, robotic voice, or background noise. Normalize volume to match the existing approved vocabulary audio.",Active grammar runtime gap: strict grammar variants need approved image and choice audio.,1,0,action_verb_image_and_word_audio,
wm-0390,P1,verbs,solve,,verb,true,true,public/images/assessment/language/variants/verbs/solve-01.webp,public/audio/vocabulary/solve.mp3,"Create a clear child-friendly cartoon-realistic image showing the action verb ""solve"". The action must be obvious from the picture. No text, labels, signs, speech bubbles, logos, or watermarks.","Record clean child-friendly American English audio for ""solve"". Say the whole word naturally only once. Do not spell it. No music, sound effects, echo, robotic voice, or background noise. Normalize volume to match the existing approved vocabulary audio.",Active grammar runtime gap: strict grammar variants need approved image and choice audio.,0,0,action_verb_image_and_word_audio,
wm-0391,P1,verbs,sprinkle,,verb,true,true,public/images/assessment/language/variants/verbs/sprinkle-01.webp,public/audio/vocabulary/sprinkle.mp3,"Create a clear child-friendly cartoon-realistic image showing the action verb ""sprinkle"". The action must be obvious from the picture. No text, labels, signs, speech bubbles, logos, or watermarks.","Record clean child-friendly American English audio for ""sprinkle"". Say the whole word naturally only once. Do not spell it. No music, sound effects, echo, robotic voice, or background noise. Normalize volume to match the existing approved vocabulary audio.",Active grammar runtime gap: strict grammar variants need approved image and choice audio.,0,0,action_verb_image_and_word_audio,
wm-0392,P1,verbs,stay,,verb,false,true,,public/audio/vocabulary/stay.mp3,,"Record clean child-friendly American English audio for ""stay"". Say the whole word naturally only once. Do not spell it. No music, sound effects, echo, robotic voice, or background noise. Normalize volume to match the existing approved vocabulary audio.",Active grammar runtime gap: strict grammar variants need approved image and choice audio.,1,0,action_verb_image_and_word_audio,
wm-0393,P1,verbs,stretch,,verb,true,true,public/images/assessment/language/variants/verbs/stretch-01.webp,public/audio/vocabulary/stretch.mp3,"Create a clear child-friendly cartoon-realistic image showing the action verb ""stretch"". The action must be obvious from the picture. No text, labels, signs, speech bubbles, logos, or watermarks.","Record clean child-friendly American English audio for ""stretch"". Say the whole word naturally only once. Do not spell it. No music, sound effects, echo, robotic voice, or background noise. Normalize volume to match the existing approved vocabulary audio.",Active grammar runtime gap: strict grammar variants need approved image and choice audio.,0,0,action_verb_image_and_word_audio,
wm-0394,P1,verbs,take,,verb,true,false,public/images/assessment/language/variants/verbs/take-01.webp,,"Create a clear child-friendly cartoon-realistic image showing the action verb ""take"". The action must be obvious from the picture. No text, labels, signs, speech bubbles, logos, or watermarks.",,Active grammar runtime gap: strict grammar variants need approved image and choice audio.,0,1,action_verb_image_and_word_audio,
wm-0395,P1,verbs,talk,,verb,false,true,,public/audio/vocabulary/talk.mp3,,"Record clean child-friendly American English audio for ""talk"". Say the whole word naturally only once. Do not spell it. No music, sound effects, echo, robotic voice, or background noise. Normalize volume to match the existing approved vocabulary audio.",Active grammar runtime gap: strict grammar variants need approved image and choice audio.,1,0,action_verb_image_and_word_audio,
wm-0396,P1,verbs,taste,,verb,true,true,public/images/assessment/language/variants/verbs/taste-01.webp,public/audio/vocabulary/taste.mp3,"Create a clear child-friendly cartoon-realistic image showing the action verb ""taste"". The action must be obvious from the picture. No text, labels, signs, speech bubbles, logos, or watermarks.","Record clean child-friendly American English audio for ""taste"". Say the whole word naturally only once. Do not spell it. No music, sound effects, echo, robotic voice, or background noise. Normalize volume to match the existing approved vocabulary audio.",Active grammar runtime gap: strict grammar variants need approved image and choice audio.,0,0,action_verb_image_and_word_audio,
wm-0397,P1,verbs,think,,verb,false,true,,public/audio/vocabulary/think.mp3,,"Record clean child-friendly American English audio for ""think"". Say the whole word naturally only once. Do not spell it. No music, sound effects, echo, robotic voice, or background noise. Normalize volume to match the existing approved vocabulary audio.",Active grammar runtime gap: strict grammar variants need approved image and choice audio.,2,0,action_verb_image_and_word_audio,
wm-0398,P1,verbs,tickle,,verb,true,true,public/images/assessment/language/variants/verbs/tickle-01.webp,public/audio/vocabulary/tickle.mp3,"Create a clear child-friendly cartoon-realistic image showing the action verb ""tickle"". The action must be obvious from the picture. No text, labels, signs, speech bubbles, logos, or watermarks.","Record clean child-friendly American English audio for ""tickle"". Say the whole word naturally only once. Do not spell it. No music, sound effects, echo, robotic voice, or background noise. Normalize volume to match the existing approved vocabulary audio.",Active grammar runtime gap: strict grammar variants need approved image and choice audio.,0,0,action_verb_image_and_word_audio,
wm-0399,P1,verbs,touch,,verb,false,true,,public/audio/vocabulary/touch.mp3,,"Record clean child-friendly American English audio for ""touch"". Say the whole word naturally only once. Do not spell it. No music, sound effects, echo, robotic voice, or background noise. Normalize volume to match the existing approved vocabulary audio.",Active grammar runtime gap: strict grammar variants need approved image and choice audio.,1,0,action_verb_image_and_word_audio,
wm-0400,P1,verbs,travel,,verb,true,true,public/images/assessment/language/variants/verbs/travel-01.webp,public/audio/vocabulary/travel.mp3,"Create a clear child-friendly cartoon-realistic image showing the action verb ""travel"". The action must be obvious from the picture. No text, labels, signs, speech bubbles, logos, or watermarks.","Record clean child-friendly American English audio for ""travel"". Say the whole word naturally only once. Do not spell it. No music, sound effects, echo, robotic voice, or background noise. Normalize volume to match the existing approved vocabulary audio.",Active grammar runtime gap: strict grammar variants need approved image and choice audio.,0,0,action_verb_image_and_word_audio,
wm-0401,P1,verbs,try,,verb,false,true,,public/audio/vocabulary/try.mp3,,"Record clean child-friendly American English audio for ""try"". Say the whole word naturally only once. Do not spell it. No music, sound effects, echo, robotic voice, or background noise. Normalize volume to match the existing approved vocabulary audio.",Active grammar runtime gap: strict grammar variants need approved image and choice audio.,1,0,action_verb_image_and_word_audio,
wm-0402,P1,verbs,wait,,verb,false,true,,public/audio/vocabulary/wait.mp3,,"Record clean child-friendly American English audio for ""wait"". Say the whole word naturally only once. Do not spell it. No music, sound effects, echo, robotic voice, or background noise. Normalize volume to match the existing approved vocabulary audio.",Active grammar runtime gap: strict grammar variants need approved image and choice audio.,1,0,action_verb_image_and_word_audio,
wm-0403,P1,verbs,wake,,verb,true,true,public/images/assessment/language/variants/verbs/wake-01.webp,public/audio/vocabulary/wake.mp3,"Create a clear child-friendly cartoon-realistic image showing the action verb ""wake"". The action must be obvious from the picture. No text, labels, signs, speech bubbles, logos, or watermarks.","Record clean child-friendly American English audio for ""wake"". Say the whole word naturally only once. Do not spell it. No music, sound effects, echo, robotic voice, or background noise. Normalize volume to match the existing approved vocabulary audio.",Active grammar runtime gap: strict grammar variants need approved image and choice audio.,0,0,action_verb_image_and_word_audio,
wm-0404,P1,verbs,walk,,verb,false,true,,public/audio/vocabulary/walk.mp3,,"Record clean child-friendly American English audio for ""walk"". Say the whole word naturally only once. Do not spell it. No music, sound effects, echo, robotic voice, or background noise. Normalize volume to match the existing approved vocabulary audio.",Active grammar runtime gap: strict grammar variants need approved image and choice audio.,1,0,action_verb_image_and_word_audio,
wm-0405,P1,verbs,wear,,verb,false,true,,public/audio/vocabulary/wear.mp3,,"Record clean child-friendly American English audio for ""wear"". Say the whole word naturally only once. Do not spell it. No music, sound effects, echo, robotic voice, or background noise. Normalize volume to match the existing approved vocabulary audio.",Active grammar runtime gap: strict grammar variants need approved image and choice audio.,1,0,action_verb_image_and_word_audio,
wm-0406,P1,verbs,whisper,,verb,true,true,public/images/assessment/language/variants/verbs/whisper-01.webp,public/audio/vocabulary/whisper.mp3,"Create a clear child-friendly cartoon-realistic image showing the action verb ""whisper"". The action must be obvious from the picture. No text, labels, signs, speech bubbles, logos, or watermarks.","Record clean child-friendly American English audio for ""whisper"". Say the whole word naturally only once. Do not spell it. No music, sound effects, echo, robotic voice, or background noise. Normalize volume to match the existing approved vocabulary audio.",Active grammar runtime gap: strict grammar variants need approved image and choice audio.,0,0,action_verb_image_and_word_audio,
wm-0407,P1,verbs,wonder,,verb,true,true,public/images/assessment/language/variants/verbs/wonder-01.webp,public/audio/vocabulary/wonder.mp3,"Create a clear child-friendly cartoon-realistic image showing the action verb ""wonder"". The action must be obvious from the picture. No text, labels, signs, speech bubbles, logos, or watermarks.","Record clean child-friendly American English audio for ""wonder"". Say the whole word naturally only once. Do not spell it. No music, sound effects, echo, robotic voice, or background noise. Normalize volume to match the existing approved vocabulary audio.",Active grammar runtime gap: strict grammar variants need approved image and choice audio.,0,0,action_verb_image_and_word_audio,
wm-0408,P1,verbs,zip,,verb,false,true,,public/audio/vocabulary/zip.mp3,,"Record clean child-friendly American English audio for ""zip"". Say the whole word naturally only once. Do not spell it. No music, sound effects, echo, robotic voice, or background noise. Normalize volume to match the existing approved vocabulary audio.",Active grammar runtime gap: strict grammar variants need approved image and choice audio.,8,0,action_verb_image_and_word_audio,
wm-0409,P2,homophones_homonyms,bare,bare/bear,homophone_context,true,false,public/images/assessment/language/variants/homophones-homonyms/bare-bear-01.webp,,"Create a child-friendly context image that disambiguates the homophone/homonym item ""bare/bear"". The picture must make the intended meaning obvious without written text. No labels, signs, captions, speech bubbles, logos, or watermarks.",,Common workbook term useful for near-term skill expansion.,0,0,homophone_context_scene,
wm-0410,P2,homophones_homonyms,be,be/bee,homophone_context,true,false,public/images/assessment/language/variants/homophones-homonyms/be-bee-01.webp,,"Create a child-friendly context image that disambiguates the homophone/homonym item ""be/bee"". The picture must make the intended meaning obvious without written text. No labels, signs, captions, speech bubbles, logos, or watermarks.",,Common workbook term useful for near-term skill expansion.,0,1,homophone_context_scene,
wm-0411,P2,homophones_homonyms,bee,be/bee,homophone_context,true,false,public/images/assessment/language/variants/homophones-homonyms/be-bee-01.webp,,"Create a child-friendly context image that disambiguates the homophone/homonym item ""be/bee"". The picture must make the intended meaning obvious without written text. No labels, signs, captions, speech bubbles, logos, or watermarks.",,Common workbook term useful for near-term skill expansion.,0,1,homophone_context_scene,
wm-0412,P2,homophones_homonyms,blew,blue/blew,homophone_context,true,false,public/images/assessment/language/variants/homophones-homonyms/blue-blew-01.webp,,"Create a child-friendly context image that disambiguates the homophone/homonym item ""blue/blew"". The picture must make the intended meaning obvious without written text. No labels, signs, captions, speech bubbles, logos, or watermarks.",,Common workbook term useful for near-term skill expansion.,0,0,homophone_context_scene,
wm-0413,P2,homophones_homonyms,bored,board/bored,homophone_context,true,false,public/images/assessment/language/variants/homophones-homonyms/board-bored-01.webp,,"Create a child-friendly context image that disambiguates the homophone/homonym item ""board/bored"". The picture must make the intended meaning obvious without written text. No labels, signs, captions, speech bubbles, logos, or watermarks.",,Common workbook term useful for near-term skill expansion.,0,0,homophone_context_scene,
wm-0414,P2,homophones_homonyms,brake,break/brake,homophone_context,true,false,public/images/assessment/language/variants/homophones-homonyms/break-brake-01.webp,,"Create a child-friendly context image that disambiguates the homophone/homonym item ""break/brake"". The picture must make the intended meaning obvious without written text. No labels, signs, captions, speech bubbles, logos, or watermarks.",,Common workbook term useful for near-term skill expansion.,0,0,homophone_context_scene,
wm-0415,P2,homophones_homonyms,break,break/brake,homophone_context,true,false,public/images/assessment/language/variants/homophones-homonyms/break-brake-01.webp,,"Create a child-friendly context image that disambiguates the homophone/homonym item ""break/brake"". The picture must make the intended meaning obvious without written text. No labels, signs, captions, speech bubbles, logos, or watermarks.",,Common workbook term useful for near-term skill expansion.,0,0,homophone_context_scene,
wm-0416,P2,homophones_homonyms,by,by/buy/bye,homophone_context,true,false,public/images/assessment/language/variants/homophones-homonyms/by-buy-bye-01.webp,,"Create a child-friendly context image that disambiguates the homophone/homonym item ""by/buy/bye"". The picture must make the intended meaning obvious without written text. No labels, signs, captions, speech bubbles, logos, or watermarks.",,Common workbook term useful for near-term skill expansion.,0,1,homophone_context_scene,
wm-0417,P2,homophones_homonyms,bye,by/buy/bye,homophone_context,true,false,public/images/assessment/language/variants/homophones-homonyms/by-buy-bye-01.webp,,"Create a child-friendly context image that disambiguates the homophone/homonym item ""by/buy/bye"". The picture must make the intended meaning obvious without written text. No labels, signs, captions, speech bubbles, logos, or watermarks.",,Common workbook term useful for near-term skill expansion.,0,0,homophone_context_scene,
wm-0418,P2,homophones_homonyms,cell,cell/sell,homophone_context,true,false,public/images/assessment/language/variants/homophones-homonyms/cell-sell-01.webp,,"Create a child-friendly context image that disambiguates the homophone/homonym item ""cell/sell"". The picture must make the intended meaning obvious without written text. No labels, signs, captions, speech bubbles, logos, or watermarks.",,Common workbook term useful for near-term skill expansion.,0,0,homophone_context_scene,
wm-0419,P2,homophones_homonyms,cent,cent/sent/scent,homophone_context,true,false,public/images/assessment/language/variants/homophones-homonyms/cent-sent-scent-01.webp,,"Create a child-friendly context image that disambiguates the homophone/homonym item ""cent/sent/scent"". The picture must make the intended meaning obvious without written text. No labels, signs, captions, speech bubbles, logos, or watermarks.",,Common workbook term useful for near-term skill expansion.,0,0,homophone_context_scene,
wm-0420,P2,homophones_homonyms,clothes,close/clothes,homophone_context,true,false,public/images/assessment/language/variants/homophones-homonyms/close-clothes-01.webp,,"Create a child-friendly context image that disambiguates the homophone/homonym item ""close/clothes"". The picture must make the intended meaning obvious without written text. No labels, signs, captions, speech bubbles, logos, or watermarks.",,Common workbook term useful for near-term skill expansion.,0,0,homophone_context_scene,
wm-0421,P2,homophones_homonyms,dye,die/dye,homophone_context,true,false,public/images/assessment/language/variants/homophones-homonyms/die-dye-01.webp,,"Create a child-friendly context image that disambiguates the homophone/homonym item ""die/dye"". The picture must make the intended meaning obvious without written text. No labels, signs, captions, speech bubbles, logos, or watermarks.",,Common workbook term useful for near-term skill expansion.,0,0,homophone_context_scene,
wm-0422,P2,homophones_homonyms,eight,ate/eight,homophone_context,true,false,public/images/assessment/language/variants/homophones-homonyms/ate-eight-01.webp,,"Create a child-friendly context image that disambiguates the homophone/homonym item ""ate/eight"". The picture must make the intended meaning obvious without written text. No labels, signs, captions, speech bubbles, logos, or watermarks.",,Common workbook term useful for near-term skill expansion.,0,1,homophone_context_scene,
wm-0423,P2,homophones_homonyms,fare,fair/fare,homophone_context,true,false,public/images/assessment/language/variants/homophones-homonyms/fair-fare-01.webp,,"Create a child-friendly context image that disambiguates the homophone/homonym item ""fair/fare"". The picture must make the intended meaning obvious without written text. No labels, signs, captions, speech bubbles, logos, or watermarks.",,Common workbook term useful for near-term skill expansion.,0,0,homophone_context_scene,
wm-0424,P2,homophones_homonyms,flour,flower/flour,homophone_context,true,false,public/images/assessment/language/variants/homophones-homonyms/flower-flour-01.webp,,"Create a child-friendly context image that disambiguates the homophone/homonym item ""flower/flour"". The picture must make the intended meaning obvious without written text. No labels, signs, captions, speech bubbles, logos, or watermarks.",,Common workbook term useful for near-term skill expansion.,0,0,homophone_context_scene,
wm-0425,P2,homophones_homonyms,for,for/four/fore,homophone_context,true,false,public/images/assessment/language/variants/homophones-homonyms/for-four-fore-01.webp,,"Create a child-friendly context image that disambiguates the homophone/homonym item ""for/four/fore"". The picture must make the intended meaning obvious without written text. No labels, signs, captions, speech bubbles, logos, or watermarks.",,Common workbook term useful for near-term skill expansion.,0,1,homophone_context_scene,
wm-0426,P2,homophones_homonyms,fore,for/four/fore,homophone_context,true,false,public/images/assessment/language/variants/homophones-homonyms/for-four-fore-01.webp,,"Create a child-friendly context image that disambiguates the homophone/homonym item ""for/four/fore"". The picture must make the intended meaning obvious without written text. No labels, signs, captions, speech bubbles, logos, or watermarks.",,Common workbook term useful for near-term skill expansion.,0,0,homophone_context_scene,
wm-0427,P2,homophones_homonyms,grate,great/grate,homophone_context,true,false,public/images/assessment/language/variants/homophones-homonyms/great-grate-01.webp,,"Create a child-friendly context image that disambiguates the homophone/homonym item ""great/grate"". The picture must make the intended meaning obvious without written text. No labels, signs, captions, speech bubbles, logos, or watermarks.",,Common workbook term useful for near-term skill expansion.,0,0,homophone_context_scene,
wm-0428,P2,homophones_homonyms,great,great/grate,homophone_context,true,false,public/images/assessment/language/variants/homophones-homonyms/great-grate-01.webp,,"Create a child-friendly context image that disambiguates the homophone/homonym item ""great/grate"". The picture must make the intended meaning obvious without written text. No labels, signs, captions, speech bubbles, logos, or watermarks.",,Common workbook term useful for near-term skill expansion.,0,0,homophone_context_scene,
wm-0429,P2,homophones_homonyms,heal,heal/heel,homophone_context,true,false,public/images/assessment/language/variants/homophones-homonyms/heal-heel-01.webp,,"Create a child-friendly context image that disambiguates the homophone/homonym item ""heal/heel"". The picture must make the intended meaning obvious without written text. No labels, signs, captions, speech bubbles, logos, or watermarks.",,Common workbook term useful for near-term skill expansion.,0,0,homophone_context_scene,
wm-0430,P2,homophones_homonyms,heard,heard/herd,homophone_context,true,false,public/images/assessment/language/variants/homophones-homonyms/heard-herd-01.webp,,"Create a child-friendly context image that disambiguates the homophone/homonym item ""heard/herd"". The picture must make the intended meaning obvious without written text. No labels, signs, captions, speech bubbles, logos, or watermarks.",,Common workbook term useful for near-term skill expansion.,0,0,homophone_context_scene,
wm-0431,P2,homophones_homonyms,heel,heal/heel,homophone_context,true,false,public/images/assessment/language/variants/homophones-homonyms/heal-heel-01.webp,,"Create a child-friendly context image that disambiguates the homophone/homonym item ""heal/heel"". The picture must make the intended meaning obvious without written text. No labels, signs, captions, speech bubbles, logos, or watermarks.",,Common workbook term useful for near-term skill expansion.,0,0,homophone_context_scene,
wm-0432,P2,homophones_homonyms,here,hear/here,homophone_context,true,false,public/images/assessment/language/variants/homophones-homonyms/hear-here-01.webp,,"Create a child-friendly context image that disambiguates the homophone/homonym item ""hear/here"". The picture must make the intended meaning obvious without written text. No labels, signs, captions, speech bubbles, logos, or watermarks.",,Common workbook term useful for near-term skill expansion.,0,0,homophone_context_scene,
wm-0433,P2,homophones_homonyms,hi,hi/high,homophone_context,true,false,public/images/assessment/language/variants/homophones-homonyms/hi-high-01.webp,,"Create a child-friendly context image that disambiguates the homophone/homonym item ""hi/high"". The picture must make the intended meaning obvious without written text. No labels, signs, captions, speech bubbles, logos, or watermarks.",,Common workbook term useful for near-term skill expansion.,0,0,homophone_context_scene,
wm-0434,P2,homophones_homonyms,hour,our/hour,homophone_context,true,false,public/images/assessment/language/variants/homophones-homonyms/our-hour-01.webp,,"Create a child-friendly context image that disambiguates the homophone/homonym item ""our/hour"". The picture must make the intended meaning obvious without written text. No labels, signs, captions, speech bubbles, logos, or watermarks.",,Common workbook term useful for near-term skill expansion.,0,0,homophone_context_scene,
wm-0435,P2,homophones_homonyms,i,eye/i,homophone_context,true,false,public/images/assessment/language/variants/homophones-homonyms/eye-i-01.webp,,"Create a child-friendly context image that disambiguates the homophone/homonym item ""eye/i"". The picture must make the intended meaning obvious without written text. No labels, signs, captions, speech bubbles, logos, or watermarks.",,Common workbook term useful for near-term skill expansion.,0,1,homophone_context_scene,
wm-0436,P2,homophones_homonyms,it's,its/it's,homophone_context,true,false,public/images/assessment/language/variants/homophones-homonyms/its-it-s-01.webp,,"Create a child-friendly context image that disambiguates the homophone/homonym item ""its/it's"". The picture must make the intended meaning obvious without written text. No labels, signs, captions, speech bubbles, logos, or watermarks.",,Common workbook term useful for near-term skill expansion.,0,0,homophone_context_scene,
wm-0437,P2,homophones_homonyms,knight,night/knight,homophone_context,true,false,public/images/assessment/language/variants/homophones-homonyms/night-knight-01.webp,,"Create a child-friendly context image that disambiguates the homophone/homonym item ""night/knight"". The picture must make the intended meaning obvious without written text. No labels, signs, captions, speech bubbles, logos, or watermarks.",,Common workbook term useful for near-term skill expansion.,0,0,homophone_context_scene,
wm-0438,P2,homophones_homonyms,know,no/know,homophone_context,true,false,public/images/assessment/language/variants/homophones-homonyms/no-know-01.webp,,"Create a child-friendly context image that disambiguates the homophone/homonym item ""no/know"". The picture must make the intended meaning obvious without written text. No labels, signs, captions, speech bubbles, logos, or watermarks.",,Common workbook term useful for near-term skill expansion.,0,1,homophone_context_scene,
wm-0439,P2,homophones_homonyms,knows,nose/knows,homophone_context,true,false,public/images/assessment/language/variants/homophones-homonyms/nose-knows-01.webp,,"Create a child-friendly context image that disambiguates the homophone/homonym item ""nose/knows"". The picture must make the intended meaning obvious without written text. No labels, signs, captions, speech bubbles, logos, or watermarks.",,Common workbook term useful for near-term skill expansion.,0,0,homophone_context_scene,
wm-0440,P2,homophones_homonyms,loan,loan/lone,homophone_context,true,false,public/images/assessment/language/variants/homophones-homonyms/loan-lone-01.webp,,"Create a child-friendly context image that disambiguates the homophone/homonym item ""loan/lone"". The picture must make the intended meaning obvious without written text. No labels, signs, captions, speech bubbles, logos, or watermarks.",,Common workbook term useful for near-term skill expansion.,0,0,homophone_context_scene,
wm-0441,P2,homophones_homonyms,lone,loan/lone,homophone_context,true,false,public/images/assessment/language/variants/homophones-homonyms/loan-lone-01.webp,,"Create a child-friendly context image that disambiguates the homophone/homonym item ""loan/lone"". The picture must make the intended meaning obvious without written text. No labels, signs, captions, speech bubbles, logos, or watermarks.",,Common workbook term useful for near-term skill expansion.,0,0,homophone_context_scene,
wm-0442,P2,homophones_homonyms,made,made/maid,homophone_context,true,false,public/images/assessment/language/variants/homophones-homonyms/made-maid-01.webp,,"Create a child-friendly context image that disambiguates the homophone/homonym item ""made/maid"". The picture must make the intended meaning obvious without written text. No labels, signs, captions, speech bubbles, logos, or watermarks.",,Common workbook term useful for near-term skill expansion.,0,1,homophone_context_scene,
wm-0443,P2,homophones_homonyms,maid,made/maid,homophone_context,true,false,public/images/assessment/language/variants/homophones-homonyms/made-maid-01.webp,,"Create a child-friendly context image that disambiguates the homophone/homonym item ""made/maid"". The picture must make the intended meaning obvious without written text. No labels, signs, captions, speech bubbles, logos, or watermarks.",,Common workbook term useful for near-term skill expansion.,0,0,homophone_context_scene,
wm-0444,P2,homophones_homonyms,mourning,morning/mourning,homophone_context,true,false,public/images/assessment/language/variants/homophones-homonyms/morning-mourning-01.webp,,"Create a child-friendly context image that disambiguates the homophone/homonym item ""morning/mourning"". The picture must make the intended meaning obvious without written text. No labels, signs, captions, speech bubbles, logos, or watermarks.",,Common workbook term useful for near-term skill expansion.,0,0,homophone_context_scene,
wm-0445,P2,homophones_homonyms,one,one/won,homophone_context,true,false,public/images/assessment/language/variants/homophones-homonyms/one-won-01.webp,,"Create a child-friendly context image that disambiguates the homophone/homonym item ""one/won"". The picture must make the intended meaning obvious without written text. No labels, signs, captions, speech bubbles, logos, or watermarks.",,Common workbook term useful for near-term skill expansion.,0,1,homophone_context_scene,
wm-0446,P2,homophones_homonyms,our,our/hour,homophone_context,true,false,public/images/assessment/language/variants/homophones-homonyms/our-hour-01.webp,,"Create a child-friendly context image that disambiguates the homophone/homonym item ""our/hour"". The picture must make the intended meaning obvious without written text. No labels, signs, captions, speech bubbles, logos, or watermarks.",,Common workbook term useful for near-term skill expansion.,0,0,homophone_context_scene,
wm-0447,P2,homophones_homonyms,passed,passed/past,homophone_context,true,false,public/images/assessment/language/variants/homophones-homonyms/passed-past-01.webp,,"Create a child-friendly context image that disambiguates the homophone/homonym item ""passed/past"". The picture must make the intended meaning obvious without written text. No labels, signs, captions, speech bubbles, logos, or watermarks.",,Common workbook term useful for near-term skill expansion.,0,0,homophone_context_scene,
wm-0448,P2,homophones_homonyms,peace,piece/peace,homophone_context,true,false,public/images/assessment/language/variants/homophones-homonyms/piece-peace-01.webp,,"Create a child-friendly context image that disambiguates the homophone/homonym item ""piece/peace"". The picture must make the intended meaning obvious without written text. No labels, signs, captions, speech bubbles, logos, or watermarks.",,Common workbook term useful for near-term skill expansion.,0,0,homophone_context_scene,
wm-0449,P2,homophones_homonyms,principal,principal/principle,homophone_context,true,false,public/images/assessment/language/variants/homophones-homonyms/principal-principle-01.webp,,"Create a child-friendly context image that disambiguates the homophone/homonym item ""principal/principle"". The picture must make the intended meaning obvious without written text. No labels, signs, captions, speech bubbles, logos, or watermarks.",,Common workbook term useful for near-term skill expansion.,0,0,homophone_context_scene,
wm-0450,P2,homophones_homonyms,principle,principal/principle,homophone_context,true,false,public/images/assessment/language/variants/homophones-homonyms/principal-principle-01.webp,,"Create a child-friendly context image that disambiguates the homophone/homonym item ""principal/principle"". The picture must make the intended meaning obvious without written text. No labels, signs, captions, speech bubbles, logos, or watermarks.",,Common workbook term useful for near-term skill expansion.,0,0,homophone_context_scene,
wm-0451,P2,homophones_homonyms,reign,rain/reign/rein,homophone_context,true,false,public/images/assessment/language/variants/homophones-homonyms/rain-reign-rein-01.webp,,"Create a child-friendly context image that disambiguates the homophone/homonym item ""rain/reign/rein"". The picture must make the intended meaning obvious without written text. No labels, signs, captions, speech bubbles, logos, or watermarks.",,Common workbook term useful for near-term skill expansion.,0,0,homophone_context_scene,
wm-0452,P2,homophones_homonyms,rein,rain/reign/rein,homophone_context,true,false,public/images/assessment/language/variants/homophones-homonyms/rain-reign-rein-01.webp,,"Create a child-friendly context image that disambiguates the homophone/homonym item ""rain/reign/rein"". The picture must make the intended meaning obvious without written text. No labels, signs, captions, speech bubbles, logos, or watermarks.",,Common workbook term useful for near-term skill expansion.,0,0,homophone_context_scene,
wm-0453,P2,homophones_homonyms,roe,row/roe,homophone_context,true,false,public/images/assessment/language/variants/homophones-homonyms/row-roe-01.webp,,"Create a child-friendly context image that disambiguates the homophone/homonym item ""row/roe"". The picture must make the intended meaning obvious without written text. No labels, signs, captions, speech bubbles, logos, or watermarks.",,Common workbook term useful for near-term skill expansion.,0,0,homophone_context_scene,
wm-0454,P2,homophones_homonyms,sale,sale/sail,homophone_context,true,false,public/images/assessment/language/variants/homophones-homonyms/sale-sail-01.webp,,"Create a child-friendly context image that disambiguates the homophone/homonym item ""sale/sail"". The picture must make the intended meaning obvious without written text. No labels, signs, captions, speech bubbles, logos, or watermarks.",,Common workbook term useful for near-term skill expansion.,0,0,homophone_context_scene,
wm-0455,P2,homophones_homonyms,scene,scene/seen,homophone_context,true,false,public/images/assessment/language/variants/homophones-homonyms/scene-seen-01.webp,,"Create a child-friendly context image that disambiguates the homophone/homonym item ""scene/seen"". The picture must make the intended meaning obvious without written text. No labels, signs, captions, speech bubbles, logos, or watermarks.",,Common workbook term useful for near-term skill expansion.,0,0,homophone_context_scene,
wm-0456,P2,homophones_homonyms,scent,cent/sent/scent,homophone_context,true,false,public/images/assessment/language/variants/homophones-homonyms/cent-sent-scent-01.webp,,"Create a child-friendly context image that disambiguates the homophone/homonym item ""cent/sent/scent"". The picture must make the intended meaning obvious without written text. No labels, signs, captions, speech bubbles, logos, or watermarks.",,Common workbook term useful for near-term skill expansion.,0,0,homophone_context_scene,
wm-0457,P2,homophones_homonyms,see,see/sea,homophone_context,true,false,public/images/assessment/language/variants/homophones-homonyms/see-sea-01.webp,,"Create a child-friendly context image that disambiguates the homophone/homonym item ""see/sea"". The picture must make the intended meaning obvious without written text. No labels, signs, captions, speech bubbles, logos, or watermarks.",,Common workbook term useful for near-term skill expansion.,0,0,homophone_context_scene,
wm-0458,P2,homophones_homonyms,sew,so/sew,homophone_context,true,false,public/images/assessment/language/variants/homophones-homonyms/so-sew-01.webp,,"Create a child-friendly context image that disambiguates the homophone/homonym item ""so/sew"". The picture must make the intended meaning obvious without written text. No labels, signs, captions, speech bubbles, logos, or watermarks.",,Common workbook term useful for near-term skill expansion.,0,0,homophone_context_scene,
wm-0459,P2,homophones_homonyms,some,some/sum,homophone_context,true,false,public/images/assessment/language/variants/homophones-homonyms/some-sum-01.webp,,"Create a child-friendly context image that disambiguates the homophone/homonym item ""some/sum"". The picture must make the intended meaning obvious without written text. No labels, signs, captions, speech bubbles, logos, or watermarks.",,Common workbook term useful for near-term skill expansion.,0,1,homophone_context_scene,
wm-0460,P2,homophones_homonyms,steel,steal/steel,homophone_context,true,false,public/images/assessment/language/variants/homophones-homonyms/steal-steel-01.webp,,"Create a child-friendly context image that disambiguates the homophone/homonym item ""steal/steel"". The picture must make the intended meaning obvious without written text. No labels, signs, captions, speech bubbles, logos, or watermarks.",,Common workbook term useful for near-term skill expansion.,0,0,homophone_context_scene,
wm-0461,P2,homophones_homonyms,sum,some/sum,homophone_context,true,false,public/images/assessment/language/variants/homophones-homonyms/some-sum-01.webp,,"Create a child-friendly context image that disambiguates the homophone/homonym item ""some/sum"". The picture must make the intended meaning obvious without written text. No labels, signs, captions, speech bubbles, logos, or watermarks.",,Common workbook term useful for near-term skill expansion.,0,0,homophone_context_scene,
wm-0462,P2,homophones_homonyms,tale,tail/tale,homophone_context,true,false,public/images/assessment/language/variants/homophones-homonyms/tail-tale-01.webp,,"Create a child-friendly context image that disambiguates the homophone/homonym item ""tail/tale"". The picture must make the intended meaning obvious without written text. No labels, signs, captions, speech bubbles, logos, or watermarks.",,Common workbook term useful for near-term skill expansion.,0,0,homophone_context_scene,
wm-0463,P2,homophones_homonyms,they're,there/their/they're,homophone_context,true,false,public/images/assessment/language/variants/homophones-homonyms/there-their-they-re-01.webp,,"Create a child-friendly context image that disambiguates the homophone/homonym item ""there/their/they're"". The picture must make the intended meaning obvious without written text. No labels, signs, captions, speech bubbles, logos, or watermarks.",,Common workbook term useful for near-term skill expansion.,0,0,homophone_context_scene,
wm-0464,P2,homophones_homonyms,throne,throne/thrown,homophone_context,true,false,public/images/assessment/language/variants/homophones-homonyms/throne-thrown-01.webp,,"Create a child-friendly context image that disambiguates the homophone/homonym item ""throne/thrown"". The picture must make the intended meaning obvious without written text. No labels, signs, captions, speech bubbles, logos, or watermarks.",,Common workbook term useful for near-term skill expansion.,0,0,homophone_context_scene,
wm-0465,P2,homophones_homonyms,thrown,throne/thrown,homophone_context,true,false,public/images/assessment/language/variants/homophones-homonyms/throne-thrown-01.webp,,"Create a child-friendly context image that disambiguates the homophone/homonym item ""throne/thrown"". The picture must make the intended meaning obvious without written text. No labels, signs, captions, speech bubbles, logos, or watermarks.",,Common workbook term useful for near-term skill expansion.,0,0,homophone_context_scene,
wm-0466,P2,homophones_homonyms,to,to/too/two,homophone_context,true,false,public/images/assessment/language/variants/homophones-homonyms/to-too-two-01.webp,,"Create a child-friendly context image that disambiguates the homophone/homonym item ""to/too/two"". The picture must make the intended meaning obvious without written text. No labels, signs, captions, speech bubbles, logos, or watermarks.",,Common workbook term useful for near-term skill expansion.,0,1,homophone_context_scene,
wm-0467,P2,homophones_homonyms,waist,waist/waste,homophone_context,true,false,public/images/assessment/language/variants/homophones-homonyms/waist-waste-01.webp,,"Create a child-friendly context image that disambiguates the homophone/homonym item ""waist/waste"". The picture must make the intended meaning obvious without written text. No labels, signs, captions, speech bubbles, logos, or watermarks.",,Common workbook term useful for near-term skill expansion.,0,0,homophone_context_scene,
wm-0468,P2,homophones_homonyms,waste,waist/waste,homophone_context,true,false,public/images/assessment/language/variants/homophones-homonyms/waist-waste-01.webp,,"Create a child-friendly context image that disambiguates the homophone/homonym item ""waist/waste"". The picture must make the intended meaning obvious without written text. No labels, signs, captions, speech bubbles, logos, or watermarks.",,Common workbook term useful for near-term skill expansion.,0,0,homophone_context_scene,
wm-0469,P2,homophones_homonyms,weigh,way/weigh,homophone_context,true,false,public/images/assessment/language/variants/homophones-homonyms/way-weigh-01.webp,,"Create a child-friendly context image that disambiguates the homophone/homonym item ""way/weigh"". The picture must make the intended meaning obvious without written text. No labels, signs, captions, speech bubbles, logos, or watermarks.",,Common workbook term useful for near-term skill expansion.,0,0,homophone_context_scene,
wm-0470,P2,homophones_homonyms,where,wear/where,homophone_context,true,false,public/images/assessment/language/variants/homophones-homonyms/wear-where-01.webp,,"Create a child-friendly context image that disambiguates the homophone/homonym item ""wear/where"". The picture must make the intended meaning obvious without written text. No labels, signs, captions, speech bubbles, logos, or watermarks.",,Common workbook term useful for near-term skill expansion.,0,0,homophone_context_scene,
wm-0471,P2,homophones_homonyms,whether,weather/whether,homophone_context,true,false,public/images/assessment/language/variants/homophones-homonyms/weather-whether-01.webp,,"Create a child-friendly context image that disambiguates the homophone/homonym item ""weather/whether"". The picture must make the intended meaning obvious without written text. No labels, signs, captions, speech bubbles, logos, or watermarks.",,Common workbook term useful for near-term skill expansion.,0,0,homophone_context_scene,
wm-0472,P2,homophones_homonyms,who's,whose/who's,homophone_context,true,false,public/images/assessment/language/variants/homophones-homonyms/whose-who-s-01.webp,,"Create a child-friendly context image that disambiguates the homophone/homonym item ""whose/who's"". The picture must make the intended meaning obvious without written text. No labels, signs, captions, speech bubbles, logos, or watermarks.",,Common workbook term useful for near-term skill expansion.,0,0,homophone_context_scene,
wm-0473,P2,homophones_homonyms,whole,hole/whole,homophone_context,true,false,public/images/assessment/language/variants/homophones-homonyms/hole-whole-01.webp,,"Create a child-friendly context image that disambiguates the homophone/homonym item ""hole/whole"". The picture must make the intended meaning obvious without written text. No labels, signs, captions, speech bubbles, logos, or watermarks.",,Common workbook term useful for near-term skill expansion.,0,1,homophone_context_scene,
wm-0474,P2,homophones_homonyms,whose,whose/who's,homophone_context,true,false,public/images/assessment/language/variants/homophones-homonyms/whose-who-s-01.webp,,"Create a child-friendly context image that disambiguates the homophone/homonym item ""whose/who's"". The picture must make the intended meaning obvious without written text. No labels, signs, captions, speech bubbles, logos, or watermarks.",,Common workbook term useful for near-term skill expansion.,0,0,homophone_context_scene,
wm-0475,P2,homophones_homonyms,witch,which/witch,homophone_context,true,false,public/images/assessment/language/variants/homophones-homonyms/which-witch-01.webp,,"Create a child-friendly context image that disambiguates the homophone/homonym item ""which/witch"". The picture must make the intended meaning obvious without written text. No labels, signs, captions, speech bubbles, logos, or watermarks.",,Common workbook term useful for near-term skill expansion.,0,0,homophone_context_scene,
wm-0476,P2,homophones_homonyms,won,one/won,homophone_context,true,false,public/images/assessment/language/variants/homophones-homonyms/one-won-01.webp,,"Create a child-friendly context image that disambiguates the homophone/homonym item ""one/won"". The picture must make the intended meaning obvious without written text. No labels, signs, captions, speech bubbles, logos, or watermarks.",,Common workbook term useful for near-term skill expansion.,0,0,homophone_context_scene,
wm-0477,P2,homophones_homonyms,you're,your/you're,homophone_context,true,false,public/images/assessment/language/variants/homophones-homonyms/your-you-re-01.webp,,"Create a child-friendly context image that disambiguates the homophone/homonym item ""your/you're"". The picture must make the intended meaning obvious without written text. No labels, signs, captions, speech bubbles, logos, or watermarks.",,Common workbook term useful for near-term skill expansion.,0,0,homophone_context_scene,
wm-0478,P2,prefixes_suffixes,agreement,,suffix_word,true,false,public/images/assessment/language/variants/prefixes-suffixes/agreement-01.webp,,"Create a child-friendly morphology/context image for ""agreement"". Show the meaning clearly without printed word parts. No text, labels, signs, speech bubbles, logos, or watermarks.",,Common workbook term useful for near-term skill expansion.,0,0,morphology_word_audio_optional_image,
wm-0479,P2,prefixes_suffixes,benches,,suffix_word,true,false,public/images/assessment/language/variants/prefixes-suffixes/benches-01.webp,,"Create a child-friendly morphology/context image for ""benches"". Show the meaning clearly without printed word parts. No text, labels, signs, speech bubbles, logos, or watermarks.",,Common workbook term useful for near-term skill expansion.,0,0,morphology_word_audio_optional_image,
wm-0480,P2,prefixes_suffixes,bicolor,,prefix_word,true,false,public/images/assessment/language/variants/prefixes-suffixes/bicolor-01.webp,,"Create a child-friendly morphology/context image for ""bicolor"". Show the meaning clearly without printed word parts. No text, labels, signs, speech bubbles, logos, or watermarks.",,Common workbook term useful for near-term skill expansion.,0,0,morphology_word_audio_optional_image,
wm-0481,P2,prefixes_suffixes,biggest,,suffix_word,true,false,public/images/assessment/language/variants/prefixes-suffixes/biggest-01.webp,,"Create a child-friendly morphology/context image for ""biggest"". Show the meaning clearly without printed word parts. No text, labels, signs, speech bubbles, logos, or watermarks.",,Common workbook term useful for near-term skill expansion.,0,0,morphology_word_audio_optional_image,
wm-0482,P2,prefixes_suffixes,bilingual,,prefix_word,true,false,public/images/assessment/language/variants/prefixes-suffixes/bilingual-01.webp,,"Create a child-friendly morphology/context image for ""bilingual"". Show the meaning clearly without printed word parts. No text, labels, signs, speech bubbles, logos, or watermarks.",,Common workbook term useful for near-term skill expansion.,0,0,morphology_word_audio_optional_image,
wm-0483,P2,prefixes_suffixes,bimonthly,,prefix_word,true,false,public/images/assessment/language/variants/prefixes-suffixes/bimonthly-01.webp,,"Create a child-friendly morphology/context image for ""bimonthly"". Show the meaning clearly without printed word parts. No text, labels, signs, speech bubbles, logos, or watermarks.",,Common workbook term useful for near-term skill expansion.,0,0,morphology_word_audio_optional_image,
wm-0484,P2,prefixes_suffixes,biplane,,prefix_word,true,false,public/images/assessment/language/variants/prefixes-suffixes/biplane-01.webp,,"Create a child-friendly morphology/context image for ""biplane"". Show the meaning clearly without printed word parts. No text, labels, signs, speech bubbles, logos, or watermarks.",,Common workbook term useful for near-term skill expansion.,0,0,morphology_word_audio_optional_image,
wm-0485,P2,prefixes_suffixes,birds,,suffix_word,true,false,public/images/assessment/language/variants/prefixes-suffixes/birds-01.webp,,"Create a child-friendly morphology/context image for ""birds"". Show the meaning clearly without printed word parts. No text, labels, signs, speech bubbles, logos, or watermarks.",,Common workbook term useful for near-term skill expansion.,0,0,morphology_word_audio_optional_image,
wm-0486,P2,prefixes_suffixes,bisect,,prefix_word,true,false,public/images/assessment/language/variants/prefixes-suffixes/bisect-01.webp,,"Create a child-friendly morphology/context image for ""bisect"". Show the meaning clearly without printed word parts. No text, labels, signs, speech bubbles, logos, or watermarks.",,Common workbook term useful for near-term skill expansion.,0,0,morphology_word_audio_optional_image,
wm-0487,P2,prefixes_suffixes,blocks,,suffix_word,true,false,public/images/assessment/language/variants/prefixes-suffixes/blocks-01.webp,,"Create a child-friendly morphology/context image for ""blocks"". Show the meaning clearly without printed word parts. No text, labels, signs, speech bubbles, logos, or watermarks.",,Common workbook term useful for near-term skill expansion.,0,0,morphology_word_audio_optional_image,
wm-0488,P2,prefixes_suffixes,books,,suffix_word,true,false,public/images/assessment/language/variants/prefixes-suffixes/books-01.webp,,"Create a child-friendly morphology/context image for ""books"". Show the meaning clearly without printed word parts. No text, labels, signs, speech bubbles, logos, or watermarks.",,Common workbook term useful for near-term skill expansion.,0,1,morphology_word_audio_optional_image,
wm-0489,P2,prefixes_suffixes,boxes,,suffix_word,true,false,public/images/assessment/language/variants/prefixes-suffixes/boxes-01.webp,,"Create a child-friendly morphology/context image for ""boxes"". Show the meaning clearly without printed word parts. No text, labels, signs, speech bubbles, logos, or watermarks.",,Common workbook term useful for near-term skill expansion.,0,1,morphology_word_audio_optional_image,
wm-0490,P2,prefixes_suffixes,breakable,,suffix_word,true,false,public/images/assessment/language/variants/prefixes-suffixes/breakable-01.webp,,"Create a child-friendly morphology/context image for ""breakable"". Show the meaning clearly without printed word parts. No text, labels, signs, speech bubbles, logos, or watermarks.",,Common workbook term useful for near-term skill expansion.,0,0,morphology_word_audio_optional_image,
wm-0491,P2,prefixes_suffixes,brightest,,suffix_word,true,false,public/images/assessment/language/variants/prefixes-suffixes/brightest-01.webp,,"Create a child-friendly morphology/context image for ""brightest"". Show the meaning clearly without printed word parts. No text, labels, signs, speech bubbles, logos, or watermarks.",,Common workbook term useful for near-term skill expansion.,0,0,morphology_word_audio_optional_image,
wm-0492,P2,prefixes_suffixes,brightly,,suffix_word,true,false,public/images/assessment/language/variants/prefixes-suffixes/brightly-01.webp,,"Create a child-friendly morphology/context image for ""brightly"". Show the meaning clearly without printed word parts. No text, labels, signs, speech bubbles, logos, or watermarks.",,Common workbook term useful for near-term skill expansion.,0,0,morphology_word_audio_optional_image,
wm-0493,P2,prefixes_suffixes,brushes,,suffix_word,true,false,public/images/assessment/language/variants/prefixes-suffixes/brushes-01.webp,,"Create a child-friendly morphology/context image for ""brushes"". Show the meaning clearly without printed word parts. No text, labels, signs, speech bubbles, logos, or watermarks.",,Common workbook term useful for near-term skill expansion.,0,1,morphology_word_audio_optional_image,
wm-0494,P2,prefixes_suffixes,called,,suffix_word,true,false,public/images/assessment/language/variants/prefixes-suffixes/called-01.webp,,"Create a child-friendly morphology/context image for ""called"". Show the meaning clearly without printed word parts. No text, labels, signs, speech bubbles, logos, or watermarks.",,Common workbook term useful for near-term skill expansion.,0,0,morphology_word_audio_optional_image,
wm-0495,P2,prefixes_suffixes,careful,,suffix_word,true,false,public/images/assessment/language/variants/prefixes-suffixes/careful-01.webp,,"Create a child-friendly morphology/context image for ""careful"". Show the meaning clearly without printed word parts. No text, labels, signs, speech bubbles, logos, or watermarks.",,Common workbook term useful for near-term skill expansion.,0,0,morphology_word_audio_optional_image,
wm-0496,P2,prefixes_suffixes,carefully,,suffix_word,true,false,public/images/assessment/language/variants/prefixes-suffixes/carefully-01.webp,,"Create a child-friendly morphology/context image for ""carefully"". Show the meaning clearly without printed word parts. No text, labels, signs, speech bubbles, logos, or watermarks.",,Common workbook term useful for near-term skill expansion.,0,0,morphology_word_audio_optional_image,
wm-0497,P2,prefixes_suffixes,careless,,suffix_word,true,false,public/images/assessment/language/variants/prefixes-suffixes/careless-01.webp,,"Create a child-friendly morphology/context image for ""careless"". Show the meaning clearly without printed word parts. No text, labels, signs, speech bubbles, logos, or watermarks.",,Common workbook term useful for near-term skill expansion.,0,0,morphology_word_audio_optional_image,
wm-0498,P2,prefixes_suffixes,cats,,suffix_word,true,false,public/images/assessment/language/variants/prefixes-suffixes/cats-01.webp,,"Create a child-friendly morphology/context image for ""cats"". Show the meaning clearly without printed word parts. No text, labels, signs, speech bubbles, logos, or watermarks.",,Common workbook term useful for near-term skill expansion.,0,1,morphology_word_audio_optional_image,
wm-0499,P2,prefixes_suffixes,cheerful,,suffix_word,true,false,public/images/assessment/language/variants/prefixes-suffixes/cheerful-01.webp,,"Create a child-friendly morphology/context image for ""cheerful"". Show the meaning clearly without printed word parts. No text, labels, signs, speech bubbles, logos, or watermarks.",,Common workbook term useful for near-term skill expansion.,0,0,morphology_word_audio_optional_image,
wm-0500,P2,prefixes_suffixes,colorful,,suffix_word,true,false,public/images/assessment/language/variants/prefixes-suffixes/colorful-01.webp,,"Create a child-friendly morphology/context image for ""colorful"". Show the meaning clearly without printed word parts. No text, labels, signs, speech bubbles, logos, or watermarks.",,Common workbook term useful for near-term skill expansion.,0,0,morphology_word_audio_optional_image,
wm-0501,P2,prefixes_suffixes,colorless,,suffix_word,true,false,public/images/assessment/language/variants/prefixes-suffixes/colorless-01.webp,,"Create a child-friendly morphology/context image for ""colorless"". Show the meaning clearly without printed word parts. No text, labels, signs, speech bubbles, logos, or watermarks.",,Common workbook term useful for near-term skill expansion.,0,0,morphology_word_audio_optional_image,
wm-0502,P2,prefixes_suffixes,comfortable,,suffix_word,true,false,public/images/assessment/language/variants/prefixes-suffixes/comfortable-01.webp,,"Create a child-friendly morphology/context image for ""comfortable"". Show the meaning clearly without printed word parts. No text, labels, signs, speech bubbles, logos, or watermarks.",,Common workbook term useful for near-term skill expansion.,0,0,morphology_word_audio_optional_image,
wm-0503,P2,prefixes_suffixes,countable,,suffix_word,true,false,public/images/assessment/language/variants/prefixes-suffixes/countable-01.webp,,"Create a child-friendly morphology/context image for ""countable"". Show the meaning clearly without printed word parts. No text, labels, signs, speech bubbles, logos, or watermarks.",,Common workbook term useful for near-term skill expansion.,0,0,morphology_word_audio_optional_image,
wm-0504,P2,prefixes_suffixes,cups,,suffix_word,true,false,public/images/assessment/language/variants/prefixes-suffixes/cups-01.webp,,"Create a child-friendly morphology/context image for ""cups"". Show the meaning clearly without printed word parts. No text, labels, signs, speech bubbles, logos, or watermarks.",,Common workbook term useful for near-term skill expansion.,0,1,morphology_word_audio_optional_image,
wm-0505,P2,prefixes_suffixes,darkness,,suffix_word,true,false,public/images/assessment/language/variants/prefixes-suffixes/darkness-01.webp,,"Create a child-friendly morphology/context image for ""darkness"". Show the meaning clearly without printed word parts. No text, labels, signs, speech bubbles, logos, or watermarks.",,Common workbook term useful for near-term skill expansion.,0,0,morphology_word_audio_optional_image,
wm-0506,P2,prefixes_suffixes,development,,suffix_word,true,false,public/images/assessment/language/variants/prefixes-suffixes/development-01.webp,,"Create a child-friendly morphology/context image for ""development"". Show the meaning clearly without printed word parts. No text, labels, signs, speech bubbles, logos, or watermarks.",,Common workbook term useful for near-term skill expansion.,0,0,morphology_word_audio_optional_image,
wm-0507,P2,prefixes_suffixes,disagree,,prefix_word,true,false,public/images/assessment/language/variants/prefixes-suffixes/disagree-01.webp,,"Create a child-friendly morphology/context image for ""disagree"". Show the meaning clearly without printed word parts. No text, labels, signs, speech bubbles, logos, or watermarks.",,Common workbook term useful for near-term skill expansion.,0,0,morphology_word_audio_optional_image,
wm-0508,P2,prefixes_suffixes,disappear,,prefix_word,true,false,public/images/assessment/language/variants/prefixes-suffixes/disappear-01.webp,,"Create a child-friendly morphology/context image for ""disappear"". Show the meaning clearly without printed word parts. No text, labels, signs, speech bubbles, logos, or watermarks.",,Common workbook term useful for near-term skill expansion.,0,0,morphology_word_audio_optional_image,
wm-0509,P2,prefixes_suffixes,discomfort,,prefix_word,true,false,public/images/assessment/language/variants/prefixes-suffixes/discomfort-01.webp,,"Create a child-friendly morphology/context image for ""discomfort"". Show the meaning clearly without printed word parts. No text, labels, signs, speech bubbles, logos, or watermarks.",,Common workbook term useful for near-term skill expansion.,0,0,morphology_word_audio_optional_image,
wm-0510,P2,prefixes_suffixes,disconnect,,prefix_word,true,false,public/images/assessment/language/variants/prefixes-suffixes/disconnect-01.webp,,"Create a child-friendly morphology/context image for ""disconnect"". Show the meaning clearly without printed word parts. No text, labels, signs, speech bubbles, logos, or watermarks.",,Common workbook term useful for near-term skill expansion.,0,0,morphology_word_audio_optional_image,
wm-0511,P2,prefixes_suffixes,discover,,prefix_word,true,false,public/images/assessment/language/variants/prefixes-suffixes/discover-01.webp,,"Create a child-friendly morphology/context image for ""discover"". Show the meaning clearly without printed word parts. No text, labels, signs, speech bubbles, logos, or watermarks.",,Common workbook term useful for near-term skill expansion.,0,0,morphology_word_audio_optional_image,
wm-0512,P2,prefixes_suffixes,dishes,,suffix_word,true,false,public/images/assessment/language/variants/prefixes-suffixes/dishes-01.webp,,"Create a child-friendly morphology/context image for ""dishes"". Show the meaning clearly without printed word parts. No text, labels, signs, speech bubbles, logos, or watermarks.",,Common workbook term useful for near-term skill expansion.,0,1,morphology_word_audio_optional_image,
wm-0513,P2,prefixes_suffixes,dishonest,,prefix_word,true,false,public/images/assessment/language/variants/prefixes-suffixes/dishonest-01.webp,,"Create a child-friendly morphology/context image for ""dishonest"". Show the meaning clearly without printed word parts. No text, labels, signs, speech bubbles, logos, or watermarks.",,Common workbook term useful for near-term skill expansion.,0,0,morphology_word_audio_optional_image,
wm-0514,P2,prefixes_suffixes,dislike,,prefix_word,true,false,public/images/assessment/language/variants/prefixes-suffixes/dislike-01.webp,,"Create a child-friendly morphology/context image for ""dislike"". Show the meaning clearly without printed word parts. No text, labels, signs, speech bubbles, logos, or watermarks.",,Common workbook term useful for near-term skill expansion.,0,0,morphology_word_audio_optional_image,
wm-0515,P2,prefixes_suffixes,disobey,,prefix_word,true,false,public/images/assessment/language/variants/prefixes-suffixes/disobey-01.webp,,"Create a child-friendly morphology/context image for ""disobey"". Show the meaning clearly without printed word parts. No text, labels, signs, speech bubbles, logos, or watermarks.",,Common workbook term useful for near-term skill expansion.,0,0,morphology_word_audio_optional_image,
wm-0516,P2,prefixes_suffixes,disorder,,prefix_word,true,false,public/images/assessment/language/variants/prefixes-suffixes/disorder-01.webp,,"Create a child-friendly morphology/context image for ""disorder"". Show the meaning clearly without printed word parts. No text, labels, signs, speech bubbles, logos, or watermarks.",,Common workbook term useful for near-term skill expansion.,0,0,morphology_word_audio_optional_image,
wm-0517,P2,prefixes_suffixes,disrespect,,prefix_word,true,false,public/images/assessment/language/variants/prefixes-suffixes/disrespect-01.webp,,"Create a child-friendly morphology/context image for ""disrespect"". Show the meaning clearly without printed word parts. No text, labels, signs, speech bubbles, logos, or watermarks.",,Common workbook term useful for near-term skill expansion.,0,0,morphology_word_audio_optional_image,
wm-0518,P2,prefixes_suffixes,dogs,,suffix_word,true,false,public/images/assessment/language/variants/prefixes-suffixes/dogs-01.webp,,"Create a child-friendly morphology/context image for ""dogs"". Show the meaning clearly without printed word parts. No text, labels, signs, speech bubbles, logos, or watermarks.",,Common workbook term useful for near-term skill expansion.,0,1,morphology_word_audio_optional_image,
wm-0519,P2,prefixes_suffixes,drawing,,suffix_word,true,false,public/images/assessment/language/variants/prefixes-suffixes/drawing-01.webp,,"Create a child-friendly morphology/context image for ""drawing"". Show the meaning clearly without printed word parts. No text, labels, signs, speech bubbles, logos, or watermarks.",,Common workbook term useful for near-term skill expansion.,0,0,morphology_word_audio_optional_image,
wm-0520,P2,prefixes_suffixes,drinkable,,suffix_word,true,false,public/images/assessment/language/variants/prefixes-suffixes/drinkable-01.webp,,"Create a child-friendly morphology/context image for ""drinkable"". Show the meaning clearly without printed word parts. No text, labels, signs, speech bubbles, logos, or watermarks.",,Common workbook term useful for near-term skill expansion.,0,0,morphology_word_audio_optional_image,
wm-0521,P2,prefixes_suffixes,endless,,suffix_word,true,false,public/images/assessment/language/variants/prefixes-suffixes/endless-01.webp,,"Create a child-friendly morphology/context image for ""endless"". Show the meaning clearly without printed word parts. No text, labels, signs, speech bubbles, logos, or watermarks.",,Common workbook term useful for near-term skill expansion.,0,0,morphology_word_audio_optional_image,
wm-0522,P2,prefixes_suffixes,enjoyment,,suffix_word,true,false,public/images/assessment/language/variants/prefixes-suffixes/enjoyment-01.webp,,"Create a child-friendly morphology/context image for ""enjoyment"". Show the meaning clearly without printed word parts. No text, labels, signs, speech bubbles, logos, or watermarks.",,Common workbook term useful for near-term skill expansion.,0,0,morphology_word_audio_optional_image,
wm-0523,P2,prefixes_suffixes,excitement,,suffix_word,true,false,public/images/assessment/language/variants/prefixes-suffixes/excitement-01.webp,,"Create a child-friendly morphology/context image for ""excitement"". Show the meaning clearly without printed word parts. No text, labels, signs, speech bubbles, logos, or watermarks.",,Common workbook term useful for near-term skill expansion.,0,0,morphology_word_audio_optional_image,
wm-0524,P2,prefixes_suffixes,fairness,,suffix_word,true,false,public/images/assessment/language/variants/prefixes-suffixes/fairness-01.webp,,"Create a child-friendly morphology/context image for ""fairness"". Show the meaning clearly without printed word parts. No text, labels, signs, speech bubbles, logos, or watermarks.",,Common workbook term useful for near-term skill expansion.,0,0,morphology_word_audio_optional_image,
wm-0525,P2,prefixes_suffixes,fearless,,suffix_word,true,false,public/images/assessment/language/variants/prefixes-suffixes/fearless-01.webp,,"Create a child-friendly morphology/context image for ""fearless"". Show the meaning clearly without printed word parts. No text, labels, signs, speech bubbles, logos, or watermarks.",,Common workbook term useful for near-term skill expansion.,0,0,morphology_word_audio_optional_image,
wm-0526,P2,prefixes_suffixes,goodness,,suffix_word,true,false,public/images/assessment/language/variants/prefixes-suffixes/goodness-01.webp,,"Create a child-friendly morphology/context image for ""goodness"". Show the meaning clearly without printed word parts. No text, labels, signs, speech bubbles, logos, or watermarks.",,Common workbook term useful for near-term skill expansion.,0,0,morphology_word_audio_optional_image,
wm-0527,P2,prefixes_suffixes,happily,,suffix_word,true,false,public/images/assessment/language/variants/prefixes-suffixes/happily-01.webp,,"Create a child-friendly morphology/context image for ""happily"". Show the meaning clearly without printed word parts. No text, labels, signs, speech bubbles, logos, or watermarks.",,Common workbook term useful for near-term skill expansion.,0,0,morphology_word_audio_optional_image,
wm-0528,P2,prefixes_suffixes,happiness,,suffix_word,true,false,public/images/assessment/language/variants/prefixes-suffixes/happiness-01.webp,,"Create a child-friendly morphology/context image for ""happiness"". Show the meaning clearly without printed word parts. No text, labels, signs, speech bubbles, logos, or watermarks.",,Common workbook term useful for near-term skill expansion.,0,0,morphology_word_audio_optional_image,
wm-0529,P2,prefixes_suffixes,helpful,,suffix_word,true,false,public/images/assessment/language/variants/prefixes-suffixes/helpful-01.webp,,"Create a child-friendly morphology/context image for ""helpful"". Show the meaning clearly without printed word parts. No text, labels, signs, speech bubbles, logos, or watermarks.",,Common workbook term useful for near-term skill expansion.,0,0,morphology_word_audio_optional_image,
wm-0530,P2,prefixes_suffixes,homeless,,suffix_word,true,false,public/images/assessment/language/variants/prefixes-suffixes/homeless-01.webp,,"Create a child-friendly morphology/context image for ""homeless"". Show the meaning clearly without printed word parts. No text, labels, signs, speech bubbles, logos, or watermarks.",,Common workbook term useful for near-term skill expansion.,0,0,morphology_word_audio_optional_image,
wm-0531,P2,prefixes_suffixes,hopeful,,suffix_word,true,false,public/images/assessment/language/variants/prefixes-suffixes/hopeful-01.webp,,"Create a child-friendly morphology/context image for ""hopeful"". Show the meaning clearly without printed word parts. No text, labels, signs, speech bubbles, logos, or watermarks.",,Common workbook term useful for near-term skill expansion.,0,0,morphology_word_audio_optional_image,
wm-0532,P2,prefixes_suffixes,hopeless,,suffix_word,true,false,public/images/assessment/language/variants/prefixes-suffixes/hopeless-01.webp,,"Create a child-friendly morphology/context image for ""hopeless"". Show the meaning clearly without printed word parts. No text, labels, signs, speech bubbles, logos, or watermarks.",,Common workbook term useful for near-term skill expansion.,0,0,morphology_word_audio_optional_image,
wm-0533,P2,prefixes_suffixes,hopped,,suffix_word,true,false,public/images/assessment/language/variants/prefixes-suffixes/hopped-01.webp,,"Create a child-friendly morphology/context image for ""hopped"". Show the meaning clearly without printed word parts. No text, labels, signs, speech bubbles, logos, or watermarks.",,Common workbook term useful for near-term skill expansion.,0,0,morphology_word_audio_optional_image,
wm-0534,P2,prefixes_suffixes,illness,,suffix_word,true,false,public/images/assessment/language/variants/prefixes-suffixes/illness-01.webp,,"Create a child-friendly morphology/context image for ""illness"". Show the meaning clearly without printed word parts. No text, labels, signs, speech bubbles, logos, or watermarks.",,Common workbook term useful for near-term skill expansion.,0,0,morphology_word_audio_optional_image,
wm-0535,P2,prefixes_suffixes,joyful,,suffix_word,true,false,public/images/assessment/language/variants/prefixes-suffixes/joyful-01.webp,,"Create a child-friendly morphology/context image for ""joyful"". Show the meaning clearly without printed word parts. No text, labels, signs, speech bubbles, logos, or watermarks.",,Common workbook term useful for near-term skill expansion.,0,0,morphology_word_audio_optional_image,
wm-0536,P2,prefixes_suffixes,kids,,suffix_word,true,false,public/images/assessment/language/variants/prefixes-suffixes/kids-01.webp,,"Create a child-friendly morphology/context image for ""kids"". Show the meaning clearly without printed word parts. No text, labels, signs, speech bubbles, logos, or watermarks.",,Common workbook term useful for near-term skill expansion.,0,0,morphology_word_audio_optional_image,
wm-0537,P2,prefixes_suffixes,kindest,,suffix_word,true,false,public/images/assessment/language/variants/prefixes-suffixes/kindest-01.webp,,"Create a child-friendly morphology/context image for ""kindest"". Show the meaning clearly without printed word parts. No text, labels, signs, speech bubbles, logos, or watermarks.",,Common workbook term useful for near-term skill expansion.,0,0,morphology_word_audio_optional_image,
wm-0538,P2,prefixes_suffixes,kindly,,suffix_word,true,false,public/images/assessment/language/variants/prefixes-suffixes/kindly-01.webp,,"Create a child-friendly morphology/context image for ""kindly"". Show the meaning clearly without printed word parts. No text, labels, signs, speech bubbles, logos, or watermarks.",,Common workbook term useful for near-term skill expansion.,0,0,morphology_word_audio_optional_image,
wm-0539,P2,prefixes_suffixes,kindness,,suffix_word,true,false,public/images/assessment/language/variants/prefixes-suffixes/kindness-01.webp,,"Create a child-friendly morphology/context image for ""kindness"". Show the meaning clearly without printed word parts. No text, labels, signs, speech bubbles, logos, or watermarks.",,Common workbook term useful for near-term skill expansion.,0,0,morphology_word_audio_optional_image,
wm-0540,P2,prefixes_suffixes,landed,,suffix_word,true,false,public/images/assessment/language/variants/prefixes-suffixes/landed-01.webp,,"Create a child-friendly morphology/context image for ""landed"". Show the meaning clearly without printed word parts. No text, labels, signs, speech bubbles, logos, or watermarks.",,Common workbook term useful for near-term skill expansion.,0,0,morphology_word_audio_optional_image,
wm-0541,P2,prefixes_suffixes,loudly,,suffix_word,true,false,public/images/assessment/language/variants/prefixes-suffixes/loudly-01.webp,,"Create a child-friendly morphology/context image for ""loudly"". Show the meaning clearly without printed word parts. No text, labels, signs, speech bubbles, logos, or watermarks.",,Common workbook term useful for near-term skill expansion.,0,0,morphology_word_audio_optional_image,
wm-0542,P2,prefixes_suffixes,lovable,,suffix_word,true,false,public/images/assessment/language/variants/prefixes-suffixes/lovable-01.webp,,"Create a child-friendly morphology/context image for ""lovable"". Show the meaning clearly without printed word parts. No text, labels, signs, speech bubbles, logos, or watermarks.",,Common workbook term useful for near-term skill expansion.,0,0,morphology_word_audio_optional_image,
wm-0543,P2,prefixes_suffixes,matches,,suffix_word,true,false,public/images/assessment/language/variants/prefixes-suffixes/matches-01.webp,,"Create a child-friendly morphology/context image for ""matches"". Show the meaning clearly without printed word parts. No text, labels, signs, speech bubbles, logos, or watermarks.",,Common workbook term useful for near-term skill expansion.,0,0,morphology_word_audio_optional_image,
wm-0544,P2,prefixes_suffixes,misbehave,,prefix_word,true,false,public/images/assessment/language/variants/prefixes-suffixes/misbehave-01.webp,,"Create a child-friendly morphology/context image for ""misbehave"". Show the meaning clearly without printed word parts. No text, labels, signs, speech bubbles, logos, or watermarks.",,Common workbook term useful for near-term skill expansion.,0,0,morphology_word_audio_optional_image,
wm-0545,P2,prefixes_suffixes,miscount,,prefix_word,true,false,public/images/assessment/language/variants/prefixes-suffixes/miscount-01.webp,,"Create a child-friendly morphology/context image for ""miscount"". Show the meaning clearly without printed word parts. No text, labels, signs, speech bubbles, logos, or watermarks.",,Common workbook term useful for near-term skill expansion.,0,0,morphology_word_audio_optional_image,
wm-0546,P2,prefixes_suffixes,mishear,,prefix_word,true,false,public/images/assessment/language/variants/prefixes-suffixes/mishear-01.webp,,"Create a child-friendly morphology/context image for ""mishear"". Show the meaning clearly without printed word parts. No text, labels, signs, speech bubbles, logos, or watermarks.",,Common workbook term useful for near-term skill expansion.,0,0,morphology_word_audio_optional_image,
wm-0547,P2,prefixes_suffixes,mislead,,prefix_word,true,false,public/images/assessment/language/variants/prefixes-suffixes/mislead-01.webp,,"Create a child-friendly morphology/context image for ""mislead"". Show the meaning clearly without printed word parts. No text, labels, signs, speech bubbles, logos, or watermarks.",,Common workbook term useful for near-term skill expansion.,0,0,morphology_word_audio_optional_image,
wm-0548,P2,prefixes_suffixes,misplace,,prefix_word,true,false,public/images/assessment/language/variants/prefixes-suffixes/misplace-01.webp,,"Create a child-friendly morphology/context image for ""misplace"". Show the meaning clearly without printed word parts. No text, labels, signs, speech bubbles, logos, or watermarks.",,Common workbook term useful for near-term skill expansion.,0,0,morphology_word_audio_optional_image,
wm-0549,P2,prefixes_suffixes,misprint,,prefix_word,true,false,public/images/assessment/language/variants/prefixes-suffixes/misprint-01.webp,,"Create a child-friendly morphology/context image for ""misprint"". Show the meaning clearly without printed word parts. No text, labels, signs, speech bubbles, logos, or watermarks.",,Common workbook term useful for near-term skill expansion.,0,0,morphology_word_audio_optional_image,
wm-0550,P2,prefixes_suffixes,misread,,prefix_word,true,false,public/images/assessment/language/variants/prefixes-suffixes/misread-01.webp,,"Create a child-friendly morphology/context image for ""misread"". Show the meaning clearly without printed word parts. No text, labels, signs, speech bubbles, logos, or watermarks.",,Common workbook term useful for near-term skill expansion.,0,0,morphology_word_audio_optional_image,
wm-0551,P2,prefixes_suffixes,misspell,,prefix_word,true,false,public/images/assessment/language/variants/prefixes-suffixes/misspell-01.webp,,"Create a child-friendly morphology/context image for ""misspell"". Show the meaning clearly without printed word parts. No text, labels, signs, speech bubbles, logos, or watermarks.",,Common workbook term useful for near-term skill expansion.,0,0,morphology_word_audio_optional_image,
wm-0552,P2,prefixes_suffixes,mistake,,prefix_word,true,false,public/images/assessment/language/variants/prefixes-suffixes/mistake-01.webp,,"Create a child-friendly morphology/context image for ""mistake"". Show the meaning clearly without printed word parts. No text, labels, signs, speech bubbles, logos, or watermarks.",,Common workbook term useful for near-term skill expansion.,0,0,morphology_word_audio_optional_image,
wm-0553,P2,prefixes_suffixes,misuse,,prefix_word,true,false,public/images/assessment/language/variants/prefixes-suffixes/misuse-01.webp,,"Create a child-friendly morphology/context image for ""misuse"". Show the meaning clearly without printed word parts. No text, labels, signs, speech bubbles, logos, or watermarks.",,Common workbook term useful for near-term skill expansion.,0,0,morphology_word_audio_optional_image,
wm-0554,P2,prefixes_suffixes,movement,,suffix_word,true,false,public/images/assessment/language/variants/prefixes-suffixes/movement-01.webp,,"Create a child-friendly morphology/context image for ""movement"". Show the meaning clearly without printed word parts. No text, labels, signs, speech bubbles, logos, or watermarks.",,Common workbook term useful for near-term skill expansion.,0,0,morphology_word_audio_optional_image,
wm-0555,P2,prefixes_suffixes,nonfat,,prefix_word,true,false,public/images/assessment/language/variants/prefixes-suffixes/nonfat-01.webp,,"Create a child-friendly morphology/context image for ""nonfat"". Show the meaning clearly without printed word parts. No text, labels, signs, speech bubbles, logos, or watermarks.",,Common workbook term useful for near-term skill expansion.,0,0,morphology_word_audio_optional_image,
wm-0556,P2,prefixes_suffixes,nonfiction,,prefix_word,true,false,public/images/assessment/language/variants/prefixes-suffixes/nonfiction-01.webp,,"Create a child-friendly morphology/context image for ""nonfiction"". Show the meaning clearly without printed word parts. No text, labels, signs, speech bubbles, logos, or watermarks.",,Common workbook term useful for near-term skill expansion.,0,0,morphology_word_audio_optional_image,
wm-0557,P2,prefixes_suffixes,nonliving,,prefix_word,true,false,public/images/assessment/language/variants/prefixes-suffixes/nonliving-01.webp,,"Create a child-friendly morphology/context image for ""nonliving"". Show the meaning clearly without printed word parts. No text, labels, signs, speech bubbles, logos, or watermarks.",,Common workbook term useful for near-term skill expansion.,0,0,morphology_word_audio_optional_image,
wm-0558,P2,prefixes_suffixes,nonmetal,,prefix_word,true,false,public/images/assessment/language/variants/prefixes-suffixes/nonmetal-01.webp,,"Create a child-friendly morphology/context image for ""nonmetal"". Show the meaning clearly without printed word parts. No text, labels, signs, speech bubbles, logos, or watermarks.",,Common workbook term useful for near-term skill expansion.,0,0,morphology_word_audio_optional_image,
wm-0559,P2,prefixes_suffixes,nonsense,,prefix_word,true,false,public/images/assessment/language/variants/prefixes-suffixes/nonsense-01.webp,,"Create a child-friendly morphology/context image for ""nonsense"". Show the meaning clearly without printed word parts. No text, labels, signs, speech bubbles, logos, or watermarks.",,Common workbook term useful for near-term skill expansion.,0,0,morphology_word_audio_optional_image,
wm-0560,P2,prefixes_suffixes,nonstick,,prefix_word,true,false,public/images/assessment/language/variants/prefixes-suffixes/nonstick-01.webp,,"Create a child-friendly morphology/context image for ""nonstick"". Show the meaning clearly without printed word parts. No text, labels, signs, speech bubbles, logos, or watermarks.",,Common workbook term useful for near-term skill expansion.,0,0,morphology_word_audio_optional_image,
wm-0561,P2,prefixes_suffixes,nonstop,,prefix_word,true,false,public/images/assessment/language/variants/prefixes-suffixes/nonstop-01.webp,,"Create a child-friendly morphology/context image for ""nonstop"". Show the meaning clearly without printed word parts. No text, labels, signs, speech bubbles, logos, or watermarks.",,Common workbook term useful for near-term skill expansion.,0,0,morphology_word_audio_optional_image,
wm-0562,P2,prefixes_suffixes,nonverbal,,prefix_word,true,false,public/images/assessment/language/variants/prefixes-suffixes/nonverbal-01.webp,,"Create a child-friendly morphology/context image for ""nonverbal"". Show the meaning clearly without printed word parts. No text, labels, signs, speech bubbles, logos, or watermarks.",,Common workbook term useful for near-term skill expansion.,0,0,morphology_word_audio_optional_image,
wm-0563,P2,prefixes_suffixes,oldest,,suffix_word,true,false,public/images/assessment/language/variants/prefixes-suffixes/oldest-01.webp,,"Create a child-friendly morphology/context image for ""oldest"". Show the meaning clearly without printed word parts. No text, labels, signs, speech bubbles, logos, or watermarks.",,Common workbook term useful for near-term skill expansion.,0,0,morphology_word_audio_optional_image,
wm-0564,P2,prefixes_suffixes,overcook,,prefix_word,true,false,public/images/assessment/language/variants/prefixes-suffixes/overcook-01.webp,,"Create a child-friendly morphology/context image for ""overcook"". Show the meaning clearly without printed word parts. No text, labels, signs, speech bubbles, logos, or watermarks.",,Common workbook term useful for near-term skill expansion.,0,0,morphology_word_audio_optional_image,
wm-0565,P2,prefixes_suffixes,overfill,,prefix_word,true,false,public/images/assessment/language/variants/prefixes-suffixes/overfill-01.webp,,"Create a child-friendly morphology/context image for ""overfill"". Show the meaning clearly without printed word parts. No text, labels, signs, speech bubbles, logos, or watermarks.",,Common workbook term useful for near-term skill expansion.,0,0,morphology_word_audio_optional_image,
wm-0566,P2,prefixes_suffixes,overgrown,,prefix_word,true,false,public/images/assessment/language/variants/prefixes-suffixes/overgrown-01.webp,,"Create a child-friendly morphology/context image for ""overgrown"". Show the meaning clearly without printed word parts. No text, labels, signs, speech bubbles, logos, or watermarks.",,Common workbook term useful for near-term skill expansion.,0,0,morphology_word_audio_optional_image,
wm-0567,P2,prefixes_suffixes,overhead,,prefix_word,true,false,public/images/assessment/language/variants/prefixes-suffixes/overhead-01.webp,,"Create a child-friendly morphology/context image for ""overhead"". Show the meaning clearly without printed word parts. No text, labels, signs, speech bubbles, logos, or watermarks.",,Common workbook term useful for near-term skill expansion.,0,0,morphology_word_audio_optional_image,
wm-0568,P2,prefixes_suffixes,overlap,,prefix_word,true,false,public/images/assessment/language/variants/prefixes-suffixes/overlap-01.webp,,"Create a child-friendly morphology/context image for ""overlap"". Show the meaning clearly without printed word parts. No text, labels, signs, speech bubbles, logos, or watermarks.",,Common workbook term useful for near-term skill expansion.,0,0,morphology_word_audio_optional_image,
wm-0569,P2,prefixes_suffixes,overload,,prefix_word,true,false,public/images/assessment/language/variants/prefixes-suffixes/overload-01.webp,,"Create a child-friendly morphology/context image for ""overload"". Show the meaning clearly without printed word parts. No text, labels, signs, speech bubbles, logos, or watermarks.",,Common workbook term useful for near-term skill expansion.,0,0,morphology_word_audio_optional_image,
wm-0570,P2,prefixes_suffixes,overlook,,prefix_word,true,false,public/images/assessment/language/variants/prefixes-suffixes/overlook-01.webp,,"Create a child-friendly morphology/context image for ""overlook"". Show the meaning clearly without printed word parts. No text, labels, signs, speech bubbles, logos, or watermarks.",,Common workbook term useful for near-term skill expansion.,0,0,morphology_word_audio_optional_image,
wm-0571,P2,prefixes_suffixes,overreact,,prefix_word,true,false,public/images/assessment/language/variants/prefixes-suffixes/overreact-01.webp,,"Create a child-friendly morphology/context image for ""overreact"". Show the meaning clearly without printed word parts. No text, labels, signs, speech bubbles, logos, or watermarks.",,Common workbook term useful for near-term skill expansion.,0,0,morphology_word_audio_optional_image,
wm-0572,P2,prefixes_suffixes,oversleep,,prefix_word,true,false,public/images/assessment/language/variants/prefixes-suffixes/oversleep-01.webp,,"Create a child-friendly morphology/context image for ""oversleep"". Show the meaning clearly without printed word parts. No text, labels, signs, speech bubbles, logos, or watermarks.",,Common workbook term useful for near-term skill expansion.,0,0,morphology_word_audio_optional_image,
wm-0573,P2,prefixes_suffixes,overturn,,prefix_word,true,false,public/images/assessment/language/variants/prefixes-suffixes/overturn-01.webp,,"Create a child-friendly morphology/context image for ""overturn"". Show the meaning clearly without printed word parts. No text, labels, signs, speech bubbles, logos, or watermarks.",,Common workbook term useful for near-term skill expansion.,0,0,morphology_word_audio_optional_image,
wm-0574,P2,prefixes_suffixes,painter,,suffix_word,true,false,public/images/assessment/language/variants/prefixes-suffixes/painter-01.webp,,"Create a child-friendly morphology/context image for ""painter"". Show the meaning clearly without printed word parts. No text, labels, signs, speech bubbles, logos, or watermarks.",,Common workbook term useful for near-term skill expansion.,0,0,morphology_word_audio_optional_image,
wm-0575,P2,prefixes_suffixes,payment,,suffix_word,true,false,public/images/assessment/language/variants/prefixes-suffixes/payment-01.webp,,"Create a child-friendly morphology/context image for ""payment"". Show the meaning clearly without printed word parts. No text, labels, signs, speech bubbles, logos, or watermarks.",,Common workbook term useful for near-term skill expansion.,0,0,morphology_word_audio_optional_image,
wm-0576,P2,prefixes_suffixes,peaches,,suffix_word,true,false,public/images/assessment/language/variants/prefixes-suffixes/peaches-01.webp,,"Create a child-friendly morphology/context image for ""peaches"". Show the meaning clearly without printed word parts. No text, labels, signs, speech bubbles, logos, or watermarks.",,Common workbook term useful for near-term skill expansion.,0,0,morphology_word_audio_optional_image,
wm-0577,P2,prefixes_suffixes,player,,suffix_word,true,false,public/images/assessment/language/variants/prefixes-suffixes/player-01.webp,,"Create a child-friendly morphology/context image for ""player"". Show the meaning clearly without printed word parts. No text, labels, signs, speech bubbles, logos, or watermarks.",,Common workbook term useful for near-term skill expansion.,0,0,morphology_word_audio_optional_image,
wm-0578,P2,prefixes_suffixes,precut,,prefix_word,true,false,public/images/assessment/language/variants/prefixes-suffixes/precut-01.webp,,"Create a child-friendly morphology/context image for ""precut"". Show the meaning clearly without printed word parts. No text, labels, signs, speech bubbles, logos, or watermarks.",,Common workbook term useful for near-term skill expansion.,0,0,morphology_word_audio_optional_image,
wm-0579,P2,prefixes_suffixes,preheat,,prefix_word,true,false,public/images/assessment/language/variants/prefixes-suffixes/preheat-01.webp,,"Create a child-friendly morphology/context image for ""preheat"". Show the meaning clearly without printed word parts. No text, labels, signs, speech bubbles, logos, or watermarks.",,Common workbook term useful for near-term skill expansion.,0,0,morphology_word_audio_optional_image,
wm-0580,P2,prefixes_suffixes,preorder,,prefix_word,true,false,public/images/assessment/language/variants/prefixes-suffixes/preorder-01.webp,,"Create a child-friendly morphology/context image for ""preorder"". Show the meaning clearly without printed word parts. No text, labels, signs, speech bubbles, logos, or watermarks.",,Common workbook term useful for near-term skill expansion.,0,0,morphology_word_audio_optional_image,
wm-0581,P2,prefixes_suffixes,prepack,,prefix_word,true,false,public/images/assessment/language/variants/prefixes-suffixes/prepack-01.webp,,"Create a child-friendly morphology/context image for ""prepack"". Show the meaning clearly without printed word parts. No text, labels, signs, speech bubbles, logos, or watermarks.",,Common workbook term useful for near-term skill expansion.,0,0,morphology_word_audio_optional_image,
wm-0582,P2,prefixes_suffixes,prepay,,prefix_word,true,false,public/images/assessment/language/variants/prefixes-suffixes/prepay-01.webp,,"Create a child-friendly morphology/context image for ""prepay"". Show the meaning clearly without printed word parts. No text, labels, signs, speech bubbles, logos, or watermarks.",,Common workbook term useful for near-term skill expansion.,0,0,morphology_word_audio_optional_image,
wm-0583,P2,prefixes_suffixes,preschool,,prefix_word,true,false,public/images/assessment/language/variants/prefixes-suffixes/preschool-01.webp,,"Create a child-friendly morphology/context image for ""preschool"". Show the meaning clearly without printed word parts. No text, labels, signs, speech bubbles, logos, or watermarks.",,Common workbook term useful for near-term skill expansion.,0,0,morphology_word_audio_optional_image,
wm-0584,P2,prefixes_suffixes,pretest,,prefix_word,true,false,public/images/assessment/language/variants/prefixes-suffixes/pretest-01.webp,,"Create a child-friendly morphology/context image for ""pretest"". Show the meaning clearly without printed word parts. No text, labels, signs, speech bubbles, logos, or watermarks.",,Common workbook term useful for near-term skill expansion.,0,0,morphology_word_audio_optional_image,
wm-0585,P2,prefixes_suffixes,preview,,prefix_word,true,false,public/images/assessment/language/variants/prefixes-suffixes/preview-01.webp,,"Create a child-friendly morphology/context image for ""preview"". Show the meaning clearly without printed word parts. No text, labels, signs, speech bubbles, logos, or watermarks.",,Common workbook term useful for near-term skill expansion.,0,0,morphology_word_audio_optional_image,
wm-0586,P2,prefixes_suffixes,prewash,,prefix_word,true,false,public/images/assessment/language/variants/prefixes-suffixes/prewash-01.webp,,"Create a child-friendly morphology/context image for ""prewash"". Show the meaning clearly without printed word parts. No text, labels, signs, speech bubbles, logos, or watermarks.",,Common workbook term useful for near-term skill expansion.,0,0,morphology_word_audio_optional_image,
wm-0587,P2,prefixes_suffixes,prewrite,,prefix_word,true,false,public/images/assessment/language/variants/prefixes-suffixes/prewrite-01.webp,,"Create a child-friendly morphology/context image for ""prewrite"". Show the meaning clearly without printed word parts. No text, labels, signs, speech bubbles, logos, or watermarks.",,Common workbook term useful for near-term skill expansion.,0,0,morphology_word_audio_optional_image,
wm-0588,P2,prefixes_suffixes,quickly,,suffix_word,true,false,public/images/assessment/language/variants/prefixes-suffixes/quickly-01.webp,,"Create a child-friendly morphology/context image for ""quickly"". Show the meaning clearly without printed word parts. No text, labels, signs, speech bubbles, logos, or watermarks.",,Common workbook term useful for near-term skill expansion.,0,0,morphology_word_audio_optional_image,
wm-0589,P2,prefixes_suffixes,quietly,,suffix_word,true,false,public/images/assessment/language/variants/prefixes-suffixes/quietly-01.webp,,"Create a child-friendly morphology/context image for ""quietly"". Show the meaning clearly without printed word parts. No text, labels, signs, speech bubbles, logos, or watermarks.",,Common workbook term useful for near-term skill expansion.,0,1,morphology_word_audio_optional_image,
wm-0590,P2,prefixes_suffixes,quietness,,suffix_word,true,false,public/images/assessment/language/variants/prefixes-suffixes/quietness-01.webp,,"Create a child-friendly morphology/context image for ""quietness"". Show the meaning clearly without printed word parts. No text, labels, signs, speech bubbles, logos, or watermarks.",,Common workbook term useful for near-term skill expansion.,0,0,morphology_word_audio_optional_image,
wm-0591,P2,prefixes_suffixes,readable,,suffix_word,true,false,public/images/assessment/language/variants/prefixes-suffixes/readable-01.webp,,"Create a child-friendly morphology/context image for ""readable"". Show the meaning clearly without printed word parts. No text, labels, signs, speech bubbles, logos, or watermarks.",,Common workbook term useful for near-term skill expansion.,0,0,morphology_word_audio_optional_image,
wm-0592,P2,prefixes_suffixes,reader,,suffix_word,true,false,public/images/assessment/language/variants/prefixes-suffixes/reader-01.webp,,"Create a child-friendly morphology/context image for ""reader"". Show the meaning clearly without printed word parts. No text, labels, signs, speech bubbles, logos, or watermarks.",,Common workbook term useful for near-term skill expansion.,0,0,morphology_word_audio_optional_image,
wm-0593,P2,prefixes_suffixes,rebuild,,prefix_word,true,false,public/images/assessment/language/variants/prefixes-suffixes/rebuild-01.webp,,"Create a child-friendly morphology/context image for ""rebuild"". Show the meaning clearly without printed word parts. No text, labels, signs, speech bubbles, logos, or watermarks.",,Common workbook term useful for near-term skill expansion.,0,0,morphology_word_audio_optional_image,
wm-0594,P2,prefixes_suffixes,redo,,prefix_word,true,false,public/images/assessment/language/variants/prefixes-suffixes/redo-01.webp,,"Create a child-friendly morphology/context image for ""redo"". Show the meaning clearly without printed word parts. No text, labels, signs, speech bubbles, logos, or watermarks.",,Common workbook term useful for near-term skill expansion.,0,0,morphology_word_audio_optional_image,
wm-0595,P2,prefixes_suffixes,reheat,,prefix_word,true,false,public/images/assessment/language/variants/prefixes-suffixes/reheat-01.webp,,"Create a child-friendly morphology/context image for ""reheat"". Show the meaning clearly without printed word parts. No text, labels, signs, speech bubbles, logos, or watermarks.",,Common workbook term useful for near-term skill expansion.,0,0,morphology_word_audio_optional_image,
wm-0596,P2,prefixes_suffixes,repaint,,prefix_word,true,false,public/images/assessment/language/variants/prefixes-suffixes/repaint-01.webp,,"Create a child-friendly morphology/context image for ""repaint"". Show the meaning clearly without printed word parts. No text, labels, signs, speech bubbles, logos, or watermarks.",,Common workbook term useful for near-term skill expansion.,0,0,morphology_word_audio_optional_image,
wm-0597,P2,prefixes_suffixes,replay,,prefix_word,true,false,public/images/assessment/language/variants/prefixes-suffixes/replay-01.webp,,"Create a child-friendly morphology/context image for ""replay"". Show the meaning clearly without printed word parts. No text, labels, signs, speech bubbles, logos, or watermarks.",,Common workbook term useful for near-term skill expansion.,0,0,morphology_word_audio_optional_image,
wm-0598,P2,prefixes_suffixes,reread,,prefix_word,true,false,public/images/assessment/language/variants/prefixes-suffixes/reread-01.webp,,"Create a child-friendly morphology/context image for ""reread"". Show the meaning clearly without printed word parts. No text, labels, signs, speech bubbles, logos, or watermarks.",,Common workbook term useful for near-term skill expansion.,0,0,morphology_word_audio_optional_image,
wm-0599,P2,prefixes_suffixes,restart,,prefix_word,true,false,public/images/assessment/language/variants/prefixes-suffixes/restart-01.webp,,"Create a child-friendly morphology/context image for ""restart"". Show the meaning clearly without printed word parts. No text, labels, signs, speech bubbles, logos, or watermarks.",,Common workbook term useful for near-term skill expansion.,0,0,morphology_word_audio_optional_image,
wm-0600,P2,prefixes_suffixes,restless,,suffix_word,true,false,public/images/assessment/language/variants/prefixes-suffixes/restless-01.webp,,"Create a child-friendly morphology/context image for ""restless"". Show the meaning clearly without printed word parts. No text, labels, signs, speech bubbles, logos, or watermarks.",,Common workbook term useful for near-term skill expansion.,0,0,morphology_word_audio_optional_image,
wm-0601,P2,prefixes_suffixes,retell,,prefix_word,true,false,public/images/assessment/language/variants/prefixes-suffixes/retell-01.webp,,"Create a child-friendly morphology/context image for ""retell"". Show the meaning clearly without printed word parts. No text, labels, signs, speech bubbles, logos, or watermarks.",,Common workbook term useful for near-term skill expansion.,0,0,morphology_word_audio_optional_image,
wm-0602,P2,prefixes_suffixes,return,,prefix_word,true,false,public/images/assessment/language/variants/prefixes-suffixes/return-01.webp,,"Create a child-friendly morphology/context image for ""return"". Show the meaning clearly without printed word parts. No text, labels, signs, speech bubbles, logos, or watermarks.",,Common workbook term useful for near-term skill expansion.,0,0,morphology_word_audio_optional_image,
wm-0603,P2,prefixes_suffixes,reuse,,prefix_word,true,false,public/images/assessment/language/variants/prefixes-suffixes/reuse-01.webp,,"Create a child-friendly morphology/context image for ""reuse"". Show the meaning clearly without printed word parts. No text, labels, signs, speech bubbles, logos, or watermarks.",,Common workbook term useful for near-term skill expansion.,0,0,morphology_word_audio_optional_image,
wm-0604,P2,prefixes_suffixes,review,,prefix_word,true,false,public/images/assessment/language/variants/prefixes-suffixes/review-01.webp,,"Create a child-friendly morphology/context image for ""review"". Show the meaning clearly without printed word parts. No text, labels, signs, speech bubbles, logos, or watermarks.",,Common workbook term useful for near-term skill expansion.,0,0,morphology_word_audio_optional_image,
wm-0605,P2,prefixes_suffixes,rewrite,,prefix_word,true,false,public/images/assessment/language/variants/prefixes-suffixes/rewrite-01.webp,,"Create a child-friendly morphology/context image for ""rewrite"". Show the meaning clearly without printed word parts. No text, labels, signs, speech bubbles, logos, or watermarks.",,Common workbook term useful for near-term skill expansion.,0,0,morphology_word_audio_optional_image,
wm-0606,P2,prefixes_suffixes,runner,,suffix_word,true,false,public/images/assessment/language/variants/prefixes-suffixes/runner-01.webp,,"Create a child-friendly morphology/context image for ""runner"". Show the meaning clearly without printed word parts. No text, labels, signs, speech bubbles, logos, or watermarks.",,Common workbook term useful for near-term skill expansion.,0,0,morphology_word_audio_optional_image,
wm-0607,P2,prefixes_suffixes,sadly,,suffix_word,true,false,public/images/assessment/language/variants/prefixes-suffixes/sadly-01.webp,,"Create a child-friendly morphology/context image for ""sadly"". Show the meaning clearly without printed word parts. No text, labels, signs, speech bubbles, logos, or watermarks.",,Common workbook term useful for near-term skill expansion.,0,0,morphology_word_audio_optional_image,
wm-0608,P2,prefixes_suffixes,sadness,,suffix_word,true,false,public/images/assessment/language/variants/prefixes-suffixes/sadness-01.webp,,"Create a child-friendly morphology/context image for ""sadness"". Show the meaning clearly without printed word parts. No text, labels, signs, speech bubbles, logos, or watermarks.",,Common workbook term useful for near-term skill expansion.,0,0,morphology_word_audio_optional_image,
wm-0609,P2,prefixes_suffixes,shortest,,suffix_word,true,false,public/images/assessment/language/variants/prefixes-suffixes/shortest-01.webp,,"Create a child-friendly morphology/context image for ""shortest"". Show the meaning clearly without printed word parts. No text, labels, signs, speech bubbles, logos, or watermarks.",,Common workbook term useful for near-term skill expansion.,0,0,morphology_word_audio_optional_image,
wm-0610,P2,prefixes_suffixes,singer,,suffix_word,true,false,public/images/assessment/language/variants/prefixes-suffixes/singer-01.webp,,"Create a child-friendly morphology/context image for ""singer"". Show the meaning clearly without printed word parts. No text, labels, signs, speech bubbles, logos, or watermarks.",,Common workbook term useful for near-term skill expansion.,0,0,morphology_word_audio_optional_image,
wm-0611,P2,prefixes_suffixes,slowest,,suffix_word,true,false,public/images/assessment/language/variants/prefixes-suffixes/slowest-01.webp,,"Create a child-friendly morphology/context image for ""slowest"". Show the meaning clearly without printed word parts. No text, labels, signs, speech bubbles, logos, or watermarks.",,Common workbook term useful for near-term skill expansion.,0,0,morphology_word_audio_optional_image,
wm-0612,P2,prefixes_suffixes,slowly,,suffix_word,true,false,public/images/assessment/language/variants/prefixes-suffixes/slowly-01.webp,,"Create a child-friendly morphology/context image for ""slowly"". Show the meaning clearly without printed word parts. No text, labels, signs, speech bubbles, logos, or watermarks.",,Common workbook term useful for near-term skill expansion.,0,0,morphology_word_audio_optional_image,
wm-0613,P2,prefixes_suffixes,smallest,,suffix_word,true,false,public/images/assessment/language/variants/prefixes-suffixes/smallest-01.webp,,"Create a child-friendly morphology/context image for ""smallest"". Show the meaning clearly without printed word parts. No text, labels, signs, speech bubbles, logos, or watermarks.",,Common workbook term useful for near-term skill expansion.,0,0,morphology_word_audio_optional_image,
wm-0614,P2,prefixes_suffixes,softly,,suffix_word,true,false,public/images/assessment/language/variants/prefixes-suffixes/softly-01.webp,,"Create a child-friendly morphology/context image for ""softly"". Show the meaning clearly without printed word parts. No text, labels, signs, speech bubbles, logos, or watermarks.",,Common workbook term useful for near-term skill expansion.,0,0,morphology_word_audio_optional_image,
wm-0615,P2,prefixes_suffixes,softness,,suffix_word,true,false,public/images/assessment/language/variants/prefixes-suffixes/softness-01.webp,,"Create a child-friendly morphology/context image for ""softness"". Show the meaning clearly without printed word parts. No text, labels, signs, speech bubbles, logos, or watermarks.",,Common workbook term useful for near-term skill expansion.,0,0,morphology_word_audio_optional_image,
wm-0616,P2,prefixes_suffixes,spotless,,suffix_word,true,false,public/images/assessment/language/variants/prefixes-suffixes/spotless-01.webp,,"Create a child-friendly morphology/context image for ""spotless"". Show the meaning clearly without printed word parts. No text, labels, signs, speech bubbles, logos, or watermarks.",,Common workbook term useful for near-term skill expansion.,0,0,morphology_word_audio_optional_image,
wm-0617,P2,prefixes_suffixes,statement,,suffix_word,true,false,public/images/assessment/language/variants/prefixes-suffixes/statement-01.webp,,"Create a child-friendly morphology/context image for ""statement"". Show the meaning clearly without printed word parts. No text, labels, signs, speech bubbles, logos, or watermarks.",,Common workbook term useful for near-term skill expansion.,0,0,morphology_word_audio_optional_image,
wm-0618,P2,prefixes_suffixes,subheading,,prefix_word,true,false,public/images/assessment/language/variants/prefixes-suffixes/subheading-01.webp,,"Create a child-friendly morphology/context image for ""subheading"". Show the meaning clearly without printed word parts. No text, labels, signs, speech bubbles, logos, or watermarks.",,Common workbook term useful for near-term skill expansion.,0,0,morphology_word_audio_optional_image,
wm-0619,P2,prefixes_suffixes,submerge,,prefix_word,true,false,public/images/assessment/language/variants/prefixes-suffixes/submerge-01.webp,,"Create a child-friendly morphology/context image for ""submerge"". Show the meaning clearly without printed word parts. No text, labels, signs, speech bubbles, logos, or watermarks.",,Common workbook term useful for near-term skill expansion.,0,0,morphology_word_audio_optional_image,
wm-0620,P2,prefixes_suffixes,subsoil,,prefix_word,true,false,public/images/assessment/language/variants/prefixes-suffixes/subsoil-01.webp,,"Create a child-friendly morphology/context image for ""subsoil"". Show the meaning clearly without printed word parts. No text, labels, signs, speech bubbles, logos, or watermarks.",,Common workbook term useful for near-term skill expansion.,0,0,morphology_word_audio_optional_image,
wm-0621,P2,prefixes_suffixes,subtitle,,prefix_word,true,false,public/images/assessment/language/variants/prefixes-suffixes/subtitle-01.webp,,"Create a child-friendly morphology/context image for ""subtitle"". Show the meaning clearly without printed word parts. No text, labels, signs, speech bubbles, logos, or watermarks.",,Common workbook term useful for near-term skill expansion.,0,0,morphology_word_audio_optional_image,
wm-0622,P2,prefixes_suffixes,subtract,,prefix_word,true,false,public/images/assessment/language/variants/prefixes-suffixes/subtract-01.webp,,"Create a child-friendly morphology/context image for ""subtract"". Show the meaning clearly without printed word parts. No text, labels, signs, speech bubbles, logos, or watermarks.",,Common workbook term useful for near-term skill expansion.,0,0,morphology_word_audio_optional_image,
wm-0623,P2,prefixes_suffixes,subway,,prefix_word,true,false,public/images/assessment/language/variants/prefixes-suffixes/subway-01.webp,,"Create a child-friendly morphology/context image for ""subway"". Show the meaning clearly without printed word parts. No text, labels, signs, speech bubbles, logos, or watermarks.",,Common workbook term useful for near-term skill expansion.,0,0,morphology_word_audio_optional_image,
wm-0624,P2,prefixes_suffixes,subzero,,prefix_word,true,false,public/images/assessment/language/variants/prefixes-suffixes/subzero-01.webp,,"Create a child-friendly morphology/context image for ""subzero"". Show the meaning clearly without printed word parts. No text, labels, signs, speech bubbles, logos, or watermarks.",,Common workbook term useful for near-term skill expansion.,0,0,morphology_word_audio_optional_image,
wm-0625,P2,prefixes_suffixes,tallest,,suffix_word,true,false,public/images/assessment/language/variants/prefixes-suffixes/tallest-01.webp,,"Create a child-friendly morphology/context image for ""tallest"". Show the meaning clearly without printed word parts. No text, labels, signs, speech bubbles, logos, or watermarks.",,Common workbook term useful for near-term skill expansion.,0,0,morphology_word_audio_optional_image,
wm-0626,P2,prefixes_suffixes,teachable,,suffix_word,true,false,public/images/assessment/language/variants/prefixes-suffixes/teachable-01.webp,,"Create a child-friendly morphology/context image for ""teachable"". Show the meaning clearly without printed word parts. No text, labels, signs, speech bubbles, logos, or watermarks.",,Common workbook term useful for near-term skill expansion.,0,0,morphology_word_audio_optional_image,
wm-0627,P2,prefixes_suffixes,thankful,,suffix_word,true,false,public/images/assessment/language/variants/prefixes-suffixes/thankful-01.webp,,"Create a child-friendly morphology/context image for ""thankful"". Show the meaning clearly without printed word parts. No text, labels, signs, speech bubbles, logos, or watermarks.",,Common workbook term useful for near-term skill expansion.,0,0,morphology_word_audio_optional_image,
wm-0628,P2,prefixes_suffixes,toothless,,suffix_word,true,false,public/images/assessment/language/variants/prefixes-suffixes/toothless-01.webp,,"Create a child-friendly morphology/context image for ""toothless"". Show the meaning clearly without printed word parts. No text, labels, signs, speech bubbles, logos, or watermarks.",,Common workbook term useful for near-term skill expansion.,0,0,morphology_word_audio_optional_image,
wm-0629,P2,prefixes_suffixes,treatment,,suffix_word,true,false,public/images/assessment/language/variants/prefixes-suffixes/treatment-01.webp,,"Create a child-friendly morphology/context image for ""treatment"". Show the meaning clearly without printed word parts. No text, labels, signs, speech bubbles, logos, or watermarks.",,Common workbook term useful for near-term skill expansion.,0,0,morphology_word_audio_optional_image,
wm-0630,P2,prefixes_suffixes,trees,,suffix_word,true,false,public/images/assessment/language/variants/prefixes-suffixes/trees-01.webp,,"Create a child-friendly morphology/context image for ""trees"". Show the meaning clearly without printed word parts. No text, labels, signs, speech bubbles, logos, or watermarks.",,Common workbook term useful for near-term skill expansion.,0,0,morphology_word_audio_optional_image,
wm-0631,P2,prefixes_suffixes,tricolor,,prefix_word,true,false,public/images/assessment/language/variants/prefixes-suffixes/tricolor-01.webp,,"Create a child-friendly morphology/context image for ""tricolor"". Show the meaning clearly without printed word parts. No text, labels, signs, speech bubbles, logos, or watermarks.",,Common workbook term useful for near-term skill expansion.,0,0,morphology_word_audio_optional_image,
wm-0632,P2,prefixes_suffixes,tricycle,,prefix_word,true,false,public/images/assessment/language/variants/prefixes-suffixes/tricycle-01.webp,,"Create a child-friendly morphology/context image for ""tricycle"". Show the meaning clearly without printed word parts. No text, labels, signs, speech bubbles, logos, or watermarks.",,Common workbook term useful for near-term skill expansion.,0,0,morphology_word_audio_optional_image,
wm-0633,P2,prefixes_suffixes,trio,,prefix_word,true,false,public/images/assessment/language/variants/prefixes-suffixes/trio-01.webp,,"Create a child-friendly morphology/context image for ""trio"". Show the meaning clearly without printed word parts. No text, labels, signs, speech bubbles, logos, or watermarks.",,Common workbook term useful for near-term skill expansion.,0,0,morphology_word_audio_optional_image,
wm-0634,P2,prefixes_suffixes,triple,,prefix_word,true,false,public/images/assessment/language/variants/prefixes-suffixes/triple-01.webp,,"Create a child-friendly morphology/context image for ""triple"". Show the meaning clearly without printed word parts. No text, labels, signs, speech bubbles, logos, or watermarks.",,Common workbook term useful for near-term skill expansion.,0,0,morphology_word_audio_optional_image,
wm-0635,P2,prefixes_suffixes,tripod,,prefix_word,true,false,public/images/assessment/language/variants/prefixes-suffixes/tripod-01.webp,,"Create a child-friendly morphology/context image for ""tripod"". Show the meaning clearly without printed word parts. No text, labels, signs, speech bubbles, logos, or watermarks.",,Common workbook term useful for near-term skill expansion.,0,0,morphology_word_audio_optional_image,
wm-0636,P2,prefixes_suffixes,uncover,,prefix_word,true,false,public/images/assessment/language/variants/prefixes-suffixes/uncover-01.webp,,"Create a child-friendly morphology/context image for ""uncover"". Show the meaning clearly without printed word parts. No text, labels, signs, speech bubbles, logos, or watermarks.",,Common workbook term useful for near-term skill expansion.,0,0,morphology_word_audio_optional_image,
wm-0637,P2,prefixes_suffixes,underarm,,prefix_word,true,false,public/images/assessment/language/variants/prefixes-suffixes/underarm-01.webp,,"Create a child-friendly morphology/context image for ""underarm"". Show the meaning clearly without printed word parts. No text, labels, signs, speech bubbles, logos, or watermarks.",,Common workbook term useful for near-term skill expansion.,0,0,morphology_word_audio_optional_image,
wm-0638,P2,prefixes_suffixes,undercover,,prefix_word,true,false,public/images/assessment/language/variants/prefixes-suffixes/undercover-01.webp,,"Create a child-friendly morphology/context image for ""undercover"". Show the meaning clearly without printed word parts. No text, labels, signs, speech bubbles, logos, or watermarks.",,Common workbook term useful for near-term skill expansion.,0,0,morphology_word_audio_optional_image,
wm-0639,P2,prefixes_suffixes,underestimate,,prefix_word,true,false,public/images/assessment/language/variants/prefixes-suffixes/underestimate-01.webp,,"Create a child-friendly morphology/context image for ""underestimate"". Show the meaning clearly without printed word parts. No text, labels, signs, speech bubbles, logos, or watermarks.",,Common workbook term useful for near-term skill expansion.,0,0,morphology_word_audio_optional_image,
wm-0640,P2,prefixes_suffixes,underfed,,prefix_word,true,false,public/images/assessment/language/variants/prefixes-suffixes/underfed-01.webp,,"Create a child-friendly morphology/context image for ""underfed"". Show the meaning clearly without printed word parts. No text, labels, signs, speech bubbles, logos, or watermarks.",,Common workbook term useful for near-term skill expansion.,0,0,morphology_word_audio_optional_image,
wm-0641,P2,prefixes_suffixes,underline,,prefix_word,true,false,public/images/assessment/language/variants/prefixes-suffixes/underline-01.webp,,"Create a child-friendly morphology/context image for ""underline"". Show the meaning clearly without printed word parts. No text, labels, signs, speech bubbles, logos, or watermarks.",,Common workbook term useful for near-term skill expansion.,0,0,morphology_word_audio_optional_image,
wm-0642,P2,prefixes_suffixes,underpaid,,prefix_word,true,false,public/images/assessment/language/variants/prefixes-suffixes/underpaid-01.webp,,"Create a child-friendly morphology/context image for ""underpaid"". Show the meaning clearly without printed word parts. No text, labels, signs, speech bubbles, logos, or watermarks.",,Common workbook term useful for near-term skill expansion.,0,0,morphology_word_audio_optional_image,
wm-0643,P2,prefixes_suffixes,underpass,,prefix_word,true,false,public/images/assessment/language/variants/prefixes-suffixes/underpass-01.webp,,"Create a child-friendly morphology/context image for ""underpass"". Show the meaning clearly without printed word parts. No text, labels, signs, speech bubbles, logos, or watermarks.",,Common workbook term useful for near-term skill expansion.,0,0,morphology_word_audio_optional_image,
wm-0644,P2,prefixes_suffixes,undersea,,prefix_word,true,false,public/images/assessment/language/variants/prefixes-suffixes/undersea-01.webp,,"Create a child-friendly morphology/context image for ""undersea"". Show the meaning clearly without printed word parts. No text, labels, signs, speech bubbles, logos, or watermarks.",,Common workbook term useful for near-term skill expansion.,0,0,morphology_word_audio_optional_image,
wm-0645,P2,prefixes_suffixes,underwater,,prefix_word,true,false,public/images/assessment/language/variants/prefixes-suffixes/underwater-01.webp,,"Create a child-friendly morphology/context image for ""underwater"". Show the meaning clearly without printed word parts. No text, labels, signs, speech bubbles, logos, or watermarks.",,Common workbook term useful for near-term skill expansion.,0,0,morphology_word_audio_optional_image,
wm-0646,P2,prefixes_suffixes,undo,,prefix_word,true,false,public/images/assessment/language/variants/prefixes-suffixes/undo-01.webp,,"Create a child-friendly morphology/context image for ""undo"". Show the meaning clearly without printed word parts. No text, labels, signs, speech bubbles, logos, or watermarks.",,Common workbook term useful for near-term skill expansion.,0,0,morphology_word_audio_optional_image,
wm-0647,P2,prefixes_suffixes,unfair,,prefix_word,true,false,public/images/assessment/language/variants/prefixes-suffixes/unfair-01.webp,,"Create a child-friendly morphology/context image for ""unfair"". Show the meaning clearly without printed word parts. No text, labels, signs, speech bubbles, logos, or watermarks.",,Common workbook term useful for near-term skill expansion.,0,0,morphology_word_audio_optional_image,
wm-0648,P2,prefixes_suffixes,unfold,,prefix_word,true,false,public/images/assessment/language/variants/prefixes-suffixes/unfold-01.webp,,"Create a child-friendly morphology/context image for ""unfold"". Show the meaning clearly without printed word parts. No text, labels, signs, speech bubbles, logos, or watermarks.",,Common workbook term useful for near-term skill expansion.,0,0,morphology_word_audio_optional_image,
wm-0649,P2,prefixes_suffixes,unhappy,,prefix_word,true,false,public/images/assessment/language/variants/prefixes-suffixes/unhappy-01.webp,,"Create a child-friendly morphology/context image for ""unhappy"". Show the meaning clearly without printed word parts. No text, labels, signs, speech bubbles, logos, or watermarks.",,Common workbook term useful for near-term skill expansion.,0,0,morphology_word_audio_optional_image,
wm-0650,P2,prefixes_suffixes,unkind,,prefix_word,true,false,public/images/assessment/language/variants/prefixes-suffixes/unkind-01.webp,,"Create a child-friendly morphology/context image for ""unkind"". Show the meaning clearly without printed word parts. No text, labels, signs, speech bubbles, logos, or watermarks.",,Common workbook term useful for near-term skill expansion.,0,0,morphology_word_audio_optional_image,
wm-0651,P2,prefixes_suffixes,unlock,,prefix_word,true,false,public/images/assessment/language/variants/prefixes-suffixes/unlock-01.webp,,"Create a child-friendly morphology/context image for ""unlock"". Show the meaning clearly without printed word parts. No text, labels, signs, speech bubbles, logos, or watermarks.",,Common workbook term useful for near-term skill expansion.,0,0,morphology_word_audio_optional_image,
wm-0652,P2,prefixes_suffixes,unpack,,prefix_word,true,false,public/images/assessment/language/variants/prefixes-suffixes/unpack-01.webp,,"Create a child-friendly morphology/context image for ""unpack"". Show the meaning clearly without printed word parts. No text, labels, signs, speech bubbles, logos, or watermarks.",,Common workbook term useful for near-term skill expansion.,0,0,morphology_word_audio_optional_image,
wm-0653,P2,prefixes_suffixes,unsafe,,prefix_word,true,false,public/images/assessment/language/variants/prefixes-suffixes/unsafe-01.webp,,"Create a child-friendly morphology/context image for ""unsafe"". Show the meaning clearly without printed word parts. No text, labels, signs, speech bubbles, logos, or watermarks.",,Common workbook term useful for near-term skill expansion.,0,0,morphology_word_audio_optional_image,
wm-0654,P2,prefixes_suffixes,untie,,prefix_word,true,false,public/images/assessment/language/variants/prefixes-suffixes/untie-01.webp,,"Create a child-friendly morphology/context image for ""untie"". Show the meaning clearly without printed word parts. No text, labels, signs, speech bubbles, logos, or watermarks.",,Common workbook term useful for near-term skill expansion.,0,0,morphology_word_audio_optional_image,
wm-0655,P2,prefixes_suffixes,unwell,,prefix_word,true,false,public/images/assessment/language/variants/prefixes-suffixes/unwell-01.webp,,"Create a child-friendly morphology/context image for ""unwell"". Show the meaning clearly without printed word parts. No text, labels, signs, speech bubbles, logos, or watermarks.",,Common workbook term useful for near-term skill expansion.,0,0,morphology_word_audio_optional_image,
wm-0656,P2,prefixes_suffixes,unzip,,prefix_word,true,false,public/images/assessment/language/variants/prefixes-suffixes/unzip-01.webp,,"Create a child-friendly morphology/context image for ""unzip"". Show the meaning clearly without printed word parts. No text, labels, signs, speech bubbles, logos, or watermarks.",,Common workbook term useful for near-term skill expansion.,0,0,morphology_word_audio_optional_image,
wm-0657,P2,prefixes_suffixes,usable,,suffix_word,true,false,public/images/assessment/language/variants/prefixes-suffixes/usable-01.webp,,"Create a child-friendly morphology/context image for ""usable"". Show the meaning clearly without printed word parts. No text, labels, signs, speech bubbles, logos, or watermarks.",,Common workbook term useful for near-term skill expansion.,0,0,morphology_word_audio_optional_image,
wm-0658,P2,prefixes_suffixes,useful,,suffix_word,true,false,public/images/assessment/language/variants/prefixes-suffixes/useful-01.webp,,"Create a child-friendly morphology/context image for ""useful"". Show the meaning clearly without printed word parts. No text, labels, signs, speech bubbles, logos, or watermarks.",,Common workbook term useful for near-term skill expansion.,0,0,morphology_word_audio_optional_image,
wm-0659,P2,prefixes_suffixes,useless,,suffix_word,true,false,public/images/assessment/language/variants/prefixes-suffixes/useless-01.webp,,"Create a child-friendly morphology/context image for ""useless"". Show the meaning clearly without printed word parts. No text, labels, signs, speech bubbles, logos, or watermarks.",,Common workbook term useful for near-term skill expansion.,0,0,morphology_word_audio_optional_image,
wm-0660,P2,prefixes_suffixes,washable,,suffix_word,true,false,public/images/assessment/language/variants/prefixes-suffixes/washable-01.webp,,"Create a child-friendly morphology/context image for ""washable"". Show the meaning clearly without printed word parts. No text, labels, signs, speech bubbles, logos, or watermarks.",,Common workbook term useful for near-term skill expansion.,0,0,morphology_word_audio_optional_image,
wm-0661,P2,prefixes_suffixes,weakness,,suffix_word,true,false,public/images/assessment/language/variants/prefixes-suffixes/weakness-01.webp,,"Create a child-friendly morphology/context image for ""weakness"". Show the meaning clearly without printed word parts. No text, labels, signs, speech bubbles, logos, or watermarks.",,Common workbook term useful for near-term skill expansion.,0,0,morphology_word_audio_optional_image,
wm-0662,P2,prefixes_suffixes,wonderful,,suffix_word,true,false,public/images/assessment/language/variants/prefixes-suffixes/wonderful-01.webp,,"Create a child-friendly morphology/context image for ""wonderful"". Show the meaning clearly without printed word parts. No text, labels, signs, speech bubbles, logos, or watermarks.",,Common workbook term useful for near-term skill expansion.,0,0,morphology_word_audio_optional_image,
wm-0663,P2,prefixes_suffixes,writer,,suffix_word,true,false,public/images/assessment/language/variants/prefixes-suffixes/writer-01.webp,,"Create a child-friendly morphology/context image for ""writer"". Show the meaning clearly without printed word parts. No text, labels, signs, speech bubbles, logos, or watermarks.",,Common workbook term useful for near-term skill expansion.,0,0,morphology_word_audio_optional_image,
wm-0664,P2,prefixes_suffixes,writing,,suffix_word,true,false,public/images/assessment/language/variants/prefixes-suffixes/writing-01.webp,,"Create a child-friendly morphology/context image for ""writing"". Show the meaning clearly without printed word parts. No text, labels, signs, speech bubbles, logos, or watermarks.",,Common workbook term useful for near-term skill expansion.,0,0,morphology_word_audio_optional_image,
wm-0665,P2,prepositions,into,,preposition_scene,true,false,public/images/assessment/language/variants/prepositions/into-01.webp,,"Create a simple child-friendly spatial scene for the preposition target ""into"". Use familiar objects and make the relation unmistakable. No text, labels, signs, speech bubbles, logos, or watermarks.",,Common workbook term useful for near-term skill expansion.,0,1,preposition_spatial_scene,
wm-0666,P2,prepositions,out of,,preposition_scene,true,false,public/images/assessment/language/variants/prepositions/out-of-01.webp,,"Create a simple child-friendly spatial scene for the preposition target ""out of"". Use familiar objects and make the relation unmistakable. No text, labels, signs, speech bubbles, logos, or watermarks.",,Common workbook term useful for near-term skill expansion.,0,0,preposition_spatial_scene,
wm-0667,P4,antonyms_synonyms,dead,dead/alive,antonym,true,false,public/images/assessment/language/variants/antonyms-synonyms/dead-alive-01.webp,,"Create a clear child-friendly context image for the antonym pair ""dead/alive"". If antonym, show a matched contrast. If synonym, show one scene where both meanings make sense. No text, labels, signs, speech bubbles, logos, or watermarks.",,Do not request now: inappropriate or unsafe for K-5 assessment.,0,0,visual_word_pair_or_sentence_context,"Phase gap remains: {""L1P1"":25,""L1P2"":11,""L2P1"":49,""L2P2"":125}"
